train/explained_variance,parameters/mlp_extractor.policy_net.2.bias,_runtime,time/fps,gradients/action_net.bias,train/policy_gradient_loss,sr2l/update_counter,parameters/mlp_extractor.policy_net.2.weight,parameters/action_net.bias,train/clip_range,gradients/mlp_extractor.value_net.2.bias,train/clip_fraction,global_step,robot/x_position,gradients/log_std,gradients/value_net.weight,parameters/action_net.weight,_timestamp,gradients/mlp_extractor.value_net.0.weight,sr2l/current_lambda,gradients/mlp_extractor.policy_net.0.weight,parameters/mlp_extractor.value_net.2.weight,parameters/mlp_extractor.value_net.0.weight,parameters/log_std,gradients/mlp_extractor.value_net.0.bias,rollout/ep_rew_mean,gradients/mlp_extractor.policy_net.2.bias,train/std,train/value_loss,curriculum/current_phase,robot/velocity_ms,sr2l/loss,gradients/action_net.weight,parameters/mlp_extractor.value_net.2.bias,gradients/mlp_extractor.value_net.2.weight,parameters/value_net.weight,gradients/mlp_extractor.policy_net.2.weight,train/entropy_loss,rollout/ep_len_mean,gradients/value_net.bias,sr2l/smoothness_score,parameters/value_net.bias,_step,train/approx_kl,sr2l/perturbation_std,gradients/mlp_extractor.policy_net.0.bias,parameters/mlp_extractor.value_net.0.bias,parameters/mlp_extractor.policy_net.0.bias,train/learning_rate,parameters/mlp_extractor.policy_net.0.weight,sr2l/curriculum_progress,robot/height,robot/total_distance
,,131.384758368,,,,,,,,,,71680.0,,,,,1761508258.5773351,,,,,,,,,,0.998104,,,,,,,,,,,,,,,788,,,,,,,,,,
,,161.40686558,,,,,,,,,,90112.0,,,,,1761508285.4964004,,,,,,,,28250.25,,,,,,,,,,,,,,,,,980,,,,,,,,,,
,,321.534486618,,,,,,,,,,200704.0,,,,,1761508448.8581078,,,,,,,,,,,,,,15.145165,,,,,,,,,,,2225,,,,,,,,,,
0.7429379,,376.578639724,,,,,,,,,,237568.0,,,,,1761508503.3334198,,,,,,,,,,,,,,,,,,,,,,,,,2648,,,,,,,,,,
,,756.877627666,674.0,,,,,,,,,493568.0,,,,,1761508881.617848,,,,,,,,,,,,,,,,,,,,,,,,,5518,,,,,,,,,,
,,801.91319722,,,,,,,,,,524288.0,,,,,1761508926.9241724,,,,,,,,,,,,,,,,,,,,,,,,,5864,0.008862368,,,,,,,,,
,,997.07329299,,,,,,,,,,655360.0,,,,,1761509120.6261787,,,,,,,,193907.69,,,,,,,,,,,,,,,,,7328,,,,,,,,,,
,,1147.200495337,,,,,,,,,,759808.0,,,,,1761509274.9311018,,,,,,,,207630.56,,,,,,,,,,,,,,,,,8501,,,,,,,,,,
,,1302.327214439,,,,,,,,,,862208.0,,,,,1761509426.192353,,,,,,,,,,,,,,,,,,,,,,,,,9653,,,,,,,,0.001344,,
,,1382.393935779,,,,,,,,,,917504.0,,,,,1761509507.9025846,,,,,,,,,,,,0.0,,,,,,,,,,,,,10266,,,,,,,,,,
,,1427.430159508,,,,,,,0.15,,,948224.0,,,,,1761509553.3457208,,,,,,,,,,,,,,,,,,,,,,,,,10627,,,,,,,,,,
,,1507.494117744,,,,,,,,,,1001472.0,,,,,1761509632.4743392,,1.5616e-06,,,,,,,,,,,,,,,,,,,,,,,11216,,,,,,,,,,
0.88606024,,1687.630482922,,,,,,,,,,1124352.0,,,,,1761509814.564789,,,,,,,,,,,,,,,,,,,,,,,,,12607,,,,,,,,,,
,,1777.705291081,,,,,,,,,,1185792.0,,,,,1761509905.337651,,,,,,,,,,,,,,,,,,,,,1000.0,,,,13284,,,,,,,,,,
,,1817.736832781,675.0,,,,,,,,,1212416.0,,,,,1761509944.6105056,,,,,,,,,,,,,,,,,,,,,,,,,13591,,,,,,,,,,
,,2092.954219802,,,,,,,,,,1396736.0,,,,,1761510217.0914237,,,,,,,,,,,,,,6.260915,,,,,,,,,,,15657,,,,,,,,,,
,,2173.019982831,675.0,,,,,,,,,1452032.0,,,,,1761510298.9133847,,,,,,,,,,,,,,,,,,,,,,,,,16282,,,,,,,,,,
,,2458.245750996,,,,,,,,,,1644544.0,,,,,1761510583.4167316,,,,,,,,,,,,,,,,,,,,,,,,,18433,,,,,,,,,,5.504259
,,2498.274733921,,,,,,,,,,1673216.0,,,,,1761510625.916363,,,,,,,,,,,,,,,,,,,,,1000.0,,,,18758,,,,,,,,,,
,,2613.361604535,,,,,,,,,,1751040.0,,,,,1761510740.902281,,,,,,,,,,,,,,,,,,,,,,,,,19635,,,,,,,,0.0027328,,
,,2783.488119795,,,,,,,,,,1865728.0,,,,,1761510910.9159143,,,,,,,,,,,,,,,,,,,,,1000.0,,,,20920,,,,,,,,,,
,,2858.548228,,,,,,,,,,1916928.0,,,,,1761510986.7296412,,,,,,,,,,,,,,,,,,,,,,,,,21500,,0.01,,,,,,,,
,,2898.580847659,,,,15168.0,,,,,,1943552.0,,,,,1761511025.9981215,,,,,,,,,,,,,,,,,,,,,,,,,21801,,,,,,,,,,
,,2943.615436473,,,,,,,,,,1974272.0,,,,,1761511071.3782325,,,,,,,,,,,,,,,,,,,,,,,,,22135,,,,,,,,,0.16001898,
,,2943.615566616,,,,,,,,,,1974272.0,,,,,1761511071.3782945,,,,,,,,252734.39,,,,,,,,,,,,,,,,,22140,,,,,,,,,,
,,3098.743762777,,,,,,,,,,2078720.0,,,,,1761511225.795523,,,,,,,,,,,,,0.35770965,,,,,,,,,,,,23310,,,,,,,,,,
,,3158.792189879,,,,,,,,,,2119680.0,,,,,1761511285.91295,,,,,,,,,,,,,,4.391243,,,,,,,,,,,23776,,,,,,,,,,
,,3198.828458793,,,,,,,,,,2146304.0,,,,,1761511325.245746,,,,,,,,,,0.5132706,,,,,,,,,,,,,,,24087,,,,,,,,,,
,,3549.107605333,,,,,,,,,,2381824.0,,,,,1761511673.1375365,,,,,,,,,,,,,,,,,,,,,,,,,26721,,0.01,,,,,,,,
,,3589.138585722,,,,,,,,,,2408448.0,,,,,1761511712.4526525,,,,,,,,,,,,,,,,,,,,,,,,,27020,,0.01,,,,,,,,
,,3624.168049112,,,,,,,,,,2435072.0,,,,,1761511751.6335764,,,,,,,,,,,,,,,,,,,,,1000.0,,,,27314,,,,,,,,,,
,,3829.333657154,,,,,,,,,,2572288.0,2.5147762,,,,1761511954.099956,,,,,,,,,,,,,,,,,,,,,,,,,28854,,,,,,,,,,
,,3959.440612601,,,,,,,,,,2662400.0,,,,,1761512086.7050297,,,,,,,,,,,,,,3.5221627,,,,,,,,,,,29871,,,,,,,,,,
,,4159.60549861,,,,,,,,,,2795520.0,,,,,1761512283.1821294,,,,,,,,,,,,,,,,,,,,,,,,,31371,0.012275366,,,,,,,,,
,,4474.849417524,,,,,,,,,,3010560.0,,,,,1761512600.4905965,,,,,,,,270455.06,,,,,,,,,,,,,,,,,33778,,,,,,,,,,
,,4514.884473432,,,,,,,,,,3039232.0,,,,,1761512642.767804,,,,,,,,,,,,,,,,,,,,,,,,,34108,0.0127938455,,,,,,,,,
,,4554.915057133,,,,,,,,,,3063808.0,,,,,1761512679.09087,,,,,,,,,,,,,,,,,,,,,,,,,34371,,,,,,,,,0.14833301,
,,4780.102343376,,,,,,,,,,3217408.0,,,,,1761512905.925632,,,,,,,,,,,,,,,,,,,,-4.264042,,,,,36112,,,,,,,,,,
,,4950.244548053,,,,,,,,,,3334144.0,,,,,1761513078.3263047,,,,,,,,,,,0.0035794599,,,,,,,,,,,,,,37428,,,,,,,,,,
,,5295.523995836,,,,,,,,,,3567616.0,,,,,1761513423.6949837,,,,,,,,,,,,,,,,,,,,,,,,,40042,0.013786219,,,,,,,,,
,,5445.64108715,,,,,,,,,,3667968.0,,,,,1761513571.954451,,,,,,,,,,,,,,2.5773232,,,,,,,,,,,41164,,,,,,,,,,
,,5480.668675316,,,,,,,,,,3692544.0,,,,,1761513608.4245307,,,,,,,,,,,,,,,,,,,,-3.7175043,,,,,41448,,,,,,,,,,
,,5605.765798799,,,,,,,,,,3774464.0,,,,,1761513729.3062935,,,,,,,,,,,,,,,,,,,,,,,,,42352,,,,,,,,,0.1488895,
0.9597083,,5655.811739806,,,,,,,,,,3811328.0,,,,,1761513783.9351175,,,,,,,,,,,,,,,,,,,,,,,,,42783,,,,,,,,,,
,,5710.84864424,,,,,,,,,0.1821696,3848192.0,,,,,1761513838.3691704,,,,,,,,,,,,,,,,,,,,,,,,,43194,,,,,,,,,,
,,5750.8787079,,,,,,,,,,3874816.0,,,,,1761513877.5764768,,,,,,,,,,,0.008642952,,,,,,,,,,,,,,43500,,,,,,,,,,
,,6036.109874455,,,,,,,,,,4069376.0,,,,,1761514163.9531898,,,,,,,,264475.44,,,,,,,,,,,,,,,,,45669,,,,,,,,,,
,,6101.162658863,,,,,,,,,0.20365398,4112384.0,,,,,1761514227.5559285,,,,,,,,,,,,,,,,,,,,,,,,,46161,,,,,,,,,,
,,6206.243583178,,,,,,,,,,4182016.0,,,,,1761514330.3277092,,,,,,,,,,,,,,,,,,,,,,,,,46929,,,,,,,,,0.13478144,
,,6276.299802318,676.0,,,,,,,,,4229120.0,,,,,1761514399.930249,,,,,,,,,,,,,,,,,,,,,,,,,47470,,,,,,,,,,
0.9065245,,6321.336350494,,,,,,,,,,4259840.0,,,,,1761514445.4051325,,,,,,,,,,,,,,,,,,,,,,,,,47820,,,,,,,,,,
,,6416.413566113,,,,,,,0.15,,,4325376.0,,,,,1761514542.5356133,,,,,,,,,,,,,,,,,,,,,,,,,48554,,,,,,,,,,
,,6426.423961017,,,,,,,,,,4331520.0,,,,,1761514551.542188,,,,,,,,,,,,,,2.183608,,,,,,,,,,,48616,,,,,,,,,,
,,6466.453597452,,,,,,,,,,4360192.0,,,,,1761514593.9313467,,,,,,,,,,0.35964745,,,,,,,,,,,,,,,48950,,,,,,,,,,
,,6606.561044,,,,,,,,,,4454400.0,,,,,1761514733.138577,,,,,,,,,,0.35680312,,,,,,,,,,,,,,,50008,,,,,,,,,,
,,6726.655693626,,,,,,,,,,4534272.0,2.6168008,,,,1761514851.89546,,,,,,,,,,,,,,,,,,,,,,,,,50888,,,,,,,,,,
,,6836.745282839,,,,,,,,,,4610048.0,,,,,1761514963.9652596,,,,,,,,278386.5,,,,,,,,,,,,,,,,,51741,,,,,,,,,,
,,6991.878800428,,,,,,,,,,4714496.0,,,,,1761515118.1825175,,7.3632e-06,,,,,,,,,,,,,,,,,,,,,,,52915,,,,,,,,,,
,,7157.017548863,,,,,,,,,,4825088.0,,,,,1761515280.9343402,,,,,,,,,,,,,0.13794518,,,,,,,,,,,,54153,,,,,,,,,,
,,7347.16554464,,,,,,,,,,4954112.0,,,,,1761515471.1190321,,,,,,,,,,,,,,1.8795946,,,,,,,,,,,55608,,,,,,,,,,
,,7382.19474913,,,,,,,,,,4980736.0,,,,,1761515510.3677495,,7.7792e-06,,,,,,,,,,,,,,,,,,,,,,,55905,,,,,,,,,,
,,7432.236830605,,,,,,,,,,5011456.0,,,,,1761515555.916686,,,,,,,,,,,,,,,,,,,,,,,,,56244,,,,,,,,,0.1423527,
,,7577.360575864,,,,,,,0.15,,,5111808.0,,,,,1761515704.1159818,,,,,,,,,,,,,,,,,,,,,,,,,57386,,,,,,,,,,
,,7672.440169707,,,,,,,,,0.24092612,5175296.0,,,,,1761515797.723396,,,,,,,,,,,,,,,,,,,,,,,,,58098,,,,,,,,,,
,,7697.461193148,,,,,,,,,,5191680.0,,,,,1761515821.9037209,,,,,,,,,,,,,,,,,,,,,,,,,58275,,,,,,,,0.0081088,,
,,7887.609301847,,,,,,,,,,5320704.0,,,,,1761516012.1100008,,,,,,,,,,,0.0021221978,,,,,,,,,,,,,,59738,,,,,,,,,,
,,7957.659457777,676.0,,,,,,,,,5369856.0,,,,,1761516084.4377677,,,,,,,,,,,,,,,,,,,,,,,,,60281,,,,,,,,,,
,,8047.728434372,,,,,,,,,,5429248.0,,,,,1761516171.8650405,,,,,,,,273357.1,,,,,,,,,,,,,,,,,60941,,,,,,,,,,
,,8142.799682512,,,,,,,,,,5492736.0,,,,,1761516266.1541142,,,,,,,,,,,,,,,,,,,,,,,,,61658,,0.01,,,,,,,,
,,8157.811972404,,,,,,,,,,5505024.0,,,,,1761516284.73926,,,,,,,,,,,,,,,,,,,,,,,,,61800,0.01357677,,,,,,,,,
,,8177.827131977,,,,,,,,,0.13692221,5517312.0,,,,,1761516303.1873364,,,,,,,,,,,,,,,,,,,,,,,,,61939,,,,,,,,,,
,,8262.933187991,,,-0.018873543,,,,,,,5574656.0,,,,,1761516389.976542,,,,,,,,,,,,,,,,,,,,,,,,,62588,,,,,,,,,,
,,8272.94158241,,,,,,,,,,5580800.0,,,,,1761516399.0373695,,8.7168e-06,,,,,,,,,,,,,,,,,,,,,,,62644,,,,,,,,,,
0.86873823,,8302.968989895,,,,,,,,,,5599232.0,,,,,1761516426.298569,,,,,,,,,,,,,,,,,,,,,,,,,62862,,,,,,,,,,
,,8443.104569837,,,,,,,,,,5697536.0,,,,,1761516571.3340416,,,,,,,,,,,0.0027994846,,,,,,,,,,,,,,63970,,,,,,,,,,
,,8488.145722942,,,,,,,,,,5726208.0,,,,,1761516613.4445574,,,,,,,,,,,,,,,,,,,,,,,,,64272,,,,,,,,,,1.7346328
,,8498.153946925,,,,,,,,,,5732352.0,,,,,1761516622.5154474,,,,,,,,,,,0.025822459,,,,,,,,,,,,,,64361,,,,,,,,,,
,,8603.239292035,,,,,,,,,,5804032.0,,,,,1761516728.274487,,,,,,,,,,,,0.0,,,,,,,,,,,,,65144,,,,,,,,,,
,,8708.325284898,,,,,,,,,,5875712.0,,,,,1761516834.134641,,,,,,,,,,,,0.0,,,,,,,,,,,,,65949,,,,,,,,,,
,,8763.367963836,,,,,,,,,,5912576.0,,,,,1761516888.2982502,,,,,,,,,,,,,,,,,,,,,,,,,66364,,,,,,,,,0.13104284,
0.94046104,,8843.432410102,,,,,,,,,,5965824.0,,,,,1761516966.7858207,,,,,,,,,,,,,,,,,,,,,,,,,66979,,,,,,,,,,
,,9063.608988684,,,,,,,,,,6115328.0,,,,,1761517187.9626448,,,,,,,,,,,,,,,,,,,,,,,,,68642,,,,,,,,,,3.318315
,,9138.673928521,,,,,,,,,,6166528.0,,,,,1761517263.353842,,,,,,,,,,0.29311508,,,,,,,,,,,,,,,69236,,,,,,,,,,
,,9238.753373907,,,,,,,,,,6234112.0,,,,,1761517363.4684377,,,,,,,,,,,,,,,,,,,,,,,0.40317476,,69985,,,,,,,,,,
,,9338.83561686,,,,49232.0,,,,,,6303744.0,,,,,1761517466.1060803,,,,,,,,,,,,,,,,,,,,,,,,,70768,,,,,,,,,,
,,9378.868789186,,,-0.017918354,,,,,,,6330368.0,,,,,1761517505.2894814,,,,,,,,,,,,,,,,,,,,,,,,,71075,,,,,,,,,,
,,9589.032814563,,,,,,,,,,6471680.0,,,,,1761517714.5344112,,,,,,,,,,,,,-0.019525995,,,,,,,,,,,,72645,,,,,,,,,,
,,9619.058570527,,,,,,,,,,6492160.0,,,,,1761517744.8816726,,,,,,,,,,,,0.0,,,,,,,,,,,,,72872,,,,,,,,,,
,,9654.088424983,676.0,,,,,,,,,6514688.0,,,,,1761517778.0577579,,,,,,,,,,,,,,,,,,,,,,,,,73138,,,,,,,,,,
0.987192,,9809.212712309,,,,,,,,,,6619136.0,,,,,1761517932.5821934,,,,,,,,,,,,,,,,,,,,,,,,,74316,,,,,,,,,,
0.99761134,,9939.31209516,,,,,,,,,,6707200.0,,,,,1761518063.369268,,,,,,,,,,,,,,,,,,,,,,,,,75305,,,,,,,,,,
,,10164.494696234,,,,,,,,,,6858752.0,,,,,1761518289.7217252,,,,,,,,,,,,,,,,,,,,-0.5770103,,,,,77006,,,,,,,,,,
0.8714544,,10239.55691396,,,,,,,,,,6909952.0,,,,,1761518365.7992432,,,,,,,,,,,,,,,,,,,,,,,,,77582,,,,,,,,,,
,,10339.637971944,,,,,,,,,,6977536.0,,,,,1761518466.05844,,,,,,,,,,,,,,,,,,,,,,,0.4355175,,78334,,,,,,,,,,
,,10404.691942335,,,,,,,,,,7020544.0,,,,,1761518529.3104923,,,,,,,,,,,,,,,,,,,,,,,,,78814,,,,,,,,0.0109664,,
,,10529.795946599,,,,,,,,,0.28072104,7104512.0,,,,,1761518653.2442644,,,,,,,,,,,,,,,,,,,,,,,,,79764,,,,,,,,,,
,,10559.81972964,,,,,,,,,,7127040.0,,,,,1761518686.4390244,,,,,,,,,,,,,,,,,,,,,1000.0,,,,80007,,,,,,,,,,
,,10599.851652367,,,,,,,,,,7153664.0,,,,,1761518725.6760957,,,,,,,,,,,,,,,,,,,,,,,,,80311,,0.01,,,,,,,,
,,10639.887058539,,,,,,,,,,7182336.0,,,,,1761518767.978391,,,,,,,,,,,,,,,,,,,,,,,,,80624,,,,,,,,,0.14301622,
0.9301131,,10815.037765587,,,,,,,,,,7299072.0,,,,,1761518940.2657437,,,,,,,,,,,,,,,,,,,,,,,,,81952,,,,,,,,,,
,,10940.139818071,,,,,,,,,,7383040.0,,,,,1761519064.1919932,,,,,,,,,,,,,,,,,,,,,,,,,82879,,,,,,,,,,0.16295695
,,11015.202796477,,,,,,,,,,7434240.0,,,,,1761519139.9335327,,,,,,,,,,,,,,,,,,,,,,,,,83454,,,,,,,,,,1.9812238
,,11125.299674938,,,,,,,,,,7507968.0,,,,,1761519248.6004577,,,,,,,,,,,,,,,,,,,,,,,,,84290,,0.01,,,,,,,,
,,11155.33359578,,,,,,,0.15,,,7530496.0,,,,,1761519281.8810036,,,,,,,,,,,,,,,,,,,,,,,,,84549,,,,,,,,,,
,,11185.35900084,,,,,,,,,,7550976.0,,,,,1761519312.0094821,,,,,,,,,,,,,,,,,,,,,,,,,84777,0.01855394,,,,,,,,,
,,11250.410407732,,,,,,,,,,7593984.0,,,,,1761519375.4095573,,,,,,,,,,,,,,,,,,,,,,,,,85256,,0.01,,,,,,,,
,,11260.420024244,,,,,,,,,0.32149252,7602176.0,,,,,1761519387.5872307,,,,,,,,,,,,,,,,,,,,,,,,,85353,,,,,,,,,,
,,11265.422881574,,,,,,,,,,7604224.0,,,,,1761519390.5919719,,,,,,,,,,,,,,,,,,,,,,,,,85380,,,,,,0.0003,,,,
,,11270.426296546,,,,,,,,,,7608320.0,,,,,1761519396.654742,,,,,,,,,,,,,,,,,,,,0.60302067,,,,,85424,,,,,,,,,,
,,11450.57453397,,,,60384.0,,,,,,7731200.0,,,,,1761519577.464244,,,,,,,,,,,,,,,,,,,,,,,,,86799,,,,,,,,,,
,,11530.637584112,,,,,,,,,,7784448.0,,,,,1761519655.992926,,,,,,,,,,,,,-0.015240949,,,,,,,,,,,,87388,,,,,,,,,,
,,11580.680410449,,,,,,,,,,7819264.0,,,,,1761519707.4452477,,,,,,,,,,,,,,,,,,,,,,,,,87777,,,,,,,,,0.064215735,
,,11685.765072736,,,-0.019756714,,,,,,,7890944.0,,,,,1761519813.1409807,,,,,,,,,,,,,,,,,,,,,,,,,88601,,,,,,,,,,
,,11690.767731644,,,,,,,,,,7892992.0,10.528195,,,,1761519816.1185822,,,,,,,,,,,,,,,,,,,,,,,,,88608,,,,,,,,,,
,,11730.803318178,,,,,,,,,,7921664.0,,,,,1761519858.1968927,,,,,,,,,,,,,,,,,,,,,,,,,88928,,,,,,,,,,6.971553
,,11775.840052894,,,,,,,,,,7952384.0,,,,,1761519903.324459,,,,,,,,,,,,,0.036982816,,,,,,,,,,,,89274,,,,,,,,,,
0.9837774,,11860.904022774,,,,,,,,,,8007680.0,,,,,1761519984.7127352,,,,,,,,,,,,,,,,,,,,,,,,,89910,,,,,,,,,,
,,12036.043820291,,,,,,,,,,8126464.0,,,,,1761520159.4338777,,,,,,,,,,,,,,,,,,,,,,,,,91245,,,,,,0.0003,,,,
,,12111.106642001,,,,,,,0.15,,,8177664.0,,,,,1761520234.8451962,,,,,,,,,,,,,,,,,,,,,,,,,91817,,,,,,,,,,
,,12141.132502862,,,,,,,,,,8200192.0,,,,,1761520268.2128212,,1.28096e-05,,,,,,,,,,,,,,,,,,,,,,,92061,,,,,,,,,,
,,12141.132578085,,,,,,,,,,8200192.0,,,,,1761520268.2128608,,,,,,,,,,,,,,,,,,,,,,,,,92064,,0.01,,,,,,,,
,,12176.161643368,,,,,,,,,,8222720.0,,,,,1761520301.5915582,,,,,,,,,,,,,,,,,,,,,,,,,92308,,,,,,,,,0.15113416,
,,12216.197576561,,,,,,,,,,8251392.0,,,,,1761520344.0580316,,,,,,,,,,0.21948788,,,,,,,,,,,,,,,92650,,,,,,,,,,
,,12231.210324637,,,,,,,,,,8261632.0,,,,,1761520359.1592066,,,,,,,,228520.4,,,,,,,,,,,,,,,,,92750,,,,,,,,,,
,,12266.243436917,,,,,,,,,,8284160.0,,,,,1761520392.2176464,,,,,,,,259453.39,,,,,,,,,,,,,,,,,93003,,,,,,,,,,
,,12361.32370894,,,,,,,0.15,,,8347648.0,,,,,1761520485.276177,,,,,,,,,,,,,,,,,,,,,,,,,93726,,,,,,,,,,
,,12541.594119973,,,,,,,,,,8472576.0,,,,,1761520669.517079,,,,,,,,,,,,,,,,,,,,,,,,,95115,,,,,,,,,,6.195805
,,12546.474242162,,,,,,,,,,8474624.0,,,,,1761520672.5456197,,,,,,,,,,,,,,,,,,,,,,,,,95138,,,,,,,,,,6.9349537
,,12561.48705266,,,,,,,,,,8484864.0,,,,,1761520687.5571377,,,,,,,,,,,,,,,,,,,,,,,,,95265,0.023964193,,,,,,,,,
,,12671.577884671,,,,,,,,,,8558592.0,,,,,1761520796.16273,,,,,,,,,,,,,,,,,,,,,,,,,96089,,0.01,,,,,,,,
,,12811.718926893,,,,,,,,,,8654848.0,,,,,1761520937.783454,,1.352e-05,,,,,,,,,,,,,,,,,,,,,,,97167,,,,,,,,,,
,,12891.783706007,,,,,,,,,,8710144.0,,,,,1761521019.097453,,,,,,,,,,,,,0.1772013,,,,,,,,,,,,97784,,,,,,,,,,
,,12901.792320088,,,,,,,,,,8716288.0,,,,,1761521028.2171988,,,,,,,,,,,,,0.019177455,,,,,,,,,,,,97853,,,,,,,,,,
,,12916.80436766,,,,,,,0.15,,,8724480.0,,,,,1761521040.3028758,,,,,,,,,,,,,,,,,,,,,,,,,97958,,,,,,,,,,
,,13026.885995888,,,,,,,,,,8802304.0,,,,,1761521154.602749,,,,,,,,,,,,,,0.78883606,,,,,,,,,,,98825,,,,,,,,,,
,,13106.950923114,,,,,,,,,,8855552.0,,,,,1761521233.133201,,,,,,,,,,,,,,,,,,,,,,,,,99416,,,,,,,,,,5.980559
,,13217.035160188,,,,,,,0.15,,,8931328.0,,,,,1761521344.8278103,,,,,,,,,,,,,,,,,,,,,,,,,100281,,,,,,,,,,
,,13257.06920822,,,,,,,,,0.30114746,8957952.0,,,,,1761521384.1422713,,,,,,,,,,,,,,,,,,,,,,,,,100579,,,,,,,,,,
,,13262.075649837,,,,,,,,,,8960000.0,,,,,1761521387.1716468,,1.39968e-05,,,,,,,,,,,,,,,,,,,,,,,100594,,,,,,,,,,
,,13282.092287925,,,-0.01798074,,,,,,,8974336.0,,,,,1761521408.4173422,,,,,,,,,,,,,,,,,,,,,,,,,100768,,,,,,,,,,
,,13292.10232927,,,,,,,,,,8980480.0,,,,,1761521417.5087268,,,,,,,,,,,,,,,,,,,,,,,,,100827,,0.01,,,,,,,,
,,13322.123124338,,,,,,,,,,9000960.0,,,,,1761521447.6717246,,1.40608e-05,,,,,,,,,,,,,,,,,,,,,,,101054,,,,,,,,,,
,,13442.21850203,,,,,,,,,,9082880.0,,,,,1761521568.0873594,,,,,,,,,,,,,,,,,,,,,,,,,101968,,,,,,,,,0.1363882,
,,13507.275893108,,,,,,,,,,9127936.0,10.466348,,,,1761521634.2973046,,,,,,,,,,,,,,,,,,,,,,,,,102477,,,,,,,,,,
,,13632.377108737,,,,,,,,,,9213952.0,,,,,1761521760.541837,,,,,,,,,,,,,-0.0007089331,,,,,,,,,,,,103442,,,,,,,,,,
,,13702.430686987,,,,,,,,,,9259008.0,,,,,1761521827.0713818,,,,,,,,,,,,,,,,,,,,,1000.0,,,,103950,,,,,,,,,,
,,13742.463268808,,,,,,,,,,9285632.0,,,,,1761521866.3853276,,,,,,,,288516.22,,,,,,,,,,,,,,,,,104250,,,,,,,,,,
,,13802.524582419,,,,,,,,,,9328640.0,,,,,1761521929.917311,,,,,,,,,,,,,,,,,,,,,,,,,104735,,,,,,,,0.0145728,,
,,13937.638216835,,,,,,,,,,9418752.0,,,,,1761522062.8057888,,,,,,,,,,,,,,,,,,,,,,,,,105741,,,,,,,,,,0.550968
,,14037.720067721,,,,,,,,,,9488384.0,,,,,1761522165.4961276,,,,,,,,,,,,,0.08151753,,,,,,,,,,,,106524,,,,,,,,,,
,,14082.757224271,,,,,,,,,,9517056.0,,,,,1761522208.0194383,,,,,,,,,,,0.0050526997,,,,,,,,,,,,,,106865,,,,,,,,,,
,,14157.815162438,,,,,,,,,,9568256.0,,,,,1761522283.4205768,,,,,,,,,,,,,,,,,,,,2.4643648,,,,,107435,,,,,,,,,,
,,14227.874391405,,,,,,,,,,9617408.0,,,,,1761522355.7836254,,,,,,,,,,,,,,,,,,,,,,,,,107971,,,,,,,,,0.15977149,
,,14267.907147734,,,,,,,0.15,,,9641984.0,,,,,1761522391.9460802,,,,,,,,,,,,,,,,,,,,,,,,,108262,,,,,,,,,,
,,14603.174894829,,,,,,,,,,9871360.0,,,,,1761522730.2080748,,,,,,,,,,,,,,,,,,,,,,,0.5958284,,110833,,,,,,,,,,
,,14828.347564132,,,,,,,,,,10022912.0,,,,,1761522954.230826,,,,,,,,,,,,,,,,,,,,2.960945,,,,,112541,,,,,,,,,,
,,14943.434214842,677.0,,,,,,,,,10100736.0,,,,,1761523068.2965765,,,,,,,,,,,,,,,,,,,,,,,,,113411,,,,,,,,,,
,,14983.46462535,,,,,,,,,,10127360.0,,,,,1761523107.4496393,,,,,,,,,,,0.0035398481,,,,,,,,,,,,,,113719,,,,,,,,,,
,,15063.531659258,,,,79536.0,,,,,,10182656.0,,,,,1761523188.5206153,,,,,,,,,,,,,,,,,,,,,,,,,114330,,,,,,,,,,
,,15193.647895857,,,,,,,,,,10272768.0,,,,,1761523321.11997,,,,,,,,,,,,,,,,,,,,,,,,,115332,,,,,,,,,,0.13446097
,,15313.744862863,,,,,,,0.15,,,10352640.0,,,,,1761523438.9529512,,,,,,,,,,,,,,,,,,,,,,,,,116243,,,,,,,,,,
,,15383.803258883,,,,,,,,,,10399744.0,,,,,1761523508.4062781,,,,,,,,,,,,,0.0047375634,,,,,,,,,,,,116759,,,,,,,,,,
,,15388.806724503,,,,,,,,,,10403840.0,,,,,1761523514.480542,,1.62528e-05,,,,,,,,,,,,,,,,,,,,,,,116809,,,,,,,,,,
,,15538.926477445,,,,,,,,,,10504192.0,,,,,1761523662.2510924,,,,,,,,,,,,,,,,,,,,,,,,,117939,,0.01,,,,,,,,
,,15894.214121428,,,,,,,,,,10747904.0,,,,,1761524020.500045,,,,,,,,66872.14,,,,,,,,,,,,,,,,,120672,,,,,,,,,,
,,15949.261512439,,,,,,,,,,10784768.0,,,,,1761524074.9061906,,,,,,,,,,,,,,,,,,,,,,,,,121090,,0.01,,,,,,,,
,,16034.334199554,,,,,,,,,,10844160.0,,,,,1761524162.170069,,,,,,,,80227.086,,,,,,,,,,,,,,,,,121753,,,,,,,,,,
,,16044.34372369,677.0,,,,,,,,,10850304.0,,,,,1761524171.1423528,,,,,,,,,,,,,,,,,,,,,,,,,121829,,,,,,,,,,
,,16294.54092692,,,,,,,,,,11020288.0,,,,,1761524420.7064826,,,,,,,,,,,,,0.018616075,,,,,,,,,,,,123728,,,,,,,,,,
,,16314.55705852,,,,,,,,,,11034624.0,,,,,1761524441.839718,,,,,,,,,,,,,,,,,,,,,,,0.6767868,,123897,,,,,,,,,,
0.56698275,,16474.696562587,,,,,,,,,,11141120.0,,,,,1761524598.771031,,,,,,,,,,,,,,,,,,,,,,,,,125100,,,,,,,,,,
,,16474.696929405,,,,,,,,,,11143168.0,,,,,1761524601.787102,,,,,,,,,,,,,,,,,,,,,,,,,125115,,0.01,,,,,,,,
,,16479.703112033,,,,87072.0,,,,,,11147264.0,,,,,1761524607.809158,,,,,,,,,,,,,,,,,,,,,,,,,125163,,,,,,,,,,
,,16489.709336426,,,,,,,,,,11151360.0,,,,,1761524613.8321393,,,,,,,,,,,,0.0,,,,,,,,,,,,,125197,,,,,,,,,,
,,16824.9749362,,,,88896.0,,,,,,11380736.0,,,,,1761524952.5218892,,,,,,,,,,,,,,,,,,,,,,,,,127785,,,,,,,,,,
,,16965.084364953,,,,,,,,,,11474944.0,,,,,1761525091.4721446,,,,,,,,,,0.1542052,,,,,,,,,,,,,,,128852,,,,,,,,,,
,,17065.160868897,,,,,,,,,,11542528.0,,,,,1761525191.2379887,,,,,,,,,,,,,,,,,,,,,,,,,129592,,,,,,,,,,0.5073713
,,17115.198093969,,,,,,,,,,11577344.0,,,,,1761525242.5985954,,,,,,,,,,,,,,,,,,,,,,,,,129989,,,,,,,,0.0180864,,
,,17215.273059969,,,,,,,,,,11642880.0,9.0122595,,,,1761525339.4293542,,,,,,,,,,,,,,,,,,,,,,,,,130721,,,,,,,,,,
,,17350.382734366,,,,,,,,,,11735040.0,,,,,1761525474.8205624,,,,,,,,,,,,,0.012847964,,,,,,,,,,,,131755,,,,,,,,,,
,,17395.420347234,677.0,,,,,,,,,11765760.0,,,,,1761525519.9445744,,,,,,,,,,,,,,,,,,,,,,,,,132110,,,,,,,,,,
,,17505.512173701,,,,,,,,,,11841536.0,,,,,1761525631.714993,,,,,,,,,,,,,,,,,,,,,,,,,132949,,,,,,,,,0.0642049,
,,17665.64313004,,,,,,,,,,11950080.0,,,,,1761525791.41219,,,,,,,,,,,,,,,,,,,,,,,,,134181,0.051838633,,,,,,,,,
,,17850.7958321,677.0,,,,,,,,,12077056.0,,,,,1761525978.6517522,,,,,,,,,,,,,,,,,,,,,,,,,135606,,,,,,,,,,
,,17875.81480963,,,,,,,,,,12091392.0,,,,,1761525999.7249012,,,,,,,,,,,,,,,,,,,,,,,,,135764,,0.01,,,,,,,,
,,17880.81907238,,,,,,,,,,12095488.0,,,,,1761526005.6947865,,,,,,,,,,,,,0.026525818,,,,,,,,,,,,135803,,,,,,,,,,
,,17980.89715496,,,,,,,,,0.3906657,12165120.0,,,,,1761526108.1124372,,,,,,,,,,,,,,,,,,,,,,,,,136597,,,,,,,,,,
,,18080.976564925,,,,,,,,,,12232704.0,,,,,1761526207.773048,,1.91104e-05,,,,,,,,,,,,,,,,,,,,,,,137348,,,,,,,,,,
0.98764294,,18116.002347881,,,,,,,,,,12257280.0,,,,,1761526244.1425765,,,,,,,,,,,,,,,,,,,,,,,,,137635,,,,,,,,,,
,,18256.110995075,,,,,,,,,,12351488.0,,,,,1761526382.8345728,,1.9296e-05,,,,,,,,,,,,,,,,,,,,,,,138682,,,,,,,,,,
,,18401.221139591,,,,,,,,,,12449792.0,,,,,1761526527.0463595,,,,,,,,,,,,,,,,,,,,,,,,,139798,,,,,,0.0003,,,,
,,18576.360211232,,,-0.017993068,,,,,,,12568576.0,,,,,1761526701.888623,,,,,,,,,,,,,,,,,,,,,,,,,141133,,,,,,,,,,
,,18636.408798405,,,,,,,,,,12609536.0,,,,,1761526762.05119,,,,,,,,,,,0.00228388,,,,,,,,,,,,,,141595,,,,,,,,,,
,,18646.416651747,,,,,,,0.15,,,12617728.0,,,,,1761526774.118205,,,,,,,,,,,,,,,,,,,,,,,,,141681,,,,,,,,,,
,"{'values': [1, 0, 0, 0, 0, 2, 1, 0, 0, 0, 0, 0, 0, 0, 1, 0, 3, 1, 1, 1, 1, 2, 1, 0, 0, 0, 0, 2, 4, 1, 2, 2, 2, 1, 3, 2, 3, 2, 2, 3, 0, 1, 2, 1, 1, 3, 2, 2, 2, 0, 0, 0, 1, 1, 1, 0, 0, 1, 0, 0, 0, 0, 1, 1], 'packedBins': {'min': -0.31916821002960205, 'size': 0.010033204220235348, 'count': 64}, '_type': 'histogram'}",18741.493610064,,,,,"{'_type': 'histogram', 'values': [1, 1, 0, 1, 1, 4, 1, 5, 4, 5, 5, 7, 25, 11, 21, 31, 27, 45, 54, 71, 63, 89, 104, 112, 127, 134, 138, 158, 180, 168, 178, 199, 189, 180, 206, 185, 165, 175, 139, 123, 123, 106, 101, 82, 66, 58, 55, 36, 23, 27, 25, 12, 18, 10, 5, 2, 5, 3, 2, 1, 1, 2, 0, 1], 'packedBins': {'count': 64, 'min': -0.9245471954345703, 'size': 0.028628061525523663}}","{'_type': 'histogram', 'values': [1, 0, 0, 0, 0, 0, 0, 0, 0, 0, 0, 0, 0, 1, 0, 0, 0, 0, 0, 0, 0, 0, 0, 1, 0, 0, 0, 0, 0, 0, 0, 0, 0, 0, 1, 0, 1, 0, 0, 0, 0, 0, 0, 1, 0, 0, 0, 0, 0, 0, 0, 0, 0, 0, 0, 0, 1, 0, 0, 0, 0, 0, 0, 1], 'packedBins': {'count': 64, 'min': -0.08862440288066864, 'size': 0.005067519145086408}}",,,,12681216.0,,,,"{'_type': 'histogram', 'values': [1, 0, 0, 0, 0, 0, 0, 0, 0, 0, 0, 0, 0, 1, 2, 0, 1, 4, 6, 8, 4, 4, 8, 7, 7, 9, 8, 12, 14, 14, 22, 23, 28, 34, 32, 26, 31, 29, 28, 21, 22, 22, 11, 14, 13, 9, 4, 9, 2, 5, 3, 2, 3, 4, 1, 1, 2, 0, 0, 0, 0, 0, 0, 1], 'packedBins': {'min': -0.8450599312782288, 'size': 0.023607666604220867, 'count': 64}}",1761526867.3972886,,,,"{'values': [1, 1, 2, 2, 0, 5, 5, 3, 5, 14, 19, 10, 31, 17, 35, 28, 55, 47, 61, 55, 80, 97, 114, 114, 144, 124, 148, 130, 162, 157, 157, 177, 162, 152, 165, 173, 165, 151, 144, 122, 124, 118, 107, 88, 70, 58, 54, 43, 33, 43, 31, 20, 18, 15, 12, 7, 7, 4, 2, 4, 1, 1, 1, 1], 'packedBins': {'count': 64, 'min': -0.69231116771698, 'size': 0.021655870601534843}, '_type': 'histogram'}","{'values': [1, 2, 0, 0, 1, 0, 0, 0, 1, 1, 2, 0, 0, 3, 1, 1, 5, 8, 7, 23, 23, 36, 50, 87, 88, 146, 184, 230, 227, 200, 137, 124, 81, 49, 32, 24, 22, 16, 8, 6, 5, 3, 2, 5, 3, 4, 1, 0, 2, 1, 0, 0, 1, 1, 0, 1, 0, 0, 0, 0, 0, 0, 0, 1], 'packedBins': {'min': -1.3370436429977417, 'size': 0.04769989661872387, 'count': 64}, '_type': 'histogram'}","{'_type': 'histogram', 'values': [1, 0, 0, 0, 0, 0, 0, 0, 1, 0, 1, 0, 0, 0, 0, 0, 0, 0, 0, 0, 0, 1, 0, 0, 0, 0, 1, 0, 0, 0, 0, 0, 0, 0, 0, 0, 0, 0, 1, 0, 0, 0, 0, 0, 0, 0, 0, 1, 0, 0, 0, 0, 0, 0, 0, 0, 0, 0, 0, 0, 0, 0, 0, 1], 'packedBins': {'size': 0.024968165904283524, 'count': 64, 'min': -2.831653594970703}}",,,,,,0.0,,,,"{'_type': 'histogram', 'values': [1, 0, 1, 0, 0, 0, 0, 1, 0, 0, 0, 1, 0, 2, 1, 0, 1, 2, 0, 1, 4, 3, 2, 5, 2, 4, 1, 1, 0, 2, 0, 1, 1, 0, 1, 0, 0, 1, 0, 0, 0, 1, 0, 1, 0, 2, 2, 1, 0, 1, 0, 2, 3, 2, 4, 0, 1, 0, 1, 0, 3, 0, 0, 1], 'packedBins': {'count': 64, 'min': -0.7523316144943237, 'size': 0.019455929286777973}}",,"{'packedBins': {'min': -0.24921973049640656, 'size': 0.005697209504432976, 'count': 64}, '_type': 'histogram', 'values': [1, 0, 0, 0, 0, 0, 0, 0, 0, 0, 0, 0, 0, 0, 0, 0, 0, 0, 1, 0, 0, 0, 0, 1, 1, 0, 0, 2, 3, 2, 2, 1, 1, 2, 1, 1, 2, 5, 3, 2, 3, 1, 4, 0, 2, 1, 1, 1, 2, 2, 2, 0, 3, 1, 1, 1, 0, 1, 0, 3, 0, 1, 0, 3]}",,,,,,"{'_type': 'histogram', 'values': [1], 'bins': [0.2495180368423462, 0.2495180368423462]}",142378,,,,"{'packedBins': {'min': -0.866049587726593, 'size': 0.025584653951227665, 'count': 64}, '_type': 'histogram', 'values': [1, 0, 0, 0, 0, 0, 2, 1, 0, 0, 1, 0, 2, 2, 2, 1, 1, 1, 1, 1, 1, 4, 2, 2, 2, 0, 0, 0, 0, 2, 1, 0, 1, 2, 3, 0, 1, 1, 2, 3, 0, 3, 0, 0, 2, 1, 0, 2, 0, 1, 0, 2, 0, 1, 2, 3, 0, 0, 1, 0, 0, 1, 1, 1]}","{'values': [3, 0, 1, 0, 2, 1, 0, 0, 2, 0, 0, 1, 3, 0, 1, 1, 1, 4, 1, 0, 0, 1, 3, 1, 1, 2, 1, 3, 1, 0, 4, 2, 3, 3, 0, 1, 1, 0, 1, 2, 0, 1, 0, 1, 2, 1, 1, 0, 1, 0, 0, 0, 0, 1, 0, 1, 1, 0, 1, 0, 1, 0, 0, 1], 'packedBins': {'min': -0.23569507896900177, 'size': 0.009097228525206447, 'count': 64}, '_type': 'histogram'}",,"{'_type': 'histogram', 'values': [1, 1, 1, 1, 0, 3, 1, 2, 3, 2, 2, 4, 6, 14, 10, 7, 11, 18, 18, 29, 33, 22, 28, 38, 44, 56, 57, 61, 70, 88, 72, 76, 92, 73, 75, 77, 77, 89, 74, 66, 53, 60, 46, 61, 42, 30, 30, 27, 18, 23, 15, 10, 10, 4, 9, 1, 0, 3, 3, 3, 1, 3, 0, 2], 'packedBins': {'min': -0.8262777924537659, 'size': 0.024692729115486145, 'count': 64}}",,,
,,18811.54642306,,,,,,,,,,12728320.0,,,,,1761526936.5122435,,,,,,,,,,0.13193475,,,,,,,,,,,,,,,142928,,,,,,,,,,
,,18876.596804768,,,,,,,,,,12773376.0,,,,,1761527002.5223923,,,,,,,,,,,,,,,,,,,,,,,,,143415,,,,,,,,,,3.6819289
,,18901.616831978,,,,,,,,,0.4219157,12789760.0,,,,,1761527026.7946486,,,,,,,,,,,,,,,,,,,,,,,,,143612,,,,,,,,,,
,,18921.631098975,,,,,,,,,,12802048.0,,,,,1761527044.9895926,,,,,,,,,,,0.002476085,,,,,,,,,,,,,,143757,,,,,,,,,,
,,18926.635520379,,,,,,,,,,12808192.0,,,,,1761527054.0801668,,,,,,,,,,,,,,,,,,,,,,,,,143814,,0.01,,,,,,,,
,,19171.832235799,,,,,,,,,,12972032.0,,,,,1761527295.2256372,,,,,,,,,,,,,,,,,,,,5.9825425,,,,,145661,,,,,,,,,,
,,19301.935297523,,,,,,,,,,13062144.0,,,,,1761527428.0314953,,,,,,,,,,,,,,,,,,,,6.0565295,,,,,146673,,,,,,,,,,
,,19437.041747955,677.0,,,,,,,,,13152256.0,,,,,1761527560.5133972,,,,,,,,,,,,,,,,,,,,,,,,,147681,,,,,,,,,,
,,19532.11683481,,,,,,,,,,13217792.0,,,,,1761527657.3329592,,2.06496e-05,,,,,,,,,,,,,,,,,,,,,,,148411,,,,,,,,,,
,,19657.221898147,,,,,,,,,,13303808.0,,,,,1761527783.8578627,,,,,,,,,,,,,-0.06286197,,,,,,,,,,,,149373,,,,,,,,,,
,,19687.245060156,,,,,,,,,,13324288.0,,,,,1761527813.9920557,,,,,,,,,,,,,,,,,,,,,,,,,149608,,,,,,,,0.020816,,
,,19807.339651956,,,,,,,,,,13406208.0,,,,,1761527934.9869974,,,,,,,,,,,,,,,,,,,,,,,,,150530,,0.01,,,,,,,,
,,19867.386490827,677.0,,,,,,,,,13445120.0,,,,,1761527992.4226136,,,,,,,,,,,,,,,,,,,,,,,,,150970,,,,,,,,,,
,,19987.480504807,,,,,,,0.15,,,13527040.0,,,,,1761528112.9821754,,,,,,,,,,,,,,,,,,,,,,,,,151893,,,,,,,,,,
,,20052.528788849,,,,,,,,,,13570048.0,,,,,1761528176.5821786,,,,,,,,,,,,,,,,,,,,,,,,,152379,,,,,,0.0003,,,,
,,20052.528838304,,,,,,,,,,13570048.0,,,,,1761528176.583601,,,,,,,,,,0.121991426,,,,,,,,,,,,,,,152381,,,,,,,,,,
0.8926814,,20052.529326946,,,,,,,,,,13572096.0,,,,,1761528179.5993555,,,,,,,,,,,,,,,,,,,,,,,,,152401,,,,,,,,,,
,,20077.549561774,,,,,,,,,,13588480.0,,,,,1761528203.870542,,,,,,,,,,,,,,,,,,,,,,,0.7636604,,152578,,,,,,,,,,
,,20132.593569721,,,,,,,,,,13625344.0,,,,,1761528258.12299,,,,,,,,,,,,,,,,,,,,,,,,,152989,,,,,,,,0.0212864,,
,,20137.596604112,,,,,,,,,,13629440.0,,,,,1761528264.1781917,,,,,,,,268147.88,,,,,,,,,,,,,,,,,153033,,,,,,,,,,
,,20167.618990516,,,,,,,,,0.43009442,13649920.0,,,,,1761528294.318172,,,,,,,,,,,,,,,,,,,,,,,,,153272,,,,,,,,,,
,,20262.689610114,,,-0.013993537,,,,,,,13713408.0,,,,,1761528387.7674837,,,,,,,,,,,,,,,,,,,,,,,,,153990,,,,,,,,,,
,,20287.709066391,,,,,,,,,,13729792.0,,,,,1761528412.0182498,,2.14496e-05,,,,,,,,,,,,,,,,,,,,,,,154161,,,,,,,,,,
,,20472.844930387,,,,,,,,,0.4263916,13854720.0,,,,,1761528596.3104708,,,,,,,,,,,,,,,,,,,,,,,,,155572,,,,,,,,,,
,,20477.850349898,,,,,,,,,,13858816.0,,,,,1761528602.3613966,,,,,,,,,,,0.0032077346,,,,,,,,,,,,,,155625,,,,,,,,,,
,,20607.954717235,,,,,,,,,,13946880.0,,,,,1761528732.1299717,,,,,,,,,,,,,,,,,,,,,,,,,156611,,,,,,0.0003,,,,
,,20647.985759255,,,,,,,,,,13975552.0,,,,,1761528774.4688494,,,,,,,,,,0.12085718,,,,,,,,,,,,,,,156935,,,,,,,,,,
,,20728.044165012,,,,,,,,,,14028800.0,,,,,1761528852.9188585,,,,,,,,189171.52,,,,,,,,,,,,,,,,,157518,,,,,,,,,,
,,20803.108108365,,,,,,,,,,14080000.0,,,,,1761528928.6230705,,,,,,,,,,,,,,,,,,,,,,,,,158095,,,,,,,,0.0219968,,
,,20933.207718384,,,,,,,,,,14168064.0,,,,,1761529058.3804526,,,,,,,,41810.234,,,,,,,,,,,,,,,,,159082,,,,,,,,,,
,,21148.387872891,,,,111808.0,,,,,,14313472.0,,,,,1761529272.7906015,,,,,,,,,,,,,,,,,,,,,,,,,160721,,,,,,,,,,
,,21398.592891788,,,,,,,,,,14483456.0,,,,,1761529523.1039286,,,,,,,,,,,,,,,,,,,,,,,,,162637,,,,,,0.0003,,,,
,,21408.599479678,,,,,,,,,,14489600.0,,,,,1761529532.0775113,,,,,,,,,,,,,,,,,,,,6.9572816,,,,,162704,,,,,,,,,,
,,21558.724252531,,,,,,,0.15,,,14592000.0,,,,,1761529682.2393508,,,,,,,,,,,,,,,,,,,,,,,,,163853,,,,,,,,,,
,,21563.727963458,,,,,,,,,,14596096.0,,,,,1761529688.2782538,,,,,,,,,,,,,,,,,,,,7.0686398,,,,,163900,,,,,,,,,,
,,21623.77291196,,,-0.023288434,,,,,,,14639104.0,,,,,1761529751.46494,,,,,,,,,,,,,,,,,,,,,,,,,164386,,,,,,,,,,
,,21828.925005632,,,-0.011589411,,,,,,,14778368.0,,,,,1761529956.672264,,,,,,,,,,,,,,,,,,,,,,,,,165950,,,,,,,,,,
,,21934.009792758,,,,,,,,,,14848000.0,,,,,1761530058.9879813,,,,,,,,,,,,,,,,,,,,,,,,,166722,,0.01,,,,,,,,
,,22314.332494226,,,,,,,,,,15108096.0,,,,,1761530442.1808734,,,,,,,,,,,,,-0.01660462,,,,,,,,,,,,169636,,,,,,,,,,
,,22324.341552311,,,,,,,,,,15114240.0,-0.23168573,,,,1761530451.3446572,,,,,,,,,,,,,,,,,,,,,,,,,169706,,,,,,,,,,
,,22499.497627828,,,,,,,,,,15233024.0,,,,,1761530626.05492,,,,,,,,,,,0.006792189,,,,,,,,,,,,,,171058,,,,,,,,,,
,,22529.522567959,677.0,,,,,,,,,15253504.0,,,,,1761530656.2553766,,,,,,,,,,,,,,,,,,,,,,,,,171279,,,,,,,,,,
,,22534.524885364,,,,,,,,,,15255552.0,,,,,1761530659.2371528,,,,,,,,,,,,,,,,,,,,,,,,,171299,,0.01,,,,,,,,
,,22544.532594236,,,,,,,,,,15263744.0,,,,,1761530671.1151183,,,,,,,,,,,,,,,,,,,,,,,,,171395,0.09214259,,,,,,,,,
,,22764.710916896,,,,,,,,,,15415296.0,,,,,1761530892.9528515,,,,,,,,,,,,,,,,,,,,,,,,,173097,0.05646632,,,,,,,,,
,,23220.0746411,,,,,,,,,0.39782715,15724544.0,,,,,1761531347.7521477,,,,,,,,,,,,,,,,,,,,,,,,,176571,,,,,,,,,,
,,23245.094372718,,,,,,,,,,15740928.0,,,,,1761531371.8809717,,,,,,,,,,,,,,0.246692,,,,,,,,,,,176749,,,,,,,,,,
,,23255.102681741,,,,,,,,,,15747072.0,,,,,1761531380.9621675,,,,,,,,,,,,,,,,,,,,,,,,,176828,,,,,,0.0003,,,,
,,23710.486985283,,,,,,,,,,16058368.0,,,,,1761531838.523,,,,,,,,,,,,,,,,,,,,,,,,,180319,0.0672303,,,,,,,,,
,,23740.512461723,677.0,,,,,,,,,16078848.0,,,,,1761531868.5248694,,,,,,,,,,,,,,,,,,,,,,,,,180548,,,,,,,,,,
,,23815.576732894,,,,,,,,,,16128000.0,,,,,1761531940.3478904,,2.51968e-05,,,,,,,,,,,,,,,,,,,,,,,181094,,,,,,,,,,
,,23825.584498577,,,,,,,,,,16136192.0,,,,,1761531952.367515,,,,,,,,,,,,,,,,,,,,,,,,,181187,,,,,,,,0.0252096,,
0.68994135,,23930.678248096,,,,,,,,,,16205824.0,,,,,1761532054.2697036,,,,,,,,,,,,,,,,,,,,,,,,,181979,,,,,,,,,,
,,24165.868669936,,,,,,,,,,16367616.0,,,,,1761532292.0426404,,,,,,,,,,,,,,,,,,,,,1000.0,,,,183783,,,,,,,,,,
-11.383943,,24190.891061929,,,,,,,,,,16386048.0,,,,,1761532319.1145484,,,,,,,,,,,,,,,,,,,,,,,,,184003,,,,,,,,,,
,,24295.974149647,,,,,,,,,,16455680.0,,,,,1761532421.3450658,,,,,,,,,,,,,,,,,,,,,,,,,184769,,,,,,,,,,0.18102872
,,24446.105125718,,,,,,,,,,16558080.0,,,,,1761532572.2656188,,,,,,,,,,,,,,,,,,,,,,,0.82614654,,185928,,,,,,,,,,
,,24481.131256555,,,,,,,,,,16580608.0,,,,,1761532605.5313993,,,,,,,,,,,,,,,,,,,,,,,0.83039945,,186181,,,,,,,,,,
,,24571.206554774,,,,,,,,,0.47102866,16644096.0,,,,,1761532699.1313534,,,,,,,,,,,,,,,,,,,,,,,,,186898,,,,,,,,,,
,,24576.209495777,,,,,,,,,,16646144.0,,,,,1761532702.1072445,,,,,,,,,,,,,,0.2069869,,,,,,,,,,,186915,,,,,,,,,,
,,24626.251869089,,,,130304.0,,,,,,16680960.0,,,,,1761532753.521319,,,,,,,,,,,,,,,,,,,,,,,,,187309,,,,,,,,,,
,,24791.386533005,,,,,,,,,,16791552.0,,,,,1761532916.063529,,,,,,,,,,,,0.0,,,,,,,,,,,,,188539,,,,,,,,,,
,,24921.494719891,,,,,,,,,,16881664.0,,,,,1761533048.5771449,,,,,,,,,,0.09011133,,,,,,,,,,,,,,,189572,,,,,,,,,,
,,25006.56618628,,,-0.016076986,,,,,,,16939008.0,,,,,1761533133.1704845,,,,,,,,,,,,,,,,,,,,,,,,,190215,,,,,,,,,,
,,25066.60711289,,,,,,,,,,16977920.0,,,,,1761533190.2052865,,,,,,,,,,,,,-0.0040200655,,,,,,,,,,,,190635,,,,,,,,,,
,,25161.68677316,,,,,,,,,,17045504.0,,,,,1761533289.590328,,,,,,,,,,0.08795603,,,,,,,,,,,,,,,191412,,,,,,,,,,
,,25191.714127506,,,,,,,,,,17063936.0,,,,,1761533316.8101852,,,,,,,,,,,,,,,,,,,,,,,,,191606,,,,,,,,0.0266592,,
,,25241.755860968,,,,,,,,,,17098752.0,,,,,1761533368.1375144,,,,,,,,,,,,,,,,,,,,9.510717,,,,,192006,,,,,,,,,,
,,25411.933968586,,,,,,,,,,17215488.0,,,,,1761533539.9762008,,,,,,,,,,,,0.0,,,,,,,,,,,,,193300,,,,,,,,,,
,,25456.933414372,,,,,,,,,,17244160.0,,,,,1761533582.0989223,,2.69408e-05,,,,,,,,,,,,,,,,,,,,,,,193629,,,,,,,,,,
,,25506.975752529,,,,,,,,,,17278976.0,,,,,1761533633.5293045,,,,,,,,,,,,,,,,,,,,,,,0.85022146,,194024,,,,,,,,,,
,,25632.077187441,,,,,,,,,,17362944.0,,,,,1761533756.998267,,,,,,,,,,,,,,,,,,,,,,,,,194957,,,,,,,,,0.064267695,
,,25672.105668725,,,,,,,,,,17391616.0,,,,,1761533798.829515,,,,,,,,,,,,,,,,,,,,9.913184,,,,,195295,,,,,,,,,,
,,25737.151807686,,,,,,,,,,17434624.0,,,,,1761533862.1312554,,,,,,,,,,,,0.0,,,,,,,,,,,,,195761,,,,,,,,,,
0.9947325,,25822.249725185,,,,,,,,,,17494016.0,,,,,1761533949.9410737,,,,,,,,,,,,,,,,,,,,,,,,,196446,,,,,,,,,,
,,25907.316395577,,,,137088.0,,,,,,17549312.0,,,,,1761534031.3607426,,,,,,,,,,,,,,,,,,,,,,,,,197061,,,,,,,,,,
,,26082.458939504,,,,,,,,,,17668096.0,,,,,1761534206.151302,,,,,,,,,,,,,,,,,,,,,,,0.8635828,,198394,,,,,,,,,,
,,26127.499096376,,,,,,,,,0.53027344,17700864.0,,,,,1761534254.3891854,,,,,,,,,,,,,,,,,,,,,,,,,198766,,,,,,,,,,
,,26192.550977223,,,,,,,,,,17743872.0,,,,,1761534317.3903646,,,,,,,,,,,,,,,,,,,,,,,,,199253,,,,,,0.0003,,,,
,,26292.632249237,,,,,,,,,,17813504.0,,,,,1761534419.6147604,,,,,,,,,,,,,,,,,,,,10.315571,,,,,200033,,,,,,,,,,
,,26312.649875333,,,,,,,,,,17827840.0,,,,,1761534440.6582246,,,,,,,,,,,,,,,,,,,,,,,,,200196,,,,,,0.0003,,,,
,,26332.666551601,,,,,,,,,,17840128.0,,,,,1761534458.7950592,,,,,,,,,,,,,,,,,,,,10.314606,,,,,200332,,,,,,,,,,
,,26337.6675404,,,,,,,,,,17842176.0,,,,,1761534461.8422294,,,,,,,,,,,,,,,,,,,,,,,,,200348,,0.01,,,,,,,,
,,26392.713004398,,,,,,,,,0.4910075,17881088.0,,,,,1761534519.202533,,,,,,,,,,,,,,,,,,,,,,,,,200790,,,,,,,,,,
,,26447.758542778,,,,,,,,,,17917952.0,,,,,1761534573.4978657,,,,,,,,10131.199,,,,,,,,,,,,,,,,,201195,,,,,,,,,,
,,26497.79817999,,,,,,,,,,17950720.0,,,,,1761534621.7603192,,,,,,,,,,,,,,,,,,,,,,,,,201567,,0.01,,,,,,,,
,,26572.856467213,,,,,,,,,,18003968.0,,,,,1761534700.0788856,,,,,,,,,,,,,,,,,,,,,1000.0,,,,202160,,,,,,,,,,
,"{'packedBins': {'count': 64, 'min': -0.30138078331947327, 'size': 0.009913033340126276}, '_type': 'histogram', 'values': [1, 1, 1, 1, 0, 0, 0, 0, 1, 1, 0, 0, 0, 2, 1, 1, 1, 0, 1, 0, 2, 0, 0, 1, 1, 0, 2, 1, 1, 3, 1, 1, 2, 2, 1, 4, 1, 3, 2, 3, 3, 2, 2, 0, 2, 2, 1, 1, 1, 1, 0, 1, 0, 0, 1, 0, 1, 0, 1, 0, 0, 0, 1, 1]}",26637.904465003,,,,,"{'_type': 'histogram', 'values': [3, 1, 0, 2, 4, 4, 2, 6, 6, 12, 16, 19, 17, 21, 35, 37, 41, 61, 62, 79, 89, 84, 100, 131, 161, 131, 135, 165, 187, 180, 198, 163, 192, 171, 166, 186, 157, 149, 116, 129, 103, 100, 84, 64, 57, 61, 46, 32, 28, 24, 18, 14, 9, 3, 12, 8, 3, 4, 2, 2, 1, 0, 1, 2], 'packedBins': {'count': 64, 'min': -0.8767001032829285, 'size': 0.027959993109107018}}","{'_type': 'histogram', 'values': [1, 0, 0, 0, 0, 0, 1, 0, 0, 0, 0, 0, 0, 0, 0, 0, 0, 0, 0, 0, 0, 0, 0, 0, 0, 0, 0, 0, 0, 0, 0, 0, 1, 0, 0, 0, 1, 0, 0, 1, 0, 1, 0, 0, 0, 0, 0, 0, 0, 0, 0, 0, 0, 0, 0, 0, 0, 0, 0, 0, 1, 0, 0, 1], 'packedBins': {'count': 64, 'min': -0.05003292113542557, 'size': 0.004061272949911654}}",,,,18046976.0,,,,"{'packedBins': {'min': -0.8679998517036438, 'size': 0.024753514677286148, 'count': 64}, '_type': 'histogram', 'values': [1, 0, 0, 0, 0, 0, 0, 0, 0, 0, 0, 0, 0, 1, 1, 1, 2, 4, 7, 7, 7, 2, 1, 9, 8, 8, 10, 18, 12, 28, 16, 25, 37, 33, 32, 34, 26, 29, 24, 18, 28, 12, 10, 9, 12, 10, 11, 4, 3, 0, 1, 4, 3, 2, 1, 0, 0, 0, 0, 0, 0, 0, 0, 1]}",1761534763.306729,,,,"{'values': [2, 0, 0, 1, 0, 0, 3, 3, 0, 8, 8, 11, 15, 13, 21, 30, 38, 37, 52, 54, 53, 72, 79, 96, 113, 123, 138, 150, 142, 140, 167, 164, 167, 167, 170, 187, 174, 168, 157, 155, 121, 133, 125, 106, 92, 71, 67, 53, 40, 39, 38, 30, 29, 22, 16, 11, 4, 6, 3, 4, 4, 2, 0, 2], 'packedBins': {'count': 64, 'min': -0.7762717604637146, 'size': 0.02317166794091463}, '_type': 'histogram'}","{'_type': 'histogram', 'values': [1, 2, 1, 0, 0, 0, 1, 0, 0, 2, 0, 2, 1, 0, 3, 4, 2, 10, 11, 14, 16, 38, 45, 75, 113, 132, 170, 214, 256, 207, 159, 103, 79, 62, 35, 21, 16, 14, 8, 6, 5, 3, 3, 4, 4, 2, 4, 1, 0, 2, 1, 0, 1, 1, 0, 1, 0, 0, 0, 0, 0, 0, 0, 1], 'packedBins': {'min': -1.4425082206726074, 'size': 0.051250630989670753, 'count': 64}}","{'_type': 'histogram', 'values': [1, 1, 0, 0, 0, 1, 0, 0, 0, 0, 0, 0, 0, 0, 0, 0, 0, 0, 0, 1, 0, 1, 0, 0, 0, 0, 1, 0, 0, 0, 0, 0, 0, 0, 0, 0, 0, 0, 0, 0, 0, 0, 0, 1, 0, 0, 0, 0, 0, 0, 0, 0, 0, 0, 0, 0, 0, 0, 0, 0, 0, 0, 0, 1], 'packedBins': {'size': 0.02625378407537937, 'count': 64, 'min': -3.3257484436035156}}",,,,,,0.0,,,,"{'packedBins': {'size': 0.02091603074222803, 'count': 64, 'min': -0.8567962646484375}, '_type': 'histogram', 'values': [1, 0, 0, 0, 1, 0, 0, 0, 1, 0, 0, 1, 0, 0, 2, 1, 0, 1, 1, 0, 0, 2, 1, 1, 3, 1, 6, 2, 4, 1, 1, 1, 1, 1, 1, 1, 1, 1, 0, 0, 0, 2, 1, 0, 0, 0, 1, 2, 2, 2, 1, 0, 2, 0, 1, 2, 2, 1, 1, 3, 0, 1, 0, 2]}",,"{'_type': 'histogram', 'values': [1, 0, 0, 0, 0, 0, 0, 0, 0, 0, 0, 0, 1, 0, 0, 0, 1, 0, 0, 1, 0, 0, 1, 2, 0, 2, 0, 3, 2, 1, 2, 2, 3, 3, 3, 2, 0, 2, 0, 1, 2, 2, 0, 4, 2, 2, 0, 1, 2, 0, 3, 1, 2, 3, 2, 1, 1, 1, 0, 0, 0, 0, 0, 2], 'packedBins': {'min': -0.22560155391693115, 'size': 0.005392222781665623, 'count': 64}}",,,,,,"{'bins': [0.299142062664032, 0.299142062664032], '_type': 'histogram', 'values': [1]}",202638,,,,"{'packedBins': {'size': 0.028058725409209728, 'count': 64, 'min': -0.9611680507659912}, '_type': 'histogram', 'values': [1, 0, 0, 1, 1, 0, 1, 0, 1, 2, 2, 0, 1, 0, 0, 1, 3, 0, 2, 2, 2, 0, 1, 0, 1, 3, 2, 0, 2, 0, 4, 1, 2, 3, 0, 1, 1, 0, 2, 1, 1, 0, 0, 0, 1, 3, 0, 1, 0, 3, 0, 0, 2, 0, 1, 0, 2, 0, 3, 0, 0, 0, 0, 3]}","{'values': [1, 1, 0, 0, 0, 0, 1, 0, 0, 1, 1, 2, 1, 1, 1, 3, 1, 1, 0, 0, 3, 1, 1, 1, 0, 2, 1, 3, 4, 2, 1, 1, 2, 1, 3, 1, 1, 1, 0, 2, 3, 0, 1, 3, 0, 0, 1, 1, 0, 0, 0, 1, 2, 0, 0, 1, 0, 1, 1, 1, 0, 0, 0, 2], 'packedBins': {'size': 0.00971018336713314, 'count': 64, 'min': -0.28816697001457214}, '_type': 'histogram'}",,"{'_type': 'histogram', 'values': [1, 0, 1, 1, 1, 0, 2, 3, 0, 1, 4, 4, 3, 9, 8, 10, 14, 14, 15, 27, 35, 26, 23, 38, 43, 57, 58, 49, 82, 83, 85, 73, 77, 86, 91, 75, 78, 74, 76, 71, 64, 54, 56, 51, 41, 37, 25, 28, 26, 17, 11, 11, 9, 6, 4, 4, 1, 1, 3, 3, 0, 3, 2, 1], 'packedBins': {'min': -0.8721949458122253, 'size': 0.025951658375561237, 'count': 64}}",,,
,,26657.919385429,,,,,,,,,,18061312.0,,,,,1761534784.3605845,,,,,,,,,,,,,,,,,,,,,,,,,202800,,,,,,,,,0.06449874,
,,26712.962276701,,,,,,,,,0.50354004,18098176.0,,,,,1761534838.849189,,,,,,,,,,,,,,,,,,,,,,,,,203228,,,,,,,,,,
,,26757.995972674,,,,,,,,,,18128896.0,,,,,1761534884.237121,,,,,,,,,,,,,,,,,,,,,,,,,203559,,,,,,,,,0.15855853,
,,26773.006213146,,,,,,,,,,18137088.0,,,,,1761534896.3685303,,,,,,,,,,,,,0.17544068,,,,,,,,,,,,203653,,,,,,,,,,
,,26823.043745361,,,,,,,,,,18171904.0,,,,,1761534947.7256124,,,,,,,,,,,,,,0.13657014,,,,,,,,,,,204050,,,,,,,,,,
,,26853.0662237,,,,,,,,,,18194432.0,,,,,1761534980.616063,,,,,,,,,,,,,,,,,,,,10.49179,,,,,204311,,,,,,,,,,
,"{'values': [2, 1, 0, 1, 0, 0, 0, 1, 1, 0, 0, 0, 2, 0, 2, 1, 1, 0, 0, 1, 1, 0, 0, 0, 2, 0, 2, 1, 4, 0, 1, 1, 2, 3, 2, 1, 3, 2, 3, 2, 5, 0, 1, 1, 3, 2, 0, 1, 2, 0, 0, 1, 0, 0, 1, 0, 0, 2, 0, 0, 0, 0, 1, 1], 'packedBins': {'min': -0.29425451159477234, 'size': 0.00977901741862297, 'count': 64}, '_type': 'histogram'}",26858.06848182,,,,,"{'_type': 'histogram', 'values': [3, 0, 1, 3, 3, 3, 3, 7, 4, 13, 16, 17, 15, 24, 27, 38, 42, 56, 64, 83, 85, 81, 108, 125, 151, 133, 143, 147, 196, 180, 199, 164, 180, 184, 167, 183, 157, 154, 119, 126, 104, 99, 84, 76, 59, 53, 54, 27, 32, 24, 17, 17, 6, 7, 7, 10, 5, 3, 2, 1, 2, 0, 1, 2], 'packedBins': {'min': -0.8801851868629456, 'size': 0.027978663332760334, 'count': 64}}","{'packedBins': {'min': -0.049862250685691833, 'size': 0.004002160159870982, 'count': 64}, '_type': 'histogram', 'values': [1, 0, 0, 0, 0, 0, 0, 1, 0, 0, 0, 0, 0, 0, 0, 0, 0, 0, 0, 0, 0, 0, 0, 0, 0, 0, 0, 0, 0, 0, 0, 0, 0, 1, 1, 0, 0, 0, 0, 0, 0, 1, 0, 1, 0, 0, 0, 0, 0, 0, 0, 0, 0, 0, 0, 0, 0, 0, 0, 0, 1, 0, 0, 1]}",,,,18196480.0,,,,"{'_type': 'histogram', 'values': [1, 0, 0, 0, 0, 0, 0, 0, 0, 0, 0, 0, 0, 1, 1, 1, 2, 4, 11, 3, 5, 4, 1, 9, 9, 7, 10, 16, 18, 24, 17, 25, 35, 33, 34, 32, 25, 31, 23, 17, 30, 11, 11, 8, 11, 13, 8, 6, 2, 1, 1, 4, 3, 1, 2, 0, 0, 0, 0, 0, 0, 0, 0, 1], 'packedBins': {'min': -0.8659728169441223, 'size': 0.024676241911947727, 'count': 64}}",1761534983.6296155,,,,"{'values': [2, 0, 1, 0, 0, 0, 3, 2, 2, 8, 9, 10, 14, 17, 21, 32, 34, 45, 48, 51, 61, 74, 69, 110, 109, 125, 144, 152, 136, 141, 165, 169, 163, 168, 164, 187, 175, 177, 155, 139, 137, 129, 120, 98, 91, 73, 64, 51, 39, 44, 41, 27, 27, 25, 12, 10, 5, 6, 3, 3, 4, 1, 2, 2], 'packedBins': {'min': -0.7721034288406372, 'size': 0.023121320642530918, 'count': 64}, '_type': 'histogram'}","{'values': [1, 2, 1, 0, 0, 0, 1, 0, 0, 2, 0, 2, 1, 0, 3, 4, 1, 7, 15, 13, 17, 38, 46, 72, 111, 129, 181, 211, 248, 212, 158, 99, 87, 62, 34, 21, 16, 15, 8, 5, 5, 3, 3, 5, 3, 3, 3, 1, 1, 1, 1, 0, 1, 1, 0, 1, 0, 0, 0, 0, 0, 0, 0, 1], 'packedBins': {'min': -1.4441900253295898, 'size': 0.0513008888810873, 'count': 64}, '_type': 'histogram'}","{'_type': 'histogram', 'values': [2, 0, 0, 0, 0, 1, 0, 0, 0, 0, 0, 0, 0, 0, 0, 0, 0, 0, 1, 0, 0, 1, 0, 0, 1, 0, 0, 0, 0, 0, 0, 0, 0, 0, 0, 0, 0, 0, 0, 0, 0, 0, 0, 1, 0, 0, 0, 0, 0, 0, 0, 0, 0, 0, 0, 0, 0, 0, 0, 0, 0, 0, 0, 1], 'packedBins': {'min': -3.298607110977173, 'size': 0.025607777759432793, 'count': 64}}",,,,,,0.0,,,,"{'packedBins': {'min': -0.8536824584007263, 'size': 0.021133518777787685, 'count': 64}, '_type': 'histogram', 'values': [1, 0, 0, 0, 1, 0, 0, 1, 0, 0, 1, 0, 0, 2, 1, 0, 0, 2, 0, 0, 2, 1, 0, 2, 1, 4, 6, 2, 3, 1, 1, 1, 0, 1, 2, 0, 1, 1, 0, 0, 1, 2, 0, 0, 0, 0, 2, 2, 1, 1, 2, 2, 0, 1, 1, 1, 2, 2, 2, 1, 1, 0, 0, 2]}",,"{'_type': 'histogram', 'values': [1, 0, 0, 0, 0, 0, 0, 0, 0, 1, 0, 0, 0, 0, 0, 0, 0, 0, 0, 1, 1, 1, 0, 3, 1, 0, 2, 2, 1, 1, 1, 2, 3, 3, 0, 3, 3, 0, 1, 3, 2, 1, 2, 2, 0, 2, 2, 1, 1, 0, 2, 4, 2, 4, 2, 0, 0, 1, 0, 0, 0, 0, 0, 2], 'packedBins': {'min': -0.23573452234268188, 'size': 0.005632573971524835, 'count': 64}}",,,,,,"{'bins': [0.3229615092277527, 0.3229615092277527], '_type': 'histogram', 'values': [1]}",204317,,,,"{'_type': 'histogram', 'values': [1, 0, 0, 0, 2, 0, 1, 0, 0, 3, 2, 0, 1, 0, 0, 1, 2, 1, 0, 4, 1, 1, 1, 0, 1, 3, 1, 1, 1, 1, 4, 1, 3, 1, 1, 2, 0, 0, 2, 0, 2, 0, 0, 0, 1, 2, 1, 1, 0, 3, 0, 0, 2, 0, 1, 1, 1, 0, 3, 0, 0, 0, 0, 3], 'packedBins': {'min': -0.9832491278648376, 'size': 0.028597332537174225, 'count': 64}}","{'packedBins': {'min': -0.2905788719654083, 'size': 0.009663523640483618, 'count': 64}, '_type': 'histogram', 'values': [1, 1, 0, 0, 0, 0, 0, 1, 0, 1, 1, 1, 1, 2, 2, 1, 2, 1, 0, 0, 1, 3, 1, 1, 0, 1, 2, 2, 4, 3, 1, 1, 1, 1, 4, 0, 1, 1, 1, 2, 3, 0, 0, 1, 3, 0, 0, 1, 0, 1, 0, 0, 3, 0, 0, 0, 1, 0, 1, 1, 1, 0, 0, 2]}",,"{'_type': 'histogram', 'values': [1, 0, 1, 1, 1, 0, 3, 2, 1, 0, 4, 5, 2, 9, 7, 12, 11, 17, 14, 29, 31, 26, 29, 35, 34, 65, 60, 52, 79, 84, 83, 72, 75, 88, 88, 78, 80, 71, 77, 70, 65, 58, 49, 58, 34, 38, 26, 30, 24, 17, 13, 10, 7, 8, 2, 5, 2, 1, 2, 4, 0, 2, 3, 1], 'packedBins': {'size': 0.025913098827004433, 'count': 64, 'min': -0.8710019588470459}}",,,
,,26878.081979189,,,,,,,,,,18208768.0,,,,,1761535001.6596477,,,,,,,,,,,,,,,,,,,,,,,,,204469,0.10993263,,,,,,,,,
,,26878.083203635,,,,,,,,,,18210816.0,,,,,1761535004.6460025,,,,,,,,,,,,,,,,,,,,,,,,,204486,,,,,,,,0.0284512,,
,,26973.162531041,,,,,,,0.15,,,18274304.0,,,,,1761535097.5704453,,,,,,,,,,,,,,,,,,,,,,,,,205207,,,,,,,,,,
,,27028.211123458,,,-0.011821471,,,,,,,18313216.0,,,,,1761535154.6254478,,,,,,,,,,,,,,,,,,,,,,,,,205648,,,,,,,,,,
,,27058.233565638,,,,,,,,,,18333696.0,,,,,1761535184.9438457,,2.86432e-05,,,,,,,,,,,,,,,,,,,,,,,205865,,,,,,,,,,
,,27178.325262623,,,,,,,0.15,,,18415616.0,,,,,1761535305.2415278,,,,,,,,,,,,,,,,,,,,,,,,,206794,,,,,,,,,,
,,27213.351586514,,,,,,,,,,18440192.0,,,,,1761535341.4386587,,,,,,,,,,,,,,,,,,,,,,,0.87873316,,207065,,,,,,,,,,
,,27378.481316681,,,,,,,,,0.51204425,18550784.0,,,,,1761535504.5544667,,,,,,,,,,,,,,,,,,,,,,,,,208311,,,,,,,,,,
,,27413.506591066,,,,,,,,,,18575360.0,,,,,1761535540.4796295,,,,,,,,,,,,,,,,,,,,,1000.0,,,,208577,,,,,,,,,,
,,27418.510865426,,,,,,,,,,18577408.0,,,,,1761535543.5072207,,,,,,,,,,,0.00057105336,,,,,,,,,,,,,,208617,,,,,,,,,,
,,27423.516388933,,,,,,,,,,18581504.0,,,,,1761535549.5438786,,,,,,,,,,,,,,,,,,,,,,,,,208643,,,,,,,,,,0.14893655
,,27433.524302116,,,,,,,,,,18587648.0,,,,,1761535558.6403728,,,,,,,,,,0.073726855,,,,,,,,,,,,,,,208731,,,,,,,,,,
,,27633.690997324,,,,,,,,,,18724864.0,,,,,1761535761.1205373,,,,,,,,,,,,,,,,,,,,,,,,,210259,,,,,,,,0.0292544,,
,,27633.691115321,678.0,,,,,,,,,18724864.0,,,,,1761535761.1238205,,,,,,,,,,,,,,,,,,,,,,,,,210264,,,,,,,,,,
,,27873.875036081,,,,,,,,,,18888704.0,,,,,1761536002.0718153,,,,,,,,,,0.071541145,,,,,,,,,,,,,,,212112,,,,,,,,,,
,,27883.882668829,,,,,,,,,,18894848.0,,,,,1761536011.0610704,,,,,,,,,,,,0.0,,,,,,,,,,,,,212160,,,,,,,,,,
,,27913.905780992,,,,,,,,,,18915328.0,,,,,1761536041.2271228,,,,,,,,,,,,,,,,,,,,,,,,,212400,,0.01,,,,,,,,
,,27928.917615514,,,,,,,,,,18925568.0,,,,,1761536056.3965995,,,,,,,,,,,,,,,,,,,,11.101746,,,,,212522,,,,,,,,,,
,,28003.97732614,678.0,,,,,,,,,18974720.0,,,,,1761536128.7621994,,,,,,,,,,,,,,,,,,,,,,,,,213070,,,,,,,,,,
,,28059.038328591,,,,,,,,,,19011584.0,,,,,1761536183.2755945,,,,,,,,,,,0.003322309,,,,,,,,,,,,,,213493,,,,,,,,,,
,,28194.144465635,,,,,,,,,,19105792.0,,,,,1761536322.385023,,,,,,,,116595.03,,,,,,,,,,,,,,,,,214535,,,,,,,,,,
-6.810699,,28239.183804443,,,,,,,,,,19134464.0,,,,,1761536364.700671,,,,,,,,,,,,,,,,,,,,,,,,,214869,,,,,,,,,,
,,28304.236632109,,,,,,,,,,19179520.0,,,,,1761536431.1346345,,,,,,,,,,,,,,,,,,,,,,,,,215367,,0.01,,,,,,,,
,,28319.248324488,,,,,,,,,,19189760.0,,,,,1761536446.2336113,,,,,,,,,,,,,,0.11860444,,,,,,,,,,,215481,,,,,,,,,,
,,28364.288819331,,,,,,,,,,19220480.0,,,,,1761536491.5052485,,,,,,,,,,,,,,,,,,,,,,,,,215831,0.11058795,,,,,,,,,
,,28659.5231629,,,,,,,,,,19421184.0,,,,,1761536786.5461783,,,,,,,,,,,,,,0.11653557,,,,,,,,,,,218080,,,,,,,,,,
,,28774.611402425,,,,,,,,,0.55114746,19499008.0,,,,,1761536901.6125767,,,,,,,,,,,,,,,,,,,,,,,,,218960,,,,,,,,,,
,,28804.633963408,678.0,,,,,,,,,19517440.0,,,,,1761536928.7255833,,,,,,,,,,,,,,,,,,,,,,,,,219165,,,,,,,,,,
,,28814.642642434,,,,,,,,,,19525632.0,,,,,1761536940.7898037,,,,,,,,,,,,,,,,,,,,11.598578,,,,,219261,,,,,,,,,,
,,29014.784877506,,,,,,,,,,19660800.0,,,,,1761537139.6191854,,,,,,,,,,,,,,,,,,,,,,,,,220764,,,,,,,,,,8.975434
,,29069.828455842,,,,,,,,,,19697664.0,,,,,1761537193.7304769,,,,,,,,,,,,,,,,,,,,,,,,,221195,,,,,,0.0003,,,,
,,29144.891346006,,,,,,,,,,19748864.0,,,,,1761537269.0574634,,,,,,,,,,,,,,,,,,,,,,,,,221759,,,,,,,,0.0308544,,
,,29174.920395268,,,,,,,,,,19771392.0,,,,,1761537302.267509,,,,,,,,,,,,,,,,,,,,,,,,,222014,,0.01,,,,,,,,
,,29229.962907278,,,,,,,,,,19806208.0,,,,,1761537353.559194,,,,,,,,,,,,,,0.10987559,,,,,,,,,,,222404,,,,,,,,,,
,,29335.051073895,,,,,,,,,,19879936.0,,,,,1761537461.7310412,,,,,,,,,,,,,,,,,,,,,,,,,223225,,,,,,,,,,0.63434964
,,29340.054609972,,,,,,,,,,19881984.0,,,,,1761537464.7426984,,,,,,,,,,,,,,,,,,,,,,,,,223256,,0.01,,,,,,,,
-1.3214355,,29340.054804412,,,,,,,,,,19881984.0,,,,,1761537464.7498364,,,,,,,,,,,,,,,,,,,,,,,,,223264,,,,,,,,,,
0.99463046,,29400.102588408,,,,,,,,,,19922944.0,,,,,1761537525.0214577,,,,,,,,,,,,,,,,,,,,,,,,,223724,,,,,,,,,,
,,29445.138580455,,,,,,,,,,19955712.0,,,,,1761537573.2360668,,,,,,,,,,,,0.0,,,,,,,,,,,,,224074,,,,,,,,,,
,,29495.179597102,,,,,,,0.15,,,19986432.0,,,,,1761537618.5521822,,,,,,,,,,,,,,,,,,,,,,,,,224435,,,,,,,,,,
,,29545.218721046,678.0,,,,,,,,,20021248.0,,,,,1761537669.704412,,,,,,,,,,,,,,,,,,,,,,,,,224823,,,,,,,,,,
,,29565.233562597,,,,,,,,,,20035584.0,-1.2658479,,,,1761537690.81652,,,,,,,,,,,,,,,,,,,,,,,,,224975,,,,,,,,,,
,,29665.30959208,,,,,,,,,,20103168.0,,,,,1761537790.4351277,,,,,,,,,,,,,,,,,,,,,,,0.90866745,,225741,,,,,,,,,,
,,29730.357074427,,,,,,,,,,20146176.0,,,,,1761537853.8920534,,,,,,,,,,,,,,,,,,,,,,,0.9074589,,226224,,,,,,,,,,
,,29800.41403098,,,,,,,,,,20195328.0,,,,,1761537926.2079146,,,,,,,,,,,,,,,,,,,,12.262501,,,,,226782,,,,,,,,,,
,,30000.58416417,,,,,,,,,,20330496.0,-0.7497643,,,,1761538125.1716473,,,,,,,,,,,,,,,,,,,,,,,,,228287,,,,,,,,,,
0.27957177,,30180.726389061,,,,,,,,,,20453376.0,,,,,1761538306.3483503,,,,,,,,,,,,,,,,,,,,,,,,,229681,,,,,,,,,,
,,30405.916819571,,,,,,,,,,20606976.0,,,,,1761538532.2294633,,,,,,,,,,,,,,,,,,,,,,,,,231390,,,,,,,,,,0.8118921
,,30450.956802088,,,,,,,,,,20637696.0,,,,,1761538577.519146,,,,,,,,,,,,,,,,,,,,12.505893,,,,,231750,,,,,,,,,,
,,30465.969026259,,,,,,,,,,20645888.0,,,,,1761538589.6044374,,,,,,,,,,,0.0006744693,,,,,,,,,,,,,,231847,,,,,,,,,,
,,30480.980717468,,,,,,,,,,20658176.0,-1.821782,,,,1761538607.6608186,,,,,,,,,,,,,,,,,,,,,,,,,231967,,,,,,,,,,
,,30566.048256972,,,,,,,,,,20715520.0,,,,,1761538691.9935262,,,,,,,,,,,0.00016129379,,,,,,,,,,,,,,232629,,,,,,,,,,
,,30586.06266113,,,,,,,,,,20727808.0,,,,,1761538710.1256406,,3.2384e-05,,,,,,,,,,,,,,,,,,,,,,,232752,,,,,,,,,,
,,30691.14943694,,,,,,,,,,20799488.0,,,,,1761538815.9801805,,,,,,,,,,,,,,,,,,,,,,,,,233564,0.8057933,,,,,,,,,
,,30816.245962709,,,,,,,,,,20885504.0,,,,,1761538942.005663,,,,,,,,,,,,,,0.08714017,,,,,,,,,,,234525,,,,,,,,,,
,,30871.291648798,,,,,,,,,,20922368.0,,,,,1761538996.2575586,,,,,,,,,,,,,,0.08619447,,,,,,,,,,,234939,,,,,,,,,,
,,30926.334988593,,,,,,,,,,20961280.0,,,,,1761539053.3226137,,,,,,,,,,,,,,,,,,,,,,,,,235368,,,,,,,,,0.13992621,
,,30931.344048363,,,,,,,,,,20965376.0,,,,,1761539059.3484435,,,,,,,,,,,,,,,,,,,,,,,,,235427,0.17102614,,,,,,,,,
,,31236.593029202,,,,,,,,,,21170176.0,,,,,1761539361.104806,,,,,,,,,,,,,,,,,,,,,,,,,237714,,,,,,,,,0.06423257,
,,31356.685360838,,,,,,,,,,21252096.0,,,,,1761539481.561639,,,,,,,,,,,,,-0.018070567,,,,,,,,,,,,238636,,,,,,,,,,
-5.6767926,,31411.733953663,,,,,,,,,,21288960.0,,,,,1761539536.0308406,,,,,,,,,,,,,,,,,,,,,,,,,239065,,,,,,,,,,
,,31506.812833672,,,-0.014520264,,,,,,,21354496.0,,,,,1761539632.50855,,,,,,,,,,,,,,,,,,,,,,,,,239803,,,,,,,,,,
,,31541.840993707,,,,,,,,,,21377024.0,,,,,1761539665.62464,,,,,,,,,,,,,,,,,,,,,,,,,240046,,0.01,,,,,,,,
,,31691.959565158,,,-0.009430726,,,,,,,21479424.0,,,,,1761539816.1839063,,,,,,,,,,,,,,,,,,,,,,,,,241206,,,,,,,,,,
,,31731.989817171,,,,,,,,,,21506048.0,,,,,1761539855.3204398,,,,,,,,,,,,,,,,,,,,,,,,,241504,,,,,,0.0003,,,,
,,31752.004203408,,,,,,,,,,21520384.0,,,,,1761539876.3820577,,,,,,,,,,,,,,,,,,,,,,,,,241656,,0.01,,,,,,,,
,,31887.114557416,,,,,,,,,,21614592.0,,,,,1761540015.0294988,,,,,,,,,,,,,,,,,,,,,,,,,242718,0.19453718,,,,,,,,,
,,32122.312884801,,,,,,,0.15,,,21772288.0,,,,,1761540247.4325628,,,,,,,,,,,,,,,,,,,,,,,,,244491,,,,,,,,,,
,,32132.32350842,,,,,,,,,,21780480.0,,,,,1761540259.5059123,,,,,,,,,,,,,,,,,,,,,,,,,244575,,,,,,,,0.0340288,,
,,32267.428665199,,,,,,,,,,21872640.0,,,,,1761540395.0149612,,,,,,,,,,,,,,,,,,,,,,,,,245612,,0.01,,,,,,,,
,,32477.599091628,,,,,,,,,,22016000.0,,,,,1761540605.8255496,,,,,,,,,,,,0.0,,,,,,,,,,,,,247212,,,,,,,,,,
,,32482.603659393,,,-0.0061434587,,,,,,,22018048.0,,,,,1761540608.8477588,,,,,,,,,,,,,,,,,,,,,,,,,247255,,,,,,,,,,
,,32497.613260901,,,,,,,,,,22026240.0,,,,,1761540620.911566,,3.44128e-05,,,,,,,,,,,,,,,,,,,,,,,247334,,,,,,,,,,
,,32707.777473729,678.0,,,,,,,,,22169600.0,,,,,1761540831.6718912,,,,,,,,,,,,,,,,,,,,,,,,,248950,,,,,,,,,,
,,32973.006524614,,,,,,,,,,22349824.0,,,,,1761541096.7000344,,,,,,,,,,,,,,,,,,,,,,,,,250971,,0.01,,,,,,,,
,,33038.058488962,,,,,,,,,,22396928.0,,,,,1761541165.641179,,,,,,,,,,,,,-0.0062406966,,,,,,,,,,,,251493,,,,,,,,,,
,,33158.151298264,,,,,,,,,,22476800.0,,,,,1761541283.2531161,,,,,,,,,,,,,,,,,,,,,,,,,252389,,,,,,,,,,0.029321682
,,33263.239266447,,,,,,,,,,22548480.0,,,,,1761541388.7384028,,,,,,,,,,,,,,,,,,,,,,,,,253202,,0.01,,,,,,,,
,,33288.257115107,,,,,,,,,,22564864.0,,,,,1761541412.8713486,,,,,,,,,,,,,,,,,,,,13.257925,,,,,253393,,,,,,,,,,
,,33318.284723234,,,,,,,,,0.58687335,22585344.0,,,,,1761541442.8802865,,,,,,,,,,,,,,,,,,,,,,,,,253621,,,,,,,,,,
,,33523.450228519,,,,,,,,,0.5243327,22724608.0,,,,,1761541647.959278,,,,,,,,,,,,,,,,,,,,,,,,,255185,,,,,,,,,,
,,34224.02647286,,,,,,,,,0.583903,23199744.0,,,,,1761542347.2858155,,,,,,,,,,,,,,,,,,,,,,,,,260521,,,,,,,,,,
,,34439.200519021,,,,,,,,,,23349248.0,,,,,1761542566.9464257,,,,,,,,,,,7.781008e-05,,,,,,,,,,,,,,262207,,,,,,,,,,
,,34444.204052849,,,,,,,,,0.6128337,23351296.0,,,,,1761542569.9243348,,,,,,,,,,,,,,,,,,,,,,,,,262223,,,,,,,,,,
,,34579.317587847,,,,,,,,,,23443456.0,,,,,1761542705.4902868,,,,,,,,,,,,,,0.055539217,,,,,,,,,,,263252,,,,,,,,,,
,,34639.364282669,,,,,,,,,,23484416.0,,,,,1761542765.76118,,,,,,,,,,,,,,,,,,,,,1000.0,,,,263708,,,,,,,,,,
,,34724.431432207,,,,,,,,,,23541760.0,,,,,1761542850.0946977,,,,,,,,,,,,,,,,,,,,,,,,,264366,,,,,,0.0003,,,,
,,34739.442516849,,,,,,,,,,23552000.0,,,,,1761542865.0703726,,,,,,,,,,,,,,,,,,,,,,,,,264463,,,,,,,,,0.235,
,,34849.528190591,,,,,,,,,,23625728.0,,,,,1761542973.389464,,,,,,,,,,,,,,,,,,,,,,,,,265291,,,,,,,,,0.06421504,
,,34869.545225269,,,,,,,,,,23640064.0,,,,,1761542994.3961377,,,,,,,,18168.332,,,,,,,,,,,,,,,,,265457,,,,,,,,,,
,,34889.560892125,,,-0.009930784,,,,,,,23654400.0,,,,,1761543015.401958,,,,,,,,,,,,,,,,,,,,,,,,,265632,,,,,,,,,,
,,35024.671603883,,,,,,,0.15,,,23746560.0,,,,,1761543150.926809,,,,,,,,,,,,,,,,,,,,,,,,,266663,,,,,,,,,,
,,35024.671756646,,,,,,,,,,23746560.0,,,,,1761543150.931189,,,,,,,,,,,0.0003200735,,,,,,,,,,,,,,266669,,,,,,,,,,
,,35029.676387192,,,,,,,,,,23750656.0,,,,,1761543156.9503527,,,,,,,,53281.953,,,,,,,,,,,,,,,,,266699,,,,,,,,,,
,"{'values': [1, 0, 0, 0, 0, 0, 1, 0, 3, 0, 1, 1, 1, 0, 1, 0, 0, 1, 0, 1, 0, 0, 1, 0, 0, 1, 0, 3, 1, 3, 0, 1, 1, 2, 1, 2, 5, 0, 4, 2, 2, 4, 2, 2, 0, 3, 0, 2, 0, 2, 0, 1, 0, 2, 1, 1, 0, 1, 1, 0, 0, 1, 0, 1], 'packedBins': {'min': -0.3199753165245056, 'size': 0.010047700256109238, 'count': 64}, '_type': 'histogram'}",35114.74621856,,,,,"{'_type': 'histogram', 'values': [3, 0, 0, 1, 0, 6, 5, 6, 7, 13, 12, 15, 15, 28, 34, 32, 39, 37, 62, 69, 79, 95, 107, 111, 144, 142, 148, 140, 170, 178, 216, 170, 175, 176, 168, 178, 152, 150, 152, 132, 110, 91, 90, 87, 64, 48, 47, 37, 28, 27, 26, 25, 10, 3, 6, 7, 7, 5, 4, 1, 1, 2, 1, 2], 'packedBins': {'size': 0.028448428958654404, 'count': 64, 'min': -0.9053194522857666}}","{'_type': 'histogram', 'values': [1, 0, 0, 0, 0, 0, 0, 0, 0, 0, 0, 0, 0, 1, 0, 0, 0, 0, 0, 0, 0, 0, 0, 0, 0, 0, 0, 0, 0, 1, 0, 0, 0, 0, 0, 0, 0, 0, 0, 0, 1, 0, 0, 1, 0, 0, 1, 0, 0, 0, 0, 0, 0, 0, 0, 0, 0, 0, 0, 0, 1, 0, 0, 1], 'packedBins': {'size': 0.004717615665867925, 'count': 64, 'min': -0.09524163603782654}}",,,,23805952.0,,,,"{'_type': 'histogram', 'values': [1, 0, 0, 0, 0, 0, 0, 0, 0, 0, 1, 0, 2, 2, 0, 4, 5, 5, 5, 3, 5, 4, 7, 10, 9, 11, 17, 16, 23, 20, 19, 17, 32, 39, 39, 25, 30, 25, 24, 18, 16, 11, 15, 9, 8, 6, 8, 5, 3, 2, 2, 1, 3, 2, 1, 1, 0, 0, 0, 0, 0, 0, 0, 1], 'packedBins': {'size': 0.024298500269651413, 'count': 64, 'min': -0.8325088024139404}}",1761543238.3284307,,,,"{'packedBins': {'count': 64, 'min': -0.7850250005722046, 'size': 0.024055590853095055}, '_type': 'histogram', 'values': [1, 0, 0, 3, 2, 2, 3, 2, 8, 7, 8, 13, 20, 16, 28, 39, 34, 47, 38, 63, 74, 86, 95, 101, 114, 143, 150, 157, 165, 158, 176, 173, 157, 158, 186, 149, 163, 144, 175, 141, 104, 113, 99, 85, 74, 78, 57, 61, 39, 46, 29, 28, 27, 10, 11, 8, 10, 7, 4, 4, 0, 1, 1, 1]}","{'_type': 'histogram', 'values': [1, 1, 2, 0, 0, 0, 0, 0, 2, 1, 0, 1, 0, 1, 1, 2, 0, 2, 1, 8, 12, 13, 21, 37, 53, 76, 111, 168, 247, 270, 259, 178, 106, 106, 54, 35, 15, 13, 12, 9, 8, 4, 4, 0, 5, 2, 1, 3, 2, 2, 0, 1, 2, 1, 0, 1, 1, 0, 0, 0, 0, 0, 0, 1], 'packedBins': {'min': -1.6517313718795776, 'size': 0.0559250432997942, 'count': 64}}","{'_type': 'histogram', 'values': [1, 0, 0, 1, 0, 0, 0, 0, 1, 1, 0, 1, 0, 0, 0, 0, 0, 0, 1, 0, 1, 0, 0, 0, 0, 0, 0, 0, 0, 0, 0, 0, 0, 0, 0, 0, 0, 0, 0, 0, 0, 0, 0, 0, 0, 0, 0, 0, 0, 0, 0, 0, 0, 0, 0, 0, 0, 0, 0, 0, 0, 0, 0, 1], 'packedBins': {'size': 0.020274188369512558, 'count': 64, 'min': -3.499964475631714}}",,,,,,0.0,,,,"{'_type': 'histogram', 'values': [1, 1, 0, 0, 0, 1, 1, 0, 0, 1, 0, 0, 0, 1, 0, 1, 0, 1, 0, 3, 0, 1, 2, 3, 2, 0, 2, 1, 3, 1, 3, 1, 2, 1, 1, 2, 0, 2, 0, 2, 0, 0, 1, 1, 2, 0, 2, 1, 1, 1, 1, 0, 1, 1, 1, 2, 1, 2, 0, 2, 0, 3, 0, 1], 'packedBins': {'min': -0.9191704988479614, 'size': 0.022721626795828342, 'count': 64}}",,"{'_type': 'histogram', 'values': [1, 0, 1, 0, 0, 0, 0, 1, 0, 0, 1, 0, 0, 1, 0, 0, 1, 1, 0, 3, 4, 1, 2, 2, 1, 3, 3, 1, 2, 1, 3, 2, 0, 0, 0, 0, 0, 1, 0, 0, 0, 0, 0, 1, 0, 0, 3, 1, 1, 1, 3, 4, 2, 5, 2, 2, 0, 0, 0, 0, 0, 0, 1, 2], 'packedBins': {'min': -0.35973629355430603, 'size': 0.009241772815585136, 'count': 64}}",,,,,,"{'values': [1], 'bins': [0.47726574540138245, 0.47726574540138245], '_type': 'histogram'}",267314,,,,"{'_type': 'histogram', 'values': [1, 0, 0, 0, 1, 0, 0, 2, 1, 2, 1, 0, 2, 2, 3, 0, 0, 0, 1, 0, 0, 2, 4, 3, 2, 1, 1, 1, 1, 5, 2, 1, 2, 0, 0, 2, 1, 2, 1, 0, 0, 2, 2, 2, 0, 1, 0, 0, 0, 1, 0, 1, 0, 1, 0, 1, 0, 5, 0, 0, 0, 0, 0, 1], 'packedBins': {'min': -1.2474148273468018, 'size': 0.03914550691843033, 'count': 64}}","{'values': [1, 0, 0, 0, 1, 0, 0, 0, 0, 0, 1, 1, 0, 2, 3, 3, 1, 1, 1, 0, 1, 1, 0, 1, 3, 1, 3, 1, 0, 7, 1, 0, 1, 1, 3, 1, 2, 3, 1, 1, 1, 0, 2, 2, 1, 1, 0, 1, 0, 0, 0, 3, 0, 0, 1, 0, 1, 1, 0, 2, 0, 0, 0, 1], 'packedBins': {'min': -0.32125452160835266, 'size': 0.010521887801587582, 'count': 64}, '_type': 'histogram'}",,"{'_type': 'histogram', 'values': [1, 1, 0, 1, 1, 1, 2, 2, 1, 3, 2, 4, 2, 10, 10, 12, 13, 10, 19, 25, 39, 23, 22, 40, 41, 53, 56, 53, 71, 75, 53, 97, 92, 78, 79, 79, 60, 86, 78, 58, 72, 49, 68, 50, 45, 37, 30, 31, 21, 27, 14, 11, 15, 6, 3, 7, 3, 2, 0, 3, 1, 2, 3, 3], 'packedBins': {'min': -0.8708627223968506, 'size': 0.02566196396946907, 'count': 64}}",,,
,,35174.796582389,,,,,,,0.15,,,23848960.0,,,,,1761543301.7305856,,,,,,,,,,,,,,,,,,,,,,,,,267813,,,,,,,,,,
,,35194.813179083,,,,,,,,,,23863296.0,,,,,1761543322.917985,,,,,,,,,,,,,,,,,,,,,1000.0,,,,267963,,,,,,,,,,
,,35279.885578301,,,,,,,,,,23920640.0,,,,,1761543407.156252,,,,,,,,,,,,,,,,,,,,,,,,,268604,,,,,,,,,,0.021020228
,,35414.990079453,,,,,,,,,,24010752.0,,,,,1761543539.76354,,,,,,,,,,,,,,,,,,,,,,,,,269615,,,,,,,,,0.06425865,
,,35515.067811242,,,,,,,,,,24078336.0,,,,,1761543639.3196158,,,,,,,,,,,,,,,,,,,,,,,,,270383,,0.01,,,,,,,,
,,35590.118466242,678.0,,,,,,,,,24131584.0,,,,,1761543717.751216,,,,,,,,,,,,,,,,,,,,,,,,,270984,,,,,,,,,,
,,35890.365350225,,,,190096.0,,,,,,24334336.0,,,,,1761544015.751971,,,,,,,,,,,,,,,,,,,,,,,,,273260,,,,,,,,,,
,,35985.444565765,,,,,,,,,,24399872.0,,,,,1761544112.4095113,,,,,,,,,,,,,,,,,,,,14.219548,,,,,274001,,,,,,,,,,
,,36050.496897072,,,,,,,,,,24444928.0,,,,,1761544178.6892877,,,,,,,,,,,0.0036597012,,,,,,,,,,,,,,274512,,,,,,,,,,
,,36130.563114955,,,,,,,,,,24496128.0,,,,,1761544254.279309,,,,,,,,,,,,,,,,,,,,,,,,,275079,0.15479305,,,,,,,,,
,,36160.589524115,,,-0.008133528,,,,,,,24516608.0,,,,,1761544284.4737957,,,,,,,,,,,,,,,,,,,,,,,,,275315,,,,,,,,,,
,,36185.608867648,,,,,,,,,,24535040.0,,,,,1761544311.6859663,,,,,,,,,,,,,,,,,,,,,,,,,275503,,,,,,,,,0.06421334,
,,36195.619717874,,,,,,,,,,24543232.0,,,,,1761544323.8026838,,,,,,,,,,0.045495067,,,,,,,,,,,,,,,275615,,,,,,,,,,
,,36595.937904322,,,,,,,,,,24815616.0,,,,,1761544723.638092,,,,,,,,,,,,,,,,,,,,,1000.0,,,,278658,,,,,,,,,,
,,36670.998959107,,,,,,,,,,24864768.0,,,,,1761544795.7911844,,,,,,,,,,,0.0030492092,,,,,,,,,,,,,,279227,,,,,,,,,,
,,36726.042690544,,,,,,,,,,24903680.0,,,,,1761544852.7130039,,,,,,,,,,,,,,,,,,,,,,,,,279652,,0.01,,,,,,,,
,,36836.125107216,,,-0.012375848,,,,,,,24977408.0,,,,,1761544961.1213026,,,,,,,,,,,,,,,,,,,,,,,,,280490,,,,,,,,,,
,,37031.278984489,,,,,,,,,,25110528.0,,,,,1761545157.1705987,,,,,,,,,,,,,,,,,,,,,,,,,281984,,,,,,0.0003,,,,
,,37116.351761363,678.0,,,,,,,,,25169920.0,,,,,1761545244.539134,,,,,,,,,,,,,,,,,,,,,,,,,282645,,,,,,,,,,
,,37156.384292537,,,,,,,,,,25194496.0,,,,,1761545280.7332416,,,,,,,,,,,,,,,,,,,,,,,,,282910,,,,,,,,,,0.18646993
,,37201.421913481,,,,,,,,,,25227264.0,,,,,1761545329.1573699,,,,,,,,,,,,,,,,,,,,,,,,,283295,,,,,,0.0003,,,,
,,37226.442403409,,,-0.0110864,,,,,,,25243648.0,,,,,1761545353.1675417,,,,,,,,,,,,,,,,,,,,,,,,,283480,,,,,,,,,,
,,37356.551893934,678.0,,,,,,,,,25329664.0,,,,,1761545479.9548266,,,,,,,,,,,,,,,,,,,,,,,,,284439,,,,,,,,,,
-13.958954,,37476.647485717,,,,,,,,,,25411584.0,,,,,1761545600.3992517,,,,,,,,,,,,,,,,,,,,,,,,,285364,,,,,,,,,,
,,37811.907793283,,,,,,,,,,25640960.0,,,,,1761545938.3450365,,,,,,,,,,,,,,,,,,,,,,,,,287936,0.17951477,,,,,,,,,
,,37831.92300574,,,,,,,,,,25653248.0,,,,,1761545956.391985,,,,,,,,,,,,,,,,,,,,,,,,,288070,,0.01,,,,,,,,
,,38047.086881395,,,,,,,,,,25798656.0,,,,,1761546170.3906586,,,,,,,,,,,,,,,,,,,,,,,,,289707,0.15325883,,,,,,,,,
,,38107.13015648,,,,,,,,,,25839616.0,,,,,1761546230.6003723,,,,,,,,,,,,,,,,,,,,,,,,,290154,,,,,,,,,0.06421208,
-0.646469,,38212.212022264,,,,,,,,,,25911296.0,,,,,1761546336.0449388,,,,,,,,,,,,,,,,,,,,,,,,,290976,,,,,,,,,,
,,38217.216313874,,,,,,,,,,25915392.0,,,,,1761546342.0046597,,,,,,,,,,,,,,,,,,,,,,,,,291014,,0.01,,,,,,,,
,,38702.613317926,,,-0.009732693,,,,,,,26245120.0,,,,,1761546827.452311,,,,,,,,,,,,,,,,,,,,,,,,,294727,,,,,,,,,,
,,38902.767993011,,,,,,,,,,26380288.0,,,,,1761547026.233595,,,,,,,,,,,,,,,,,,,,,,,,,296239,0.1692056,,,,,,,,,
,,38902.768340058,,,,,,,,,,26382336.0,,,,,1761547029.1830282,,,,,,,,,,,,,,,,,,,,,1000.0,,,,296253,,,,,,,,,,
,,39067.901837782,,,,,,,,,,26492928.0,,,,,1761547191.6776574,,,,,,,,,,,,,,,,,,,,,,,,,297491,,,,,,,,,0.0642315,
,,39087.922671975,,,,,,,,,,26509312.0,,,,,1761547215.7628388,,,,,,,,,,0.0416988,,,,,,,,,,,,,,,297695,,,,,,,,,,
0.98822105,,39132.963319547,,,,,,,,,,26540032.0,,,,,1761547261.029314,,,,,,,,,,,,,,,,,,,,,,,,,298037,,,,,,,,,,
,,39183.004895242,678.0,,,,,,,,,26572800.0,,,,,1761547309.4634547,,,,,,,,,,,,,,,,,,,,,,,,,298400,,,,,,,,,,
,,39398.179723693,,,,,,,,,,26718208.0,,,,,1761547522.922123,,,,,,,,,,,,,,,,,,,,,,,,,300039,,,,,,0.0003,,,,
,,39473.232282744,,,,,,,,,,26771456.0,,,,,1761547601.4325542,,,,,,,,,,,,,,,,,,,,,,,0.95922214,,300629,,,,,,,,,,
,,39498.251245257,,,,,,,,,,26787840.0,,,,,1761547625.4989321,,,,,,,,,,,,,,,,,,,,,,,,,300810,,,,,,,,0.0418528,,
,,39553.293049263,,,,,,,,,,26824704.0,,,,,1761547679.5662076,,,,,,,,,,,,,,,,,,,,,1000.0,,,,301221,,,,,,,,,,
,,39843.530404156,,,,,,,,,,27023360.0,,,,,1761547971.488519,,,,,,,,,,,0.007288703,,,,,,,,,,,,,,303469,,,,,,,,,,
,,40008.658069437,,,,,,,,,,27133952.0,,,,,1761548133.628515,,,,,,,,,,,0.007121965,,,,,,,,,,,,,,304711,,,,,,,,,,
,,40018.665252606,,,,,,,,,,27140096.0,,,,,1761548142.5755348,,,,,,,,,,0.0402836,,,,,,,,,,,,,,,304779,,,,,,,,,,
,,40168.794421992,,,,,,,,,,27244544.0,,,,,1761548295.7286184,,,,,,,,,,,,,,0.03716881,,,,,,,,,,,305940,,,,,,,,,,
,,40188.810602018,,,,212928.0,,,,,,27256832.0,,,,,1761548313.9733648,,,,,,,,,,,,,,,,,,,,,,,,,306081,,,,,,,,,,
,,40283.888084953,,,,,,,,,,27322368.0,-0.5026862,,,,1761548410.2316847,,,,,,,,,,,,,,,,,,,,,,,,,306809,,,,,,,,,,
,,40684.201166473,,,,,,,,,,27594752.0,,,,,1761548810.4826958,,,,,,,,,,,,,,,,,,,,,,,,,309874,,0.01,,,,,,,,
,,40714.223972901,,,,,,,,,,27615232.0,,,,,1761548840.5882764,,,,,,,,,,,,,,,,,,,,,1000.0,,,,310099,,,,,,,,,,
,,40794.289276529,678.0,,,,,,,,,27670528.0,,,,,1761548921.8456082,,,,,,,,,,,,,,,,,,,,,,,,,310728,,,,,,,,,,
-1.6629345,,40874.359125158,,,,,,,,,,27723776.0,,,,,1761549000.1295013,,,,,,,,,,,,,,,,,,,,,,,,,311331,,,,,,,,,,
,,40879.363058872,,,,,,,,,,27725824.0,,,,,1761549003.0978308,,,,,,,,,,,,,,,,,,,,,,,0.96566164,,311347,,,,,,,,,,
,,40924.398992699,,,,,,,,,,27756544.0,,,,,1761549048.3125312,,4.33664e-05,,,,,,,,,,,,,,,,,,,,,,,311688,,,,,,,,,,
,,40924.399016853,,,,,,,,,,27756544.0,,,,,1761549048.312539,,,,,,,,,,,,,,,,,,,,,,,,,311689,,,,,,,,0.0433664,,
,,41014.473332396,678.0,,,,,,,,,27817984.0,,,,,1761549138.7844913,,,,,,,,,,,,,,,,,,,,,,,,,312384,,,,,,,,,,
,,41049.498587654,,,,,,,,,,27842560.0,,,,,1761549174.7335267,,,,,,,,,,,,,-0.02623362,,,,,,,,,,,,312650,,,,,,,,,,
,,41074.51696274,,,,,,,,,,27858944.0,,,,,1761549198.8250246,,,,,,,,,,,,,,,,,,,,,,,,,312845,0.17950487,,,,,,,,,
,,41139.566285372,,,,,,,,,,27904000.0,,,,,1761549265.3247206,,,,,,,,,,,,,,,,,,,,,,,,,313351,0.94930613,,,,,,,,,
,,41209.61941435,,,,,,,,,,27951104.0,,,,,1761549334.5960188,,,,,,,,,,,,0.0,,,,,,,,,,,,,313866,,,,,,,,,,
,,41214.62466514,,,,,,,,,,27955200.0,,,,,1761549340.634809,,,,,,,,78025.65,,,,,,,,,,,,,,,,,313918,,,,,,,,,,
,,41244.651248113,,,,,,,,,,27975680.0,,,,,1761549370.7691884,,,,,,,,,,,,0.0,,,,,,,,,,,,,314142,,,,,,,,,,
,,41284.685246963,,,,,,,,,,28002304.0,-0.55223185,,,,1761549409.960677,,,,,,,,,,,,,,,,,,,,,,,,,314445,,,,,,,,,,
,,41324.715402007,678.0,,,,,,,,,28030976.0,,,,,1761549451.9976604,,,,,,,,,,,,,,,,,,,,,,,,,314776,,,,,,,,,,
,,41334.723198312,,,,,,,,,,28037120.0,,,,,1761549460.964215,,,,,,,,,,0.038192093,,,,,,,,,,,,,,,314853,,,,,,,,,,
,,41399.78124201,,,,,,,,,,28082176.0,,,,,1761549527.2464216,,,,,,,,,,,,,,,,,,,,,,,,,315352,0.17674172,,,,,,,,,
,,41785.091438494,,,,,,,,,,28344320.0,,,,,1761549912.9990668,,,,,,,,,,,,,,,,,,,,,,,,,318284,,,,,,,,,,0.12519939
,,41840.1332724,,,,,,,,,,28381184.0,,,,,1761549967.1994863,,,,,,,,,,,,,,0.032594822,,,,,,,,,,,318705,,,,,,,,,,
,,41845.136598596,,,,,,,,,,28383232.0,,,,,1761549970.205613,,,,,,,,,,,,,,,,,,,,,,,,,318733,0.26368248,,,,,,,,,
,,41960.218261495,,,,,,,,,,28463104.0,,,,,1761550087.732389,,,,,,,,,,0.037710212,,,,,,,,,,,,,,,319637,,,,,,,,,,
,,41990.238654238,,,,,,,,,,28481536.0,,,,,1761550114.8469253,,,,,,,,,,,,,,,,,,,,15.198623,,,,,319840,,,,,,,,,,
,,42195.400933764,,,,,,,,,,28622848.0,,,,,1761550322.164685,,,,,,,,22723.56,,,,,,,,,,,,,,,,,321416,,,,,,,,,,
,,42510.651590649,,,,,,,,,,28837888.0,-0.3495406,,,,1761550638.603504,,,,,,,,,,,,,,,,,,,,,,,,,323829,,,,,,,,,,
,,42770.864889016,,,,226656.0,,,,,,29014016.0,,,,,1761550897.1552753,,,,,,,,,,,,,,,,,,,,,,,,,325815,,,,,,,,,,
0.99442214,,42790.880775839,,,,,,,,,,29026304.0,,,,,1761550915.2760644,,,,,,,,,,,,,,,,,,,,,,,,,325959,,,,,,,,,,
,,43106.136878002,,,,,,,,,,29241344.0,,,,,1761551231.3605428,,,,,,,,,,,,,,,,,,,,,,,,,328357,,,,,,,,,0.14965342,
,,43146.163922935,,,,,,,,,,29270016.0,,,,,1761551273.5750473,,,,,,,,,,,,,,,,,,,,,1000.0,,,,328683,,,,,,,,,,
,,43291.271122361,,,,,,,,,,29366272.0,,,,,1761551414.8387568,,,,,,,,,,,,,,,,,,,,,,,,,329761,,,,,,,,,,0.1870328
0.8950199,,43351.322331495,,,,,,,,,,29409280.0,,,,,1761551478.1546052,,,,,,,,,,,,,,,,,,,,,,,,,330260,,,,,,,,,,
,,43381.346258397,,,,,,,,,,29429760.0,,,,,1761551508.0295453,,,,,,,,,,,,,,,,,,,,15.297897,,,,,330489,,,,,,,,,,
,,43396.358871044,,,-0.00422813,,,,,,,29440000.0,,,,,1761551523.1193788,,,,,,,,,,,,,,,,,,,,,,,,,330607,,,,,,,,,,
,,43441.391598388,,,,,,,,,,29468672.0,-0.36278448,,,,1761551565.1073155,,,,,,,,,,,,,,,,,,,,,,,,,330913,,,,,,,,,,
,,43586.508964112,,,,,,,,,,29569024.0,,,,,1761551712.576288,,,,,,,,,,,,,,,,,,,,,,,,,332038,,,,,,,,,,0.080981545
-0.019903183,,43596.516150576,,,,,,,,,,29575168.0,,,,,1761551721.608424,,,,,,,,,,,,,,,,,,,,,,,,,332123,,,,,,,,,,
,,43641.5586784,,,,,,,,,,29607936.0,,,,,1761551769.6625257,,,,,,,,,,,,,,,,,,,,,1000.0,,,,332478,,,,,,,,,,
,,43766.653422132,,,,,,,,,,29691904.0,,,,,1761551893.3654356,,,,,,,,,,0.037062127,,,,,,,,,,,,,,,333437,,,,,,,,,,
,,43841.716191493,,,,,,,,,,29743104.0,,,,,1761551968.711009,,4.64704e-05,,,,,,,,,,,,,,,,,,,,,,,333998,,,,,,,,,,
,,43891.75566512,,,,,,,,,,29775872.0,,,,,1761552017.1208038,,,,,,,,,,,,,,,,,,,,,,,,,334367,,,,,,,,0.0465216,,
,,44081.918321238,,,,,,,,,,29906944.0,8.058803,,,,1761552210.0259233,,,,,,,,,,,,,,,,,,,,,,,,,335835,,,,,,,,,,
,,44232.03797452,,,,,,,,,,30007296.0,,,,,1761552357.578753,,,,,,,,,,,,,,,,,,,,,,,,,336972,0.14839152,,,,,,,,,
,,44307.097482108,,,,,,,,,,30058496.0,,,,,1761552432.7117093,,,,,,,,,,,,0.0,,,,,,,,,,,,,337533,,,,,,,,,,
,,44522.261953877,,,,,,,,,,30203904.0,,,,,1761552645.57892,,,,,,,,,,,,,,0.029962549,,,,,,,,,,,339175,,,,,,,,,,
,,44572.306903592,678.0,,,,,,,,,30238720.0,,,,,1761552696.661544,,,,,,,,,,,,,,,,,,,,,,,,,339570,,,,,,,,,,
,,44572.30718321,,,,,,,,,,30240768.0,,,,,1761552699.674862,,,,,,,,,,,,0.0,,,,,,,,,,,,,339580,,,,,,,,,,
,,44807.482078272,,,,,,,,,,30398464.0,,,,,1761552931.1637874,,,,,,,,,,,,,,,,,,,,,,,,,341359,,,,,,,,0.0474944,,
,,44822.492158664,,,,,,,,,,30408704.0,,,,,1761552946.2978806,,,,,,,,,,,,,0.043141704,,,,,,,,,,,,341469,,,,,,,,,,
,,44857.523524663,,,-0.0034962369,,,,,,,30435328.0,,,,,1761552985.2877886,,,,,,,,,,,,,,,,,,,,,,,,,341785,,,,,,,,,,
,,44872.536641246,,,,,,,,,,30445568.0,,,,,1761553000.372724,,,,,,,,,,,,,,,,,,,,,,,,,341890,,0.01,,,,,,,,
,,44947.60039691,,,,,,,,,,30496768.0,7.077683,,,,1761553075.733479,,,,,,,,,,,,,,,,,,,,,,,,,342459,,,,,,,,,,
,,44977.626665384,,,,,,,,,,30515200.0,,,,,1761553102.9184084,,,,,,,,44118.25,,,,,,,,,,,,,,,,,342668,,,,,,,,,,
,,45092.721315543,,,,,,,,,,30595072.0,,,,,1761553220.934839,,,,,,,,,,,,,,0.0291881,,,,,,,,,,,343568,,,,,,,,,,
,,45217.831400366,,,,,,,,,,30679040.0,0.39065912,,,,1761553344.341545,,,,,,,,,,,,,,,,,,,,,,,,,344506,,,,,,,,,,
,,45643.170640636,,,,,,,,,,30967808.0,,,,,1761553768.9313407,,4.8384e-05,,,,,,,,,,,,,,,,,,,,,,,347752,,,,,,,,,,
,,45683.206557342,,,,242128.0,,,,,,30994432.0,,,,,1761553807.9156337,,,,,,,,,,,,,,,,,,,,,,,,,348056,,,,,,,,,,
,,45768.27436279,,,,,,,,,,31051776.0,,,,,1761553891.8926136,,,,,,,,,,,,,,,,,,,,,,,,,348702,0.17205575,,,,,,,,,
,,45858.34961921,,,,,,,,,,31115264.0,,,,,1761553984.9330478,,,,,,,,,,,,,,,,,,,,,,,,,349420,,,,,,0.0003,,,,
,,45908.38832687,,,,,,,,,,31150080.0,,,,,1761554035.8705342,,,,,,,,,,,,,,,,,,,,,,,,,349793,,,,,,,,,0.06421445,
,,45983.441716326,,,,,,,,,,31199232.0,-0.3916055,,,,1761554107.7336042,,,,,,,,,,,,,,,,,,,,,,,,,350348,,,,,,,,,,
,,45993.448951555,,,,,,,,,,31205376.0,,,,,1761554116.705599,,,,,,,,,,,,,,,,,,,,,,,,,350414,,,,,,,,,0.06427583,
,,46548.904198144,,,,,,,,,,31586304.0,,,,,1761554676.297796,,4.93504e-05,,,,,,,,,,,,,,,,,,,,,,,354698,,,,,,,,,,
,,46679.006202169,,,,,,,,,,31674368.0,,,,,1761554805.9606671,,,,,,,,,,,,,,,,,,,,,,,,,355699,,,,,,0.0003,,,,
,"{'packedBins': {'min': -0.304579496383667, 'size': 0.009429866913706064, 'count': 64}, '_type': 'histogram', 'values': [1, 1, 0, 0, 0, 3, 1, 0, 1, 0, 0, 0, 0, 0, 0, 0, 1, 0, 0, 0, 1, 1, 1, 0, 0, 1, 3, 1, 1, 1, 0, 2, 1, 0, 5, 2, 3, 3, 2, 4, 0, 1, 3, 3, 2, 0, 0, 2, 1, 0, 0, 0, 3, 0, 0, 0, 3, 1, 2, 1, 0, 0, 0, 2]}",46839.139168148,,,,,"{'packedBins': {'min': -0.9076099395751953, 'size': 0.02854726742953062, 'count': 64}, '_type': 'histogram', 'values': [1, 1, 2, 1, 4, 2, 5, 6, 8, 16, 18, 15, 25, 27, 27, 29, 30, 49, 67, 71, 82, 102, 110, 122, 117, 129, 172, 156, 161, 165, 188, 173, 184, 173, 159, 172, 148, 160, 127, 129, 113, 114, 87, 84, 61, 49, 50, 41, 35, 28, 22, 21, 16, 6, 6, 7, 6, 5, 4, 0, 2, 2, 1, 3]}","{'_type': 'histogram', 'values': [1, 0, 0, 0, 0, 0, 0, 0, 0, 0, 1, 0, 0, 0, 0, 0, 0, 0, 0, 0, 1, 0, 0, 0, 0, 0, 0, 0, 0, 0, 0, 0, 0, 0, 0, 0, 1, 0, 0, 0, 0, 0, 0, 0, 0, 0, 0, 1, 0, 1, 0, 0, 0, 1, 0, 0, 0, 0, 0, 0, 0, 0, 0, 1], 'packedBins': {'count': 64, 'min': -0.08434511721134186, 'size': 0.004737732466310263}}",,,,31780864.0,,,,"{'packedBins': {'min': -0.862175703048706, 'size': 0.02469068206846714, 'count': 64}, '_type': 'histogram', 'values': [1, 0, 0, 0, 0, 0, 0, 0, 0, 0, 1, 0, 0, 0, 2, 3, 5, 2, 3, 3, 5, 7, 5, 8, 8, 11, 17, 19, 14, 15, 24, 17, 31, 37, 33, 31, 24, 28, 24, 23, 25, 18, 13, 10, 11, 8, 3, 6, 0, 7, 1, 3, 1, 2, 2, 0, 0, 0, 0, 0, 0, 0, 0, 1]}",1761554962.6203156,,,,"{'_type': 'histogram', 'values': [1, 1, 0, 2, 1, 1, 6, 6, 5, 7, 10, 7, 22, 32, 25, 28, 32, 45, 52, 67, 75, 86, 81, 103, 132, 127, 155, 154, 161, 168, 139, 148, 184, 180, 153, 145, 170, 157, 148, 124, 119, 118, 105, 88, 81, 70, 60, 54, 49, 45, 42, 28, 19, 19, 14, 9, 10, 11, 10, 2, 1, 0, 1, 1], 'packedBins': {'min': -0.7874581813812256, 'size': 0.02403633575886488, 'count': 64}}","{'packedBins': {'size': 0.05776440165936947, 'count': 64, 'min': -1.6721493005752563}, '_type': 'histogram', 'values': [3, 0, 1, 0, 0, 0, 0, 2, 1, 0, 1, 0, 0, 1, 1, 2, 1, 5, 7, 3, 14, 10, 31, 53, 59, 91, 148, 209, 280, 273, 220, 133, 101, 68, 41, 17, 19, 16, 8, 6, 8, 1, 1, 3, 2, 3, 2, 1, 0, 2, 3, 1, 0, 0, 1, 0, 2, 0, 0, 0, 0, 0, 0, 1]}","{'packedBins': {'min': -3.6243669986724854, 'size': 0.008315086364746094, 'count': 64}, '_type': 'histogram', 'values': [1, 0, 0, 0, 0, 0, 1, 0, 0, 0, 0, 0, 0, 0, 0, 0, 0, 0, 0, 0, 0, 0, 0, 1, 0, 0, 0, 0, 0, 1, 0, 1, 1, 0, 0, 0, 0, 0, 0, 0, 0, 1, 0, 0, 0, 0, 0, 0, 0, 0, 0, 0, 0, 0, 0, 0, 0, 0, 0, 0, 0, 0, 0, 1]}",,,,,,0.0,,,,"{'_type': 'histogram', 'values': [2, 0, 1, 0, 1, 0, 0, 1, 0, 0, 1, 0, 1, 0, 0, 1, 0, 0, 2, 2, 1, 1, 0, 2, 3, 0, 2, 2, 1, 1, 3, 1, 3, 2, 2, 1, 1, 0, 0, 0, 2, 1, 1, 1, 1, 0, 3, 1, 2, 1, 0, 1, 0, 1, 1, 2, 2, 2, 0, 1, 2, 0, 0, 1], 'packedBins': {'min': -0.91179358959198, 'size': 0.022964789532124996, 'count': 64}}",,"{'_type': 'histogram', 'values': [1, 0, 1, 0, 1, 1, 0, 0, 0, 0, 1, 0, 0, 0, 0, 0, 1, 1, 1, 0, 0, 1, 0, 2, 1, 3, 4, 3, 4, 1, 3, 2, 1, 2, 1, 0, 0, 0, 1, 0, 0, 0, 1, 3, 2, 3, 3, 0, 4, 6, 0, 2, 0, 0, 0, 0, 2, 0, 0, 0, 0, 0, 0, 1], 'packedBins': {'count': 64, 'min': -0.3908369243144989, 'size': 0.010386423207819462}}",,,,,,"{'values': [1], 'bins': [0.5440752506256104, 0.5440752506256104], '_type': 'histogram'}",356876,,,,"{'packedBins': {'count': 64, 'min': -1.3520622253417969, 'size': 0.045902194455266}, '_type': 'histogram', 'values': [1, 0, 0, 0, 1, 1, 2, 3, 0, 0, 3, 3, 0, 1, 0, 0, 0, 1, 0, 4, 2, 2, 4, 1, 1, 2, 2, 1, 1, 4, 1, 0, 3, 1, 0, 2, 0, 1, 1, 2, 1, 2, 1, 0, 0, 0, 0, 0, 0, 2, 1, 2, 1, 2, 0, 0, 0, 0, 0, 0, 0, 0, 0, 1]}","{'_type': 'histogram', 'values': [1, 1, 0, 0, 0, 0, 2, 0, 1, 0, 1, 2, 1, 1, 2, 0, 3, 0, 0, 1, 1, 3, 1, 2, 2, 2, 1, 2, 0, 0, 4, 2, 0, 1, 2, 2, 2, 1, 3, 1, 0, 1, 0, 0, 2, 1, 2, 0, 0, 1, 0, 1, 0, 2, 1, 0, 1, 1, 0, 1, 0, 1, 0, 1], 'packedBins': {'size': 0.010276435408741236, 'count': 64, 'min': -0.3033941686153412}}",,"{'packedBins': {'size': 0.026932493783533573, 'count': 64, 'min': -0.8736116290092468}, '_type': 'histogram', 'values': [1, 0, 1, 2, 0, 4, 1, 1, 1, 3, 7, 4, 8, 11, 7, 13, 9, 22, 25, 36, 29, 28, 49, 53, 39, 64, 72, 61, 85, 80, 69, 74, 81, 97, 72, 70, 69, 96, 64, 53, 58, 55, 45, 43, 29, 43, 27, 19, 14, 14, 11, 9, 4, 4, 6, 1, 3, 2, 2, 1, 2, 2, 0, 1]}",,,
,,46844.145643217,,,,,,,0.15,,,31787008.0,,,,,1761554971.6783028,,,,,,,,,,,,,,,,,,,,,,,,,356961,,,,,,,,,,
,,46929.213303231,,,,,,,,,,31844352.0,,,,,1761555055.8690026,,4.97536e-05,,,,,,,,,,,,,,,,,,,,,,,357596,,,,,,,,,,
,,46984.255301577,,,,,,,,,,31881216.0,,,,,1761555109.9815254,,,,,,,,,,,,,,,,,,,,,,,0.9739577,,358014,,,,,,,,,,
,,47054.307351652,,,,249440.0,,,,,,31930368.0,,,,,1761555182.1838274,,,,,,,,,,,,,,,,,,,,,,,,,358567,,,,,,,,,,
