global_step,parameters/mlp_extractor.policy_net.2.bias,gradients/mlp_extractor.value_net.2.weight,time/fps,train/explained_variance,_runtime,robot/height,curriculum/current_phase,parameters/value_net.weight,train/entropy_loss,train/clip_fraction,rollout/ep_len_mean,parameters/mlp_extractor.value_net.2.bias,train/clip_range,robot/velocity_ms,rollout/ep_rew_mean,gradients/action_net.weight,gradients/mlp_extractor.policy_net.2.weight,gradients/action_net.bias,gradients/mlp_extractor.value_net.0.bias,train/value_loss,parameters/action_net.bias,parameters/mlp_extractor.value_net.0.bias,train/approx_kl,train/loss,gradients/mlp_extractor.policy_net.0.weight,train/std,parameters/mlp_extractor.value_net.0.weight,gradients/mlp_extractor.policy_net.2.bias,robot/total_distance,_step,gradients/log_std,parameters/mlp_extractor.policy_net.2.weight,train/policy_gradient_loss,parameters/mlp_extractor.value_net.2.weight,_timestamp,gradients/value_net.bias,gradients/value_net.weight,gradients/mlp_extractor.value_net.2.bias,robot/x_position,parameters/log_std,train/learning_rate,parameters/mlp_extractor.policy_net.0.bias,gradients/mlp_extractor.value_net.0.weight,parameters/action_net.weight,parameters/mlp_extractor.policy_net.0.weight,gradients/mlp_extractor.policy_net.0.bias,parameters/value_net.bias
59392.0,,,,,111.265564751,,,,,,,,0.2,,,,,,,,,,,,,,,,,504,,,,,1761508235.7068315,,,,,,,,,,,,
79872.0,,,,,136.285705211,,,,,,,,,,,,,,,,,,,,,,,,,689,,,-0.01070167,,1761508263.930044,,,,,,,,,,,,
92160.0,,,,,156.29852774,,,,,,,,,,27339.045,,,,,,,,,,,,,,,788,,,,,1761508280.8630126,,,,,,,,,,,,
114688.0,,,,,186.319151492,,0.0,,,,,,,,,,,,,,,,,,,,,,,980,,,,,1761508312.0880044,,,,,,,,,,,,
256000.0,,,,,381.462748784,,,,,,,,,-12.292308,,,,,,,,,,,,,,,,2225,,,,,1761508507.1830604,,,,,,,,,,,,
299008.0,,,,,441.50885668,,,,,,,,0.2,,,,,,,,,,,,,,,,,2610,,,,,1761508566.6013086,,,,,,,,,,,,
303104.0,,,,0.95893234,446.512642349,,,,,,,,,,,,,,,,,,,,,,,,,2648,,,,,1761508572.2674692,,,,,,,,,,,,
630784.0,,,,,896.84351304,,,,,,,,,,,,,,,,,,,,,,,,2.7709568,5518,,,,,1761509024.3102608,,,,,,,,,,,,
669696.0,,,,,951.884989447,,,,,,,,,,113726.836,,,,,,,,,,,,,,,5864,,,,,1761509077.584173,,,,,,,,,,,,
808960.0,,,,,1142.035101518,,,,-10.01247,,,,,,,,,,,,,,,,,,,,,7093,,,,,1761509269.7157624,,,,,,,,,,,,
835584.0,,,,0.98988354,1182.065339453,,,,,,,,,,,,,,,,,,,,,,,,,7328,,,,,1761509306.3705995,,,,,,,,,,,,
933888.0,,,,,1317.167220122,,,,,,,,,,,,,,,,,,,,,,,,0.79631674,8182,,,,,1761509441.9894874,,,,,,,,,,,,
968704.0,,,,,1362.201418531,,,,,,,,,,,,,,,,,,,,,,,,,8501,,,-0.011466186,,1761509490.0514252,,,,,,,,,,,,
1099776.0,,,,,1542.339879924,,,,,,,,,,,,,,,,,,,,,,,,,9653,,,-0.009498664,,1761509670.612167,,,,,,,,,,,,
1169408.0,,,,,1642.418892057,,,,,,,,,,,,,,,,,,,,,0.7689202,,,,10266,,,,,1761509767.033813,,,,,,,,,,,,
1210368.0,,,,,1697.464491573,,,,,,,,,,,,,,,0.041247237,,,,,,,,,,10627,,,,,1761509823.8013332,,,,,,,,,,,,
1277952.0,,,,0.9791301,1792.538389751,,,,,,,,,,,,,,,,,,,,,,,,,11216,,,,,1761509917.275406,,,,,,,,,,,,
1282048.0,,,,,1797.54072587,,,,-9.00989,,,,,,,,,,,,,,,,,,,,,11251,,,,,1761509922.981339,,,,,,,,,,,,
1435648.0,,,,,2007.696303819,,,,,,,,,,,,,,,0.008443348,,,,,,,,,,12607,,,,,1761510134.484985,,,,,,,,,,,,
1513472.0,,,,,2117.781811703,,,,,,,,0.2,,,,,,,,,,,,,,,,,13284,,,,,1761510241.9477608,,,,,,,,,,,,
1548288.0,,,,,2162.816940395,,,,-8.557846,,,,,,,,,,,,,,,,,,,,,13591,,,,,1761510289.9854603,,,,,,,,,,,,
1783808.0,,,723.0,,2488.069285167,,,,,,,,,,,,,,,,,,,,,,,,,15657,,,,,1761510615.4340208,,,,,,,,,,,,
1792000.0,,,,,2503.07934176,,,,,,,,,,,,,,,,,,,,,,,,0.0,15724,,,,,1761510626.636573,,,,,,,,,,,,
1855488.0,,,,,2588.145912966,,,,,,,,,,,,,,,,,,,,,,,,1.5189595,16282,,,,,1761510714.5253036,,,,,,,,,,,,
2099200.0,,,,,2923.404597552,,,,-7.837966,,,,,,,,,,,,,,,,,,,,,18433,,,,,1761511051.6805012,,,,,,,,,,,,
2136064.0,,,,0.8117969,2978.44657725,,,,,,,,,,,,,,,,,,,,,,,,,18758,,,,,1761511102.3897703,,,,,,,,,,,,
2236416.0,,,723.0,,3113.551029172,,,,,,,,,,,,,,,,,,,,,,,,,19635,,,,,1761511240.6952891,,,,,,,,,,,,
2381824.0,,,,,3313.707320448,,,,,,,,,,,,,,,,,,,-0.023507915,,,,,,20920,,,,,1761511441.0023687,,,,,,,,,,,,
2406400.0,,,,,3348.733087705,,,,,,,,,,,,,,,,,,,,,,,,,21137,,,-0.012027523,,1761511474.9967566,,,,,,,,,,,,
2449408.0,"{'values': [2, 2, 1, 0, 0, 2, 0, 2, 0, 0, 0, 1, 1, 1, 2, 0, 1, 1, 4, 2, 1, 3, 1, 1, 4, 2, 5, 2, 5, 3, 4, 5, 8, 3, 5, 5, 6, 4, 3, 3, 5, 1, 3, 2, 2, 0, 0, 2, 4, 1, 0, 1, 1, 0, 3, 0, 2, 3, 1, 0, 0, 1, 0, 1], 'packedBins': {'count': 64, 'min': -0.06632073223590851, 'size': 0.003011763561517}, '_type': 'histogram'}",,,,3408.777265158,,0.0,"{'_type': 'histogram', 'values': [1, 0, 1, 0, 0, 0, 0, 0, 0, 0, 0, 0, 0, 1, 1, 1, 0, 2, 3, 3, 5, 1, 3, 5, 5, 6, 4, 3, 3, 3, 2, 3, 1, 1, 5, 4, 4, 4, 5, 4, 6, 3, 11, 4, 2, 3, 3, 4, 1, 3, 2, 1, 0, 0, 0, 0, 0, 0, 0, 0, 0, 0, 0, 1], 'packedBins': {'min': -0.2760656177997589, 'size': 0.008132446091622114, 'count': 64}}",,,,"{'packedBins': {'min': -0.17847703397274017, 'size': 0.005937350215390325, 'count': 64}, '_type': 'histogram', 'values': [1, 0, 0, 0, 1, 0, 0, 2, 1, 1, 2, 0, 7, 2, 8, 6, 7, 4, 3, 3, 6, 2, 2, 0, 1, 1, 1, 0, 1, 0, 0, 0, 0, 0, 1, 0, 0, 2, 1, 2, 1, 2, 1, 3, 2, 3, 6, 6, 4, 7, 8, 5, 7, 3, 0, 0, 0, 1, 0, 0, 0, 0, 0, 1]}",,,,,,,,,"{'_type': 'histogram', 'values': [1, 0, 0, 0, 0, 0, 0, 0, 0, 0, 0, 0, 0, 0, 0, 0, 0, 0, 0, 0, 0, 0, 0, 0, 0, 2, 0, 0, 0, 0, 0, 0, 0, 0, 0, 0, 1, 0, 0, 1, 0, 0, 1, 0, 1, 0, 0, 0, 0, 0, 0, 0, 0, 0, 0, 0, 0, 0, 0, 0, 0, 0, 0, 1], 'packedBins': {'min': -0.049413856118917465, 'size': 0.0016244794242084026, 'count': 64}}","{'packedBins': {'min': -0.23487120866775513, 'size': 0.0071051286067813635, 'count': 64}, '_type': 'histogram', 'values': [1, 0, 1, 0, 0, 0, 0, 0, 0, 1, 0, 0, 0, 0, 1, 0, 0, 0, 1, 0, 0, 1, 1, 0, 1, 0, 2, 2, 1, 3, 1, 0, 3, 0, 3, 1, 3, 4, 1, 1, 3, 0, 2, 1, 3, 2, 1, 2, 1, 4, 1, 2, 1, 1, 0, 1, 0, 1, 0, 0, 1, 3, 0, 1]}",,,,,"{'_type': 'histogram', 'values': [1, 1, 0, 1, 0, 0, 0, 1, 0, 2, 3, 1, 2, 4, 6, 9, 9, 22, 19, 26, 23, 42, 36, 34, 53, 81, 83, 93, 109, 116, 106, 120, 114, 98, 100, 82, 79, 64, 57, 51, 51, 43, 31, 12, 14, 11, 6, 8, 7, 8, 6, 3, 2, 0, 2, 0, 0, 0, 0, 0, 2, 0, 0, 2], 'packedBins': {'min': -0.7511707544326782, 'size': 0.024137859232723713, 'count': 64}}",,,21500,,"{'packedBins': {'min': -0.592789888381958, 'size': 0.017495280131697655, 'count': 64}, '_type': 'histogram', 'values': [1, 0, 0, 0, 0, 0, 3, 0, 3, 7, 5, 7, 23, 25, 41, 32, 44, 58, 68, 91, 103, 118, 149, 173, 228, 236, 233, 269, 307, 305, 331, 378, 373, 376, 362, 352, 406, 380, 345, 324, 290, 267, 222, 194, 207, 159, 154, 102, 89, 85, 69, 57, 29, 30, 24, 22, 10, 9, 10, 1, 1, 2, 1, 2]}",,"{'_type': 'histogram', 'values': [2, 0, 1, 2, 2, 1, 9, 2, 7, 5, 18, 26, 40, 35, 35, 57, 68, 86, 88, 109, 135, 165, 182, 242, 252, 296, 310, 331, 333, 367, 382, 407, 421, 378, 380, 372, 392, 329, 287, 263, 237, 220, 173, 164, 126, 107, 79, 61, 50, 34, 35, 22, 24, 12, 6, 8, 8, 2, 3, 1, 0, 2, 0, 1], 'packedBins': {'min': -0.5104451179504395, 'size': 0.01584408525377512, 'count': 64}}",1761511534.4716742,,,,,"{'_type': 'histogram', 'values': [1, 0, 0, 0, 0, 0, 0, 0, 0, 0, 0, 0, 0, 1, 0, 0, 0, 0, 0, 0, 0, 0, 0, 0, 0, 0, 0, 0, 0, 0, 0, 0, 0, 1, 0, 0, 0, 1, 1, 0, 0, 0, 0, 1, 0, 0, 0, 0, 0, 0, 1, 0, 0, 0, 0, 0, 0, 0, 0, 0, 0, 0, 0, 1], 'packedBins': {'min': -0.6742764115333557, 'size': 0.004089925903826952, 'count': 64}}",,"{'values': [1, 0, 0, 0, 0, 0, 0, 0, 1, 0, 0, 0, 0, 0, 0, 1, 1, 0, 1, 1, 2, 1, 2, 2, 1, 0, 2, 3, 0, 1, 2, 1, 4, 2, 2, 2, 1, 3, 2, 2, 2, 1, 4, 1, 0, 1, 1, 0, 0, 0, 0, 2, 0, 1, 0, 4, 1, 1, 1, 1, 1, 0, 0, 1], 'packedBins': {'count': 64, 'min': -0.1114543229341507, 'size': 0.0044545449782162905}, '_type': 'histogram'}",,"{'_type': 'histogram', 'values': [1, 1, 0, 1, 0, 4, 3, 4, 3, 11, 7, 8, 8, 11, 10, 11, 18, 23, 27, 25, 26, 28, 31, 30, 32, 35, 49, 32, 35, 44, 36, 47, 46, 37, 34, 38, 22, 34, 37, 26, 23, 16, 21, 23, 13, 9, 7, 5, 6, 9, 3, 4, 3, 0, 2, 0, 1, 0, 2, 1, 0, 0, 0, 1], 'packedBins': {'min': -0.194585919380188, 'size': 0.006692203460261226, 'count': 64}}","{'packedBins': {'min': -0.6336013078689575, 'size': 0.020318190567195415, 'count': 64}, '_type': 'histogram', 'values': [1, 0, 0, 1, 3, 3, 4, 6, 7, 7, 7, 14, 13, 14, 28, 29, 25, 33, 37, 37, 38, 40, 48, 58, 62, 56, 66, 72, 70, 72, 83, 66, 70, 70, 71, 72, 66, 58, 46, 68, 45, 39, 40, 27, 25, 20, 16, 20, 20, 19, 12, 7, 11, 8, 4, 2, 4, 5, 3, 3, 3, 1, 0, 1]}",,"{'_type': 'histogram', 'values': [1], 'bins': [0.11734899878501892, 0.11734899878501892]}"
2482176.0,,,,,3453.816391381,,,,,,,,,,,,,,,,,,,,,,,,,21801,,,,,1761511579.6492112,,,,,,0.0003,,,,,,
2521088.0,,,,,3508.857143187,,,,,,1000.0,,,,,,,,,,,,,,,,,,,22135,,,,,1761511633.393241,,,,,,,,,,,,
2521088.0,,,,,3508.85726854,,,,,,,,0.2,,,,,,,,,,,,,,,,,22140,,,,,1761511633.3932931,,,,,,,,,,,,
2654208.0,,,,,3693.999897662,,,,,,,,0.2,,,,,,,,,,,,,,,,,23310,,,,,1761511817.7140074,,,,,,,,,,,,
2707456.0,,,,,3764.055582162,,,,,,,,,,,,,,,,,,0.022026446,,,,,,,23776,,,,,1761511891.3842444,,,,,,,,,,,,
2742272.0,,,,,3814.094520419,,,,,,,,,,,,,,,,,,,,,,,,,24087,,,,,1761511939.292614,,,,,,0.0003,,,,,,
3043328.0,,,,,4229.418640415,0.14622712,,,,,,,,,,,,,,,,,,,,,,,,26721,,,,,1761512355.9780731,,,,,,,,,,,,
3076096.0,,,,0.79306245,4274.454679084,,,,,,,,,,,,,,,,,,,,,,,,,27020,,,,,1761512401.1249526,,,,,,,,,,,,
3110912.0,"{'values': [1, 1, 2, 3, 1, 3, 2, 0, 0, 1, 0, 2, 0, 1, 4, 1, 0, 4, 3, 4, 1, 1, 3, 1, 4, 2, 5, 5, 5, 2, 9, 4, 6, 8, 3, 2, 0, 1, 4, 1, 1, 1, 4, 2, 4, 0, 3, 1, 2, 3, 1, 1, 0, 2, 2, 0, 0, 0, 0, 0, 0, 0, 0, 1], 'packedBins': {'count': 64, 'min': -0.06487433612346649, 'size': 0.0032375832088291645}, '_type': 'histogram'}",,,,4324.492976039,,0.0,"{'_type': 'histogram', 'values': [1, 0, 0, 0, 0, 1, 0, 0, 0, 0, 0, 0, 0, 1, 2, 0, 0, 2, 3, 0, 4, 2, 5, 2, 3, 4, 6, 8, 3, 4, 3, 2, 1, 0, 5, 3, 2, 4, 7, 3, 6, 8, 5, 7, 2, 4, 5, 2, 1, 1, 4, 0, 1, 0, 0, 0, 0, 0, 0, 0, 0, 0, 0, 1], 'packedBins': {'size': 0.008475055219605565, 'count': 64, 'min': -0.29321008920669556}}",,,,"{'_type': 'histogram', 'values': [1, 0, 0, 1, 0, 1, 2, 1, 0, 1, 4, 3, 4, 4, 6, 6, 6, 3, 4, 4, 5, 0, 2, 0, 2, 1, 0, 0, 1, 0, 0, 0, 0, 0, 0, 2, 0, 3, 3, 0, 1, 0, 3, 1, 3, 5, 1, 10, 1, 7, 6, 7, 5, 4, 2, 0, 0, 1, 0, 0, 0, 0, 0, 1], 'packedBins': {'min': -0.18684424459934235, 'size': 0.006324591347947717, 'count': 64}}",,,,,,,,,"{'_type': 'histogram', 'values': [1, 0, 0, 0, 0, 0, 0, 0, 0, 0, 0, 0, 0, 1, 0, 0, 0, 0, 1, 0, 0, 0, 0, 1, 0, 0, 0, 0, 0, 0, 0, 1, 0, 0, 0, 0, 1, 0, 0, 0, 0, 0, 0, 0, 0, 1, 0, 0, 0, 0, 0, 0, 0, 0, 0, 0, 0, 0, 0, 0, 0, 0, 0, 1], 'packedBins': {'min': -0.04577748104929924, 'size': 0.001596073154360056, 'count': 64}}","{'packedBins': {'min': -0.27061590552330017, 'size': 0.007952350191771984, 'count': 64}, '_type': 'histogram', 'values': [1, 0, 1, 0, 0, 0, 0, 0, 0, 0, 0, 2, 0, 0, 0, 0, 1, 0, 1, 0, 0, 0, 0, 1, 1, 1, 1, 2, 3, 0, 3, 2, 1, 0, 1, 3, 1, 2, 2, 3, 0, 2, 1, 3, 1, 3, 0, 1, 2, 4, 3, 2, 1, 2, 0, 0, 1, 1, 0, 0, 2, 1, 0, 1]}",,,,,"{'_type': 'histogram', 'values': [1, 0, 0, 1, 1, 0, 0, 0, 0, 1, 1, 2, 1, 4, 0, 8, 6, 11, 17, 17, 24, 36, 29, 39, 33, 60, 73, 87, 115, 121, 116, 135, 131, 108, 106, 107, 79, 64, 64, 54, 53, 45, 25, 19, 9, 6, 8, 8, 8, 7, 6, 2, 1, 1, 0, 2, 0, 0, 1, 0, 1, 0, 0, 2], 'packedBins': {'count': 64, 'min': -0.8226365447044373, 'size': 0.025910453870892525}}",,,27314,,"{'packedBins': {'min': -0.5907695889472961, 'size': 0.017504917457699776, 'count': 64}, '_type': 'histogram', 'values': [1, 0, 0, 0, 1, 1, 1, 3, 8, 8, 9, 15, 19, 28, 31, 45, 57, 51, 77, 97, 109, 131, 165, 185, 207, 225, 266, 253, 288, 339, 307, 365, 409, 354, 355, 376, 350, 390, 332, 331, 282, 257, 232, 185, 195, 158, 135, 110, 111, 73, 73, 49, 38, 25, 18, 20, 15, 13, 7, 1, 0, 4, 1, 1]}",,"{'_type': 'histogram', 'values': [3, 0, 0, 0, 5, 0, 4, 6, 7, 8, 11, 21, 37, 31, 45, 37, 69, 85, 81, 103, 119, 145, 185, 217, 268, 281, 333, 341, 313, 343, 388, 405, 419, 413, 378, 398, 358, 352, 298, 277, 240, 216, 204, 157, 121, 122, 84, 56, 51, 39, 30, 27, 16, 14, 7, 6, 9, 3, 2, 1, 1, 1, 0, 1], 'packedBins': {'size': 0.016180770471692085, 'count': 64, 'min': -0.5260428786277771}}",1761512449.5607414,,,,,"{'_type': 'histogram', 'values': [1, 0, 0, 0, 0, 0, 0, 0, 0, 0, 0, 0, 0, 0, 0, 0, 0, 0, 0, 0, 0, 0, 0, 0, 0, 0, 0, 0, 0, 0, 0, 1, 0, 0, 0, 0, 1, 0, 1, 1, 0, 0, 0, 0, 0, 0, 1, 0, 0, 0, 0, 0, 0, 0, 1, 0, 0, 0, 0, 0, 0, 0, 0, 1], 'packedBins': {'count': 64, 'min': -0.8026527762413025, 'size': 0.0040857428684830666}}",,"{'values': [1, 0, 0, 0, 0, 0, 0, 0, 1, 0, 0, 0, 0, 0, 0, 1, 0, 1, 2, 1, 0, 2, 2, 1, 1, 1, 3, 1, 1, 3, 2, 2, 0, 4, 2, 2, 1, 3, 4, 1, 1, 0, 2, 0, 1, 1, 1, 0, 1, 0, 2, 1, 2, 0, 1, 2, 0, 1, 1, 1, 1, 0, 1, 1], 'packedBins': {'count': 64, 'min': -0.11726907640695572, 'size': 0.004583653644658625}, '_type': 'histogram'}",,"{'packedBins': {'min': -0.21506990492343903, 'size': 0.007249996764585376, 'count': 64}, '_type': 'histogram', 'values': [1, 1, 0, 0, 3, 2, 3, 2, 4, 6, 3, 6, 7, 10, 11, 14, 19, 17, 23, 24, 34, 22, 21, 31, 28, 39, 35, 40, 57, 33, 46, 40, 40, 39, 48, 37, 35, 39, 22, 27, 23, 21, 26, 16, 9, 10, 6, 12, 11, 3, 5, 5, 2, 0, 2, 1, 0, 0, 1, 1, 0, 0, 0, 1]}","{'packedBins': {'count': 64, 'min': -0.6461129784584045, 'size': 0.02083558216691017}, '_type': 'histogram', 'values': [1, 0, 0, 0, 6, 4, 1, 3, 8, 8, 11, 6, 19, 12, 29, 26, 32, 29, 35, 37, 38, 43, 55, 57, 55, 65, 60, 71, 77, 74, 71, 97, 72, 59, 69, 70, 67, 63, 53, 47, 48, 44, 31, 29, 26, 21, 17, 19, 17, 11, 13, 12, 9, 4, 4, 6, 1, 3, 4, 4, 1, 0, 1, 1]}",,"{'_type': 'histogram', 'values': [1], 'bins': [0.1315459907054901, 0.1315459907054901]}"
3284992.0,,,,,4564.67865143,,,,,,,,0.2,,,,,,,,,,,,,,,,,28854,,,,,1761512689.2774143,,,,,,,,,,,,
3401728.0,,,,,4724.799537628,0.13572544,,,,,,,,,,,,,,,,,,,,,,,,29871,,,,,1761512850.560844,,,,,,,,,,,,
3571712.0,,,723.0,,4959.976397037,,,,,,,,,,,,,,,,,,,,,,,,,31371,,,,,1761513085.9371712,,,,,,,,,,,,
3846144.0,,,,,5340.270992613,,,,,,,,,,,,,,,,,,,,,,,,0.78170687,33778,,,,,1761513464.9862797,,,,,,,,,,,,
3883008.0,,,,,5390.309302166,,,,,,,,,,,,,,,,,,0.021763882,,,,,,,34108,,,,,1761513515.8260946,,,,,,,,,,,,
3913728.0,,,,,5430.339582958,0.15350397,,,,,,,,,,,,,,,,,,,,,,,,34371,,,,,1761513558.4546957,,,,,,,,,,,,
3991552.0,,,,,5540.423371795,,,,,0.13515624,,,,,,,,,,,,,,,,,,,,35063,,,,,1761513666.1624577,,,,,,,,,,,,
4110336.0,,,,,5705.554624757,,,,,,,,,,,,,,,,,,,-0.025123756,,,,,,36112,,,,,1761513830.772014,,,,,,,,,,,,
4259840.0,,,,,5910.710283022,,,,,,,,,,,,,,,,,,,,,0.43337083,,,,37428,,,,,1761514038.0648623,,,,,,,,,,,,
4308992.0,,,,,5980.763998479,,,,,0.22363281,,,,,,,,,,,,,,,,,,,,37853,,,,,1761514106.2183707,,,,,,,,,,,,
4558848.0,,,,,6326.033020906,,,,,,,,,,,,,,,,,,,,,,,,7.3000584,40042,,,,,1761514451.4819074,,,,,,,,,,,,
4667392.0,,,,,6476.143430206,,,,,,,,,,265699.0,,,,,,,,,,,,,,,41000,,,,,1761514601.5567546,,,,,,,,,,,,
4675584.0,,,,,6486.150097142,,,,,,,,,,,,,,,,,,,,,,,,4.819889,41068,,,,,1761514612.8451443,,,,,,,,,,,,
4685824.0,,,,,6501.162020035,,,,,,,,,,,,,,,,,,0.019519806,,,,,,,41164,,,,,1761514626.934238,,,,,,,,,,,,
4687872.0,"{'_type': 'histogram', 'values': [1, 0, 0, 0, 0, 0, 2, 0, 1, 0, 1, 2, 1, 1, 1, 1, 1, 0, 1, 2, 1, 4, 0, 2, 2, 1, 3, 2, 2, 7, 3, 6, 8, 6, 4, 1, 4, 4, 2, 3, 6, 3, 4, 3, 4, 2, 3, 0, 1, 0, 2, 2, 2, 3, 1, 1, 3, 3, 0, 2, 0, 0, 2, 1], 'packedBins': {'size': 0.0036291664000600576, 'count': 64, 'min': -0.09863722324371338}}",,,,6506.16534061,,0.0,"{'_type': 'histogram', 'values': [1, 0, 0, 0, 0, 1, 0, 0, 1, 0, 0, 0, 1, 0, 1, 0, 1, 0, 0, 1, 0, 0, 2, 2, 2, 6, 2, 2, 6, 6, 5, 7, 2, 4, 4, 2, 3, 2, 5, 5, 2, 5, 13, 6, 5, 5, 6, 3, 2, 1, 3, 1, 0, 1, 0, 0, 0, 0, 0, 0, 0, 0, 0, 1], 'packedBins': {'min': -0.3381364941596985, 'size': 0.009162036469206214, 'count': 64}}",,,,"{'_type': 'histogram', 'values': [1, 0, 0, 0, 3, 0, 0, 4, 2, 4, 3, 4, 3, 4, 6, 2, 5, 4, 2, 4, 1, 3, 2, 2, 2, 0, 0, 0, 1, 0, 0, 1, 0, 2, 1, 1, 3, 0, 1, 2, 2, 1, 1, 2, 5, 3, 3, 2, 4, 6, 9, 3, 6, 1, 1, 4, 1, 0, 0, 0, 0, 0, 0, 1], 'packedBins': {'min': -0.20462703704833984, 'size': 0.00709658139385283, 'count': 64}}",,,,,,,,,"{'packedBins': {'min': -0.04663081467151642, 'size': 0.0018772416515275836, 'count': 64}, '_type': 'histogram', 'values': [1, 0, 0, 0, 0, 0, 0, 0, 0, 0, 0, 0, 0, 0, 1, 0, 0, 0, 1, 0, 1, 0, 0, 0, 1, 0, 0, 0, 0, 1, 0, 0, 0, 0, 0, 0, 0, 0, 0, 0, 1, 0, 0, 0, 0, 0, 0, 0, 0, 0, 0, 0, 0, 0, 0, 0, 0, 0, 0, 0, 0, 0, 0, 1]}","{'packedBins': {'count': 64, 'min': -0.3574025630950928, 'size': 0.009708734229207039}, '_type': 'histogram', 'values': [1, 0, 0, 0, 1, 0, 0, 0, 1, 0, 0, 0, 0, 0, 0, 0, 1, 1, 0, 1, 0, 1, 1, 1, 2, 0, 1, 1, 3, 2, 0, 1, 1, 0, 0, 0, 2, 2, 2, 4, 3, 1, 1, 2, 0, 2, 1, 3, 3, 2, 2, 2, 4, 1, 1, 0, 1, 1, 0, 1, 1, 0, 1, 1]}",,,,,"{'values': [1, 0, 0, 2, 0, 0, 0, 0, 0, 0, 0, 1, 4, 2, 1, 5, 7, 5, 16, 16, 21, 30, 34, 32, 51, 46, 66, 83, 125, 127, 145, 153, 143, 123, 106, 96, 71, 81, 55, 54, 37, 30, 21, 14, 10, 5, 7, 1, 10, 6, 3, 2, 1, 1, 0, 1, 1, 1, 0, 1, 0, 0, 1, 1], 'packedBins': {'min': -0.869644820690155, 'size': 0.027558627538383007, 'count': 64}, '_type': 'histogram'}",,,41174,,"{'packedBins': {'min': -0.650154173374176, 'size': 0.018701675347983837, 'count': 64}, '_type': 'histogram', 'values': [1, 0, 0, 1, 0, 0, 2, 3, 2, 4, 6, 5, 12, 13, 29, 32, 32, 54, 55, 72, 109, 114, 141, 149, 155, 210, 222, 228, 273, 301, 347, 352, 366, 373, 411, 369, 390, 374, 377, 338, 309, 297, 264, 254, 197, 164, 152, 127, 120, 92, 77, 55, 37, 32, 33, 20, 16, 10, 5, 3, 2, 3, 0, 1]}",,"{'packedBins': {'count': 64, 'min': -0.6686263084411621, 'size': 0.01822220580652356}, '_type': 'histogram', 'values': [1, 1, 0, 0, 0, 0, 0, 0, 4, 1, 0, 6, 0, 9, 8, 18, 11, 19, 31, 33, 53, 60, 75, 82, 110, 131, 164, 201, 261, 288, 344, 329, 391, 384, 409, 434, 447, 488, 425, 396, 439, 334, 331, 267, 250, 210, 174, 146, 113, 82, 63, 47, 31, 26, 22, 15, 6, 9, 4, 5, 2, 0, 0, 2]}",1761514629.762262,,,,,"{'_type': 'histogram', 'values': [1, 0, 0, 0, 0, 0, 0, 0, 0, 0, 0, 0, 0, 0, 0, 0, 0, 0, 0, 0, 0, 0, 0, 0, 0, 1, 0, 0, 0, 0, 0, 0, 0, 0, 0, 1, 0, 0, 0, 0, 0, 0, 0, 0, 2, 0, 0, 0, 0, 0, 0, 0, 0, 0, 0, 0, 0, 0, 0, 1, 0, 0, 1, 1], 'packedBins': {'min': -1.181572675704956, 'size': 0.006780772469937801, 'count': 64}}",,"{'values': [1, 0, 0, 0, 0, 0, 0, 1, 0, 1, 1, 1, 1, 0, 0, 0, 0, 1, 1, 0, 0, 1, 4, 3, 2, 0, 1, 4, 2, 3, 2, 1, 2, 1, 3, 2, 1, 4, 3, 1, 2, 1, 1, 1, 0, 0, 0, 0, 2, 1, 0, 1, 1, 1, 0, 1, 1, 0, 1, 0, 1, 0, 0, 1], 'packedBins': {'size': 0.005030777771025896, 'count': 64, 'min': -0.12520186603069305}, '_type': 'histogram'}",,"{'_type': 'histogram', 'values': [1, 0, 0, 0, 2, 0, 1, 1, 2, 1, 0, 1, 4, 7, 6, 10, 7, 5, 13, 13, 16, 12, 22, 17, 26, 26, 25, 37, 32, 29, 31, 44, 48, 43, 45, 46, 56, 43, 42, 37, 25, 29, 26, 26, 20, 25, 15, 21, 19, 17, 9, 9, 5, 7, 7, 1, 3, 0, 1, 1, 1, 1, 1, 4], 'packedBins': {'count': 64, 'min': -0.2772922217845917, 'size': 0.00813495134934783}}","{'packedBins': {'count': 64, 'min': -0.6647637486457825, 'size': 0.02149377204477787}, '_type': 'histogram', 'values': [1, 1, 1, 1, 4, 3, 2, 3, 4, 11, 9, 15, 12, 17, 24, 30, 24, 30, 31, 48, 46, 37, 46, 47, 67, 57, 81, 73, 79, 71, 90, 66, 71, 73, 70, 73, 56, 62, 58, 49, 44, 32, 32, 20, 29, 29, 26, 16, 22, 9, 13, 10, 6, 7, 2, 1, 5, 3, 2, 1, 1, 1, 0, 2]}",,"{'_type': 'histogram', 'values': [1], 'bins': [0.154462531208992, 0.154462531208992]}"
4718592.0,,,,,6546.198763224,,,,,,,,,,,,,,,,,,,,,,,,,41448,,,,,1761514672.2430217,,,,4.712116,,,,,,,,
4820992.0,,,,,6686.307265694,,,,,,,,,,,,,,,,,,0.025906453,,,,,,,42352,,,,,1761514813.8975923,,,,,,,,,,,,
4870144.0,,,723.0,,6756.362518033,,,,,,,,,,,,,,,,,,,,,,,,,42783,,,,,1761514881.5141633,,,,,,,,,,,,
4917248.0,,,,,6821.415469518,,,,,,,,,,,,,,,,,,,,,,,,,43194,,,,,1761514946.566803,,,,1.3215027,,,,,,,,
4952064.0,,,,,6866.453562093,,,,,,,,,,,,,,,,,,,,,,,,,43500,,,,,1761514994.5687778,,,,0.030084014,,,,,,,,
5197824.0,,,,,7206.729454652,,,,,,,,,,,,,,,,,,,,,,,,,45669,,,,,1761515333.837456,,,,,,0.0003,,,,,,
5255168.0,,,,,7286.793224024,0.15705773,,,,,,,,,,,,,,,,,,,,,,,,46161,,,,,1761515413.1497498,,,,,,,,,,,,
5341184.0,,,,,7406.892716026,,,,,,,,,,,,,,,,,,,,,,,,,46929,,,,,1761515532.2006938,,,,,,0.0003,,,,,,
5402624.0,,,,,7491.958599529,,,,,,,,,,,,,,,,,,,-0.0336702,,,,,,47470,,,,,1761515617.1267805,,,,,,,,,,,,
5443584.0,,,,,7546.997758724,,,,,,,,,,,,,,,,,,,,,,,,,47820,,,,,1761515674.0823998,,,,0.30603844,,,,,,,,
5527552.0,,,,,7662.08765874,,0.0,,,,,,,,,,,,,,,,,,,,,,,48554,,,,,1761515790.42248,,,,,,,,,,,,
5533696.0,,,,,7672.0971096,,,,,,,,,,,,,,,,,,0.03180878,,,,,,,48616,,,,,1761515798.9502938,,,,,,,,,,,,
5572608.0,,,,,7727.13665656,,0.0,,,,,,,,,,,,,,,,,,,,,,,48950,,,,,1761515852.8629813,,,,,,,,,,,,
5640192.0,,,,,7822.213233367,,,,,,,,,,,,,,,,,,0.025209187,,,,,,,49552,,,,,1761515946.4829004,,,,,,,,,,,,
5691392.0,,,,,7892.266992675,,,,,,,,,,,,,,,,,,,-0.028859764,,,,,,50008,,,,,1761516017.404815,,,,,,,,,,,,
5791744.0,,,,0.984385,8032.381951287,,,,,,,,,,,,,,,,,,,,,,,,,50888,,,,,1761516155.8867643,,,,,,,,,,,,
5890048.0,,,,,8167.490722841,0.17130336,,,,,,,,,,,,,,,,,,,,,,,,51741,,,,,1761516291.9329255,,,,,,,,,,,,
6023168.0,,,,,8352.676068253,,,,,,1000.0,,,,,,,,,,,,,,,,,,,52915,,,,,1761516477.8193154,,,,,,,,,,,,
6062080.0,,,,,8407.718037494,,,,,,,,,,,,,,,,,,,-0.01675218,,,,,,53266,,,,,1761516531.797632,,,,,,,,,,,,
6164480.0,,,,,8547.826964079,0.16534778,,,,,,,,,,,,,,,,,,,,,,,,54153,,,,,1761516673.3161936,,,,,,,,,,,,
6328320.0,,,,,8773.005322308,,,,,,,,,,,,,,,,,,,,,0.30266255,,,,55608,,,,,1761516900.2729676,,,,,,,,,,,,
6363136.0,,,723.0,,8823.043371958,,,,,,,,,,,,,,,,,,,,,,,,,55905,,,,,1761516948.36373,,,,,,,,,,,,
6402048.0,,,,,8878.082905715,,,,,,,,,,,,,,,,,,,,,,,,,56244,,,,,1761517002.0645916,,,,-0.3950337,,,,,,,,
6531072.0,,,,0.9797336,9053.221415532,,,,,,,,,,,,,,,,,,,,,,,,,57386,,,,,1761517180.682157,,,,,,,,,,,,
6612992.0,,,,,9168.309866164,,,,,,,,,,,,,,,,,,,,,,,,,58098,,,,,1761517293.8554804,,,,9.165929,,,,,,,,
6633472.0,,,,,9198.334021728,0.1270373,,,,,,,,,,,,,,,,,,,,,,,,58275,,,,,1761517322.2272303,,,,,,,,,,,,
6799360.0,,,,,9428.510713719,,,,,,,,,,,,,,,,,,,,,,,,3.5402856,59734,,,,,1761517552.2705896,,,,,,,,,,,,
6799360.0,,,,,9428.510817329,,,,,,,,,,312072.2,,,,,,,,,,,,,,,59738,,,,,1761517552.2706397,,,,,,,,,,,,
6860800.0,,,,,9513.573613355,,,,,0.28125,,,,,,,,,,,,,,,,,,,,60281,,,,,1761517637.5324223,,,,,,,,,,,,
6936576.0,,,,,9618.660944644,,,,,,,,,-0.0007569987,,,,,,,,,,,,,,,,60941,,,,,1761517742.673248,,,,,,,,,,,,
6981632.0,,,,,9678.708485886,,,,,,,,,0.09203815,,,,,,,,,,,,,,,,61337,,,,,1761517805.5128818,,,,,,,,,,,,
7018496.0,,,,,9728.746615645,,0.0,,,,,,,,,,,,,,,,,,,,,,,61658,,,,,1761517857.0037856,,,,,,,,,,,,
7032832.0,,,,,9748.76236307,,,,,,,,,,,,,,,,,,,,,0.2766297,,,,61800,,,,,1761517877.054207,,,,,,,,,,,,
7049216.0,,,,,9773.780693367,,,,-0.8129338,,,,,,,,,,,,,,,,,,,,,61939,,,,,1761517899.8366647,,,,,,,,,,,,
7122944.0,,,,0.86582816,9873.853852475,,,,,,,,,,,,,,,,,,,,,,,,,62588,,,,,1761518001.348921,,,,,,,,,,,,
7129088.0,,,,,9883.861815601,,,,,,,,,,,,,,,,,,,-0.024355799,,,,,,62644,,,,,1761518009.8242853,,,,,,,,,,,,
7153664.0,,,,,9918.888366384,,,,,,,,,,,,,,,,,,,,,0.2744951,,,,62862,,,,,1761518043.6529562,,,,,,,,,,,,
7225344.0,,,,,10018.96133236,,,,,,,,,,,,,,,,,,,,,0.2736143,,,,63492,,,,,1761518142.830139,,,,,,,,,,,,
7280640.0,,,,,10094.020379277,,,,,,,,,,,,,,,,,,0.028113406,,,,,,,63970,,,,,1761518219.6678472,,,,,,,,,,,,
7315456.0,,,,,10144.056102755,,,,,,,,,,,,,,,,,,,,,,,,,64272,,,,,1761518267.9793432,,,,3.9834602,,,,,,,,
7325696.0,,,,,10154.064285902,,,,,,,,,-0.010351717,,,,,,,,,,,,,,,,64361,,,,,1761518282.2437613,,,,,,,,,,,,
7413760.0,,,,0.9209,10279.157327173,,,,,,,,,,,,,,,,,,,,,,,,,65144,,,,,1761518404.3527489,,,,,,,,,,,,
7434240.0,,,,,10309.182284704,,,,,,,,,,,,,,,0.0019418179,,,,,,,,,,65329,,,,,1761518432.7101755,,,,,,,,,,,,
7505920.0,,,722.0,,10404.256697357,,,,,,,,,,,,,,,,,,,,,,,,,65949,,,,,1761518532.2527106,,,,,,,,,,,,
7553024.0,,,,,10469.307816202,,,,,,,,,,,,,,,,,,0.043516807,,,,,,,66364,,,,,1761518597.1922271,,,,,,,,,,,,
7622656.0,,,,,10569.391682763,,,,-0.27943942,,,,,,,,,,,,,,,,,,,,,66979,,,,,1761518693.2294998,,,,,,,,,,,,
7813120.0,,,,,10829.598183352,,0.0,,,,,,,,,,,,,,,,,,,,,,,68642,,,,,1761518956.7174876,,,,,,,,,,,,
7880704.0,"{'_type': 'histogram', 'values': [1, 0, 0, 0, 0, 0, 0, 0, 0, 0, 0, 0, 0, 0, 0, 0, 0, 1, 1, 2, 0, 2, 1, 2, 1, 0, 1, 3, 1, 3, 1, 3, 4, 3, 2, 1, 5, 5, 7, 4, 3, 1, 6, 4, 4, 9, 5, 6, 2, 5, 5, 1, 5, 2, 2, 3, 2, 2, 2, 0, 1, 1, 0, 3], 'packedBins': {'count': 64, 'min': -0.18024598062038422, 'size': 0.004977288190275431}}",,,,10924.674847164,,0.0,"{'_type': 'histogram', 'values': [1, 0, 0, 0, 0, 0, 1, 0, 0, 0, 0, 0, 1, 0, 1, 0, 0, 0, 0, 0, 1, 0, 0, 1, 1, 0, 1, 1, 0, 2, 3, 4, 5, 3, 4, 9, 5, 5, 7, 2, 5, 6, 6, 3, 9, 8, 8, 6, 10, 0, 2, 4, 0, 0, 1, 1, 0, 0, 0, 0, 0, 0, 0, 1], 'packedBins': {'min': -0.4359109401702881, 'size': 0.010680625215172768, 'count': 64}}",,,,"{'_type': 'histogram', 'values': [3, 0, 0, 3, 1, 3, 3, 4, 0, 6, 4, 4, 4, 1, 3, 3, 1, 4, 2, 1, 2, 3, 2, 4, 0, 0, 1, 0, 1, 1, 2, 0, 3, 3, 0, 0, 0, 4, 1, 0, 0, 2, 3, 3, 4, 0, 3, 2, 3, 4, 7, 5, 4, 2, 2, 2, 3, 0, 1, 0, 0, 0, 0, 1], 'packedBins': {'min': -0.2167045921087265, 'size': 0.007892089197412133, 'count': 64}}",,,,,,,,,"{'_type': 'histogram', 'values': [1, 0, 0, 0, 0, 0, 0, 0, 0, 0, 1, 1, 0, 0, 1, 0, 0, 0, 0, 0, 0, 1, 0, 0, 0, 0, 1, 0, 0, 0, 0, 0, 0, 1, 0, 0, 0, 0, 0, 0, 0, 0, 0, 0, 0, 0, 0, 0, 0, 0, 0, 0, 0, 0, 0, 0, 0, 0, 0, 0, 0, 0, 0, 1], 'packedBins': {'min': -0.049538664519786835, 'size': 0.002365469350479543, 'count': 64}}","{'packedBins': {'min': -0.4698101282119751, 'size': 0.012110927142202854, 'count': 64}, '_type': 'histogram', 'values': [1, 0, 0, 0, 1, 0, 0, 0, 0, 1, 0, 0, 0, 0, 0, 0, 1, 1, 1, 2, 0, 2, 0, 2, 0, 1, 0, 2, 2, 2, 0, 2, 0, 0, 1, 0, 0, 2, 2, 4, 2, 3, 1, 0, 2, 2, 4, 2, 2, 2, 2, 2, 0, 0, 2, 2, 0, 2, 0, 2, 0, 1, 0, 1]}",,,,,"{'_type': 'histogram', 'values': [1, 0, 0, 1, 1, 0, 0, 0, 0, 0, 0, 0, 1, 0, 3, 1, 5, 2, 6, 8, 12, 11, 19, 26, 35, 41, 41, 62, 76, 113, 140, 143, 181, 175, 141, 128, 102, 94, 61, 61, 36, 32, 28, 19, 6, 6, 4, 8, 4, 2, 1, 5, 3, 3, 2, 1, 0, 0, 1, 1, 1, 0, 0, 2], 'packedBins': {'count': 64, 'min': -1.0061167478561401, 'size': 0.03056280966848135}}",,,69236,,"{'packedBins': {'min': -0.75374835729599, 'size': 0.020878656767308712, 'count': 64}, '_type': 'histogram', 'values': [1, 1, 0, 0, 0, 0, 0, 0, 1, 0, 2, 4, 10, 8, 15, 17, 27, 28, 32, 59, 67, 76, 108, 110, 158, 158, 157, 239, 238, 239, 298, 343, 371, 372, 412, 426, 439, 417, 376, 396, 351, 364, 322, 267, 232, 218, 149, 157, 120, 114, 75, 55, 49, 40, 21, 27, 13, 3, 2, 4, 2, 1, 0, 1]}",,"{'_type': 'histogram', 'values': [1, 0, 0, 0, 0, 0, 0, 0, 1, 0, 1, 0, 2, 2, 2, 2, 2, 3, 6, 6, 13, 12, 19, 29, 35, 32, 75, 91, 108, 110, 159, 211, 269, 282, 370, 394, 418, 457, 440, 503, 517, 488, 494, 461, 401, 341, 320, 259, 214, 175, 142, 91, 73, 53, 28, 30, 14, 20, 4, 4, 3, 3, 0, 2], 'packedBins': {'min': -0.8446776270866394, 'size': 0.020896105095744133, 'count': 64}}",1761519050.2650542,,,,,"{'_type': 'histogram', 'values': [1, 0, 0, 0, 0, 0, 0, 0, 0, 0, 0, 0, 0, 0, 0, 0, 0, 0, 0, 0, 0, 0, 0, 0, 0, 0, 0, 0, 0, 0, 0, 1, 0, 0, 0, 0, 0, 0, 0, 0, 0, 0, 0, 0, 0, 1, 0, 0, 0, 0, 0, 0, 0, 1, 0, 1, 0, 0, 0, 0, 0, 0, 1, 2], 'packedBins': {'min': -2.0963857173919678, 'size': 0.014246916398406029, 'count': 64}}",,"{'values': [1, 1, 0, 0, 0, 0, 0, 0, 0, 0, 1, 0, 0, 0, 0, 1, 2, 0, 2, 1, 4, 2, 2, 1, 0, 0, 3, 2, 2, 2, 2, 0, 3, 1, 0, 1, 2, 5, 3, 3, 1, 2, 1, 0, 1, 2, 0, 2, 1, 0, 0, 0, 0, 3, 0, 0, 0, 1, 0, 1, 0, 0, 1, 1], 'packedBins': {'min': -0.14423371851444244, 'size': 0.005289304303005338, 'count': 64}, '_type': 'histogram'}",,"{'values': [1, 0, 0, 2, 0, 0, 0, 1, 0, 0, 1, 1, 1, 2, 5, 4, 7, 5, 4, 11, 10, 20, 17, 24, 30, 27, 28, 41, 36, 34, 48, 43, 44, 52, 56, 64, 52, 35, 34, 45, 32, 28, 28, 29, 24, 22, 19, 14, 10, 5, 4, 5, 3, 2, 3, 1, 1, 2, 0, 3, 0, 0, 2, 2], 'packedBins': {'min': -0.3484194874763489, 'size': 0.01033854577690363, 'count': 64}, '_type': 'histogram'}","{'packedBins': {'count': 64, 'min': -0.6807626485824585, 'size': 0.021790562197566032}, '_type': 'histogram', 'values': [3, 2, 0, 1, 1, 3, 3, 2, 8, 9, 7, 19, 13, 21, 23, 17, 27, 37, 29, 33, 40, 42, 60, 47, 62, 57, 54, 75, 64, 84, 86, 78, 78, 73, 54, 77, 55, 61, 52, 59, 55, 34, 34, 27, 26, 33, 24, 19, 16, 19, 9, 7, 9, 6, 2, 5, 4, 4, 3, 0, 1, 1, 0, 2]}",,"{'values': [1], 'bins': [0.1875848025083542, 0.1875848025083542], '_type': 'histogram'}"
7964672.0,,,,,11039.763824453,,,,0.22463904,,,,,,,,,,,,,,,,,,,,,69985,,,,,1761519165.9382389,,,,,,,,,,,,
8054784.0,,,,,11164.868278629,,,,,,,,,,,,,,,,,,,,,,,,7.48367,70768,,,,,1761519290.0184338,,,,,,,,,,,,
8089600.0,,,,,11209.903754384,,,,,,,,,-0.16801655,,,,,,,,,,,,,,,,71075,,,,,1761519338.14293,,,,,,,,,,,,
8108032.0,,,,,11239.930697715,,,,,,,,,0.09194917,,,,,,,,,,,,,,,,71237,,,,,1761519363.5670977,,,,,,,,,,,,
8267776.0,,,723.0,,11460.105431789,,,,,,,,,,,,,,,,,,,,,,,,,72645,,,,,1761519584.1799767,,,,,,,,,,,,
8294400.0,,,,,11495.129037293,,0.0,,,,,,,,,,,,,,,,,,,,,,,72872,,,,,1761519621.1092813,,,,,,,,,,,,
8323072.0,,,,,11535.159704787,,,,,,,,,,,,,,,,,,,-0.035411034,,,,,,73138,,,,,1761519660.759118,,,,,,,,,,,,
8458240.0,,,,,11720.307264194,,,,,,,,,,,,,,,,,,,,,,,,,74316,,,,,1761519848.1017623,,,,2.0235379,,,,,,,,
8570880.0,,,,,11880.435609591,,,,,,,,,0.5413852,,,,,,,,,,,,,,,,75305,,,,,1761520004.002899,,,,,,,,,,,,
8763392.0,,,,0.953193,12145.670700273,,,,,,,,,,,,,,,,,,,,,,,,,77006,,,,,1761520269.7604816,,,,,,,,,,,,
8828928.0,,,,0.97677004,12235.745149598,,,,,,,,,,,,,,,,,,,,,,,,,77582,,,,,1761520360.2999332,,,,,,,,,,,,
8914944.0,,,,,12355.83511207,,,,,,,,,,,,,,,,,,0.03872279,,,,,,,78334,,,,,1761520479.477502,,,,,,,,,,,,
8970240.0,,,,,12430.899401989,,,,,,,,,,,,,,,,,,,,,,,,2.1208196,78814,,,,,1761520555.6808975,,,,,,,,,,,,
8994816.0,,,,,12465.925008891,,,,,,,,,-0.031293217,,,,,,,,,,,,,,,,79031,,,,,1761520589.6431587,,,,,,,,,,,,
9076736.0,,,,,12576.010812572,,,,,,,,,,,,,,,,,,,,,0.20272559,,,,79764,,,,,1761520702.6980157,,,,,,,,,,,,
9105408.0,,,723.0,,12616.040138708,,,,,,,,,,,,,,,,,,,,,,,,,80007,,,,,1761520742.373557,,,,,,,,,,,,
9140224.0,,,,,12666.081503881,,,,,,1000.0,,,,,,,,,,,,,,,,,,,80311,,,,,1761520790.8767664,,,,,,,,,,,,
9175040.0,,,,0.9871486,12711.11683891,,,,,,,,,,,,,,,,,,,,,,,,,80624,,,,,1761520838.956475,,,,,,,,,,,,
9326592.0,,,,,12921.283515408,,,,,,,,,,,,,,,,,,0.0704276,,,,,,,81952,,,,,1761521048.9234645,,,,,,,,,,,,
9431040.0,,,,,13066.493988469,,,,,,,,,,,,,,,0.0030643342,,,,,,,,,,82879,,,,,1761521194.0584133,,,,,,,,,,,,
9496576.0,,,,,13156.482536316,,,,,,,,,,,,,,,,,,,,,0.18969075,,,,83454,,,,,1761521284.561267,,,,,,,,,,,,
9592832.0,,,,,13291.588424309,,,,,,,,,,30836.549,,,,,,,,,,,,,,,84290,,,,,1761521416.9999764,,,,,,,,,,,,
9621504.0,,,,,13331.619587809,,,,,,,,,,,,,,,,,,,,,,,,,84549,,,,,1761521456.6317508,,,,,,0.0003,,,,,,
9648128.0,,,723.0,,13366.645094573,,,,,,,,,,,,,,,,,,,,,,,,,84777,,,,,1761521493.3240476,,,,,,,,,,,,
9703424.0,,,,,13446.704469431,,0.0,,,,,,,,,,,,,,,,,,,,,,,85256,,,,,1761521570.0505419,,,,,,,,,,,,
9713664.0,,,723.0,,13456.71309797,,,,,,,,,,,,,,,,,,,,,,,,,85353,,,,,1761521584.1582437,,,,,,,,,,,,
9715712.0,,,,,13461.71727056,,,,,,,,,,,,,,,,,,,,,0.18498337,,,,85380,,,,,1761521586.9916756,,,,,,,,,,,,
9721856.0,,,,,13471.722833251,,,,,,,,,,253513.58,,,,,,,,,,,,,,,85424,,,,,1761521595.5247855,,,,,,,,,,,,
9877504.0,,,,,13681.886560121,,,,,,,,,,,,,,,,,,,,,,,,,86799,,,,,1761521810.0701034,,,,,,0.0003,,,,,,
9945088.0,,,,,13776.965928164,,,,,,,,,,,,,,,,,,0.06814781,,,,,,,87388,,,,,1761521903.7238693,,,,,,,,,,,,
9953280.0,,,,,13786.976821836,,,,,,1000.0,,,,,,,,,,,,,,,,,,,87457,,,,,1761521915.0388553,,,,,,,,,,,,
9965568.0,,,,,13806.990647524,,,,,,,,,,,,,,,,,,,-0.036117926,,,,,,87574,,,,,1761521931.9260678,,,,,,,,,,,,
9990144.0,,,,,13842.018157258,0.0642126,,,,,,,,,,,,,,,,,,,,,,,,87777,,,,,1761521965.7557511,,,,,,,,,,,,
10018816.0,,,,,13877.048724863,,,,,,,,,,,,,,,,,,0.048445377,,,,,,,88036,,,,,1761522005.2692873,,,,,,,,,,,,
10070016.0,,,,,13952.109692985,,,,,,,,,,,,,,,,,,,-0.036035318,,,,,,88492,,,,,1761522075.755729,,,,,,,,,,,,
10082304.0,,,,,13967.119882287,,,,,,,,,,,,,,,,,,,,,,,,,88601,,,-0.020549957,,1761522092.656435,,,,,,,,,,,,
10084352.0,,,,,13972.122964457,,,,,,,,,,,,,,,,,,,,,,,,,88608,,,,,1761522095.4835896,,,,-0.7908956,,,,,,,,
10121216.0,,,,,14022.162108321,,0.0,,,,,,,,,,,,,,,,,,,,,,,88928,,,,,1761522146.5802531,,,,,,,,,,,,
10160128.0,,,,,14072.206821434,,,,,,,,,,,,,,,,,,,,,,,,,89274,,,,,1761522200.5365114,,,,-0.108831614,,,,,,,,
10231808.0,,,,,14172.286653954,,,,,,,,0.2,,,,,,,,,,,,,,,,,89910,,,,,1761522299.8970737,,,,,,,,,,,,
10383360.0,,,,,14382.461676733,,,,,,,,,,,,,,,,,,,,,,,,,91245,,,,,1761522510.0669124,,,,,,0.0003,,,,,,
10448896.0,,,,,14472.528362515,,,,,0.25195312,,,,,,,,,,,,,,,,,,,,91817,,,,,1761522600.5122623,,,,,,,,,,,,
10477568.0,,,,,14512.55576732,0.06433783,,,,,,,,,,,,,,,,,,,,,,,,92061,,,,,1761522640.3531907,,,,,,,,,,,,
10477568.0,,,,,14512.555838107,,,,,,,,,,,,,,,,,,,,,,,,,92064,,,,,1761522640.353219,,,,-0.71054626,,,,,,,,
10504192.0,,,,,14552.58771648,,,,,,,,,,,,,,,,,,,-0.03272411,,,,,,92308,,,,,1761522677.260468,,,,,,,,,,,,
10543104.0,,,,,14607.631228421,,,,,,,,,,,,,,,,,,,-0.023120375,,,,,,92650,,,,,1761522731.1329012,,,,,,,,,,,,
10555392.0,,,,,14622.643574948,,,,,,,,,,140370.77,,,,,,,,,,,,,,,92750,,,,,1761522748.050809,,,,,,,,,,,,
10584064.0,,,723.0,,14662.674515172,,,,,,,,,,,,,,,,,,,,,,,,,93003,,,,,1761522787.6314406,,,,,,,,,,,,
10665984.0,,,,,14772.758785407,,,,,,,,0.2,,,,,,,,,,,,,,,,,93726,,,,,1761522900.9966903,,,,,,,,,,,,
10801152.0,,,,,14962.913084753,,,,,,,,,,,,,,,,,,,,,,,,,94908,,,,,1761523088.1937864,,,,0.023012193,,,,,,,,
10823680.0,,,,,14992.935785291,,,,,,,,,,,,,,,,,,,,,,,,,95115,,,,,1761523119.3934848,,,,,,0.0003,,,,,,
10827776.0,,,,,14997.939603298,,0.0,,,,,,,,,,,,,,,,,,,,,,,95138,,,,,1761523125.0390313,,,,,,,,,,,,
10842112.0,,,,,15017.956699723,0.064212956,,,,,,,,,,,,,,,,,,,,,,,,95265,,,,,1761523144.7582695,,,,,,,,,,,,
10934272.0,,,,,15148.056017722,,,,,,,,,,,,,,,,,,,,,,,,,96089,,,-0.019624451,,1761523272.6362119,,,,,,,,,,,,
10954752.0,,,,,15173.076233855,,,,,,,,,,,,,,,,,,,,,,,,,96267,,,,,1761523300.7658534,,,,,,0.0003,,,,,,
11057152.0,,,,,15318.191708163,,,,,,,,,,,,,,,,,,,,,,,,,97167,,,,,1761523442.6753516,,,,,,0.0003,,,,,,
11128832.0,"{'_type': 'histogram', 'values': [1, 0, 0, 0, 0, 0, 1, 0, 0, 0, 0, 0, 1, 0, 0, 2, 1, 3, 1, 2, 1, 0, 1, 4, 1, 1, 0, 5, 2, 9, 3, 6, 3, 4, 3, 4, 5, 3, 5, 12, 3, 2, 5, 4, 3, 6, 3, 4, 3, 2, 0, 2, 0, 1, 2, 0, 1, 1, 0, 0, 1, 0, 0, 1], 'packedBins': {'count': 64, 'min': -0.16216394305229187, 'size': 0.005194940138608217}}",,,,15418.268545445,,0.0,"{'_type': 'histogram', 'values': [1, 0, 0, 0, 0, 0, 0, 0, 0, 0, 0, 0, 1, 1, 0, 0, 0, 0, 0, 0, 1, 0, 0, 0, 0, 0, 1, 1, 0, 0, 0, 2, 1, 3, 4, 5, 5, 7, 10, 5, 3, 7, 7, 10, 11, 7, 8, 11, 6, 3, 0, 3, 1, 1, 0, 0, 1, 0, 0, 0, 0, 0, 0, 1], 'packedBins': {'min': -0.4827878773212433, 'size': 0.011326359817758203, 'count': 64}}",,,,"{'_type': 'histogram', 'values': [1, 0, 1, 1, 3, 2, 3, 3, 1, 4, 1, 1, 2, 5, 6, 2, 2, 1, 5, 2, 0, 2, 1, 2, 4, 2, 2, 1, 2, 1, 3, 1, 1, 0, 4, 3, 0, 0, 1, 2, 1, 2, 2, 4, 2, 3, 0, 2, 2, 7, 5, 3, 4, 3, 3, 0, 1, 2, 2, 1, 0, 0, 0, 1], 'packedBins': {'count': 64, 'min': -0.24595485627651215, 'size': 0.008555062348023057}}",,,,,,,,,"{'_type': 'histogram', 'values': [1, 0, 0, 1, 0, 0, 0, 2, 0, 0, 0, 0, 0, 0, 0, 0, 0, 1, 0, 0, 1, 0, 0, 0, 0, 1, 0, 0, 0, 0, 0, 0, 0, 0, 0, 0, 0, 0, 0, 0, 0, 0, 0, 0, 0, 0, 0, 0, 0, 0, 0, 0, 0, 0, 0, 0, 0, 0, 0, 0, 0, 0, 0, 1], 'packedBins': {'min': -0.04510364308953285, 'size': 0.0024215200101025403, 'count': 64}}","{'packedBins': {'min': -0.5145684480667114, 'size': 0.012989296577870846, 'count': 64}, '_type': 'histogram', 'values': [1, 0, 0, 1, 0, 0, 1, 0, 0, 0, 0, 0, 0, 1, 0, 1, 1, 0, 2, 0, 1, 1, 1, 0, 1, 2, 0, 1, 1, 1, 1, 1, 2, 1, 0, 0, 3, 4, 3, 0, 2, 3, 0, 0, 4, 1, 2, 3, 3, 0, 3, 2, 1, 0, 1, 1, 0, 1, 2, 1, 0, 0, 1, 1]}",,,,,"{'_type': 'histogram', 'values': [2, 0, 0, 1, 0, 0, 0, 0, 0, 0, 0, 0, 0, 2, 0, 4, 6, 4, 4, 6, 7, 14, 25, 27, 30, 39, 45, 57, 95, 114, 141, 180, 216, 168, 133, 118, 92, 84, 79, 33, 27, 29, 12, 15, 11, 7, 4, 4, 1, 0, 2, 4, 5, 1, 2, 1, 0, 0, 1, 1, 1, 0, 1, 1], 'packedBins': {'count': 64, 'min': -1.0317238569259644, 'size': 0.03167426586151123}}",,,97784,,"{'values': [2, 0, 0, 0, 0, 0, 1, 1, 1, 3, 5, 5, 5, 12, 13, 21, 38, 27, 41, 63, 50, 75, 103, 119, 120, 145, 181, 193, 244, 269, 272, 352, 354, 360, 370, 365, 443, 386, 406, 399, 362, 362, 327, 280, 249, 216, 181, 161, 138, 122, 82, 77, 49, 39, 38, 26, 18, 7, 5, 4, 2, 1, 1, 1], 'packedBins': {'min': -0.7600420117378235, 'size': 0.020802299492061138, 'count': 64}, '_type': 'histogram'}",,"{'_type': 'histogram', 'values': [1, 0, 0, 0, 0, 0, 0, 0, 0, 0, 1, 0, 1, 3, 1, 2, 0, 2, 2, 3, 5, 14, 1, 15, 18, 36, 29, 48, 78, 105, 111, 142, 177, 242, 283, 346, 419, 424, 462, 469, 525, 556, 492, 521, 481, 415, 351, 326, 261, 230, 184, 117, 84, 73, 43, 29, 21, 18, 9, 8, 3, 1, 3, 1], 'packedBins': {'count': 64, 'min': -0.9145851731300354, 'size': 0.021910004317760468}}",1761523541.8766997,,,,,"{'values': [1, 0, 0, 0, 0, 0, 0, 0, 0, 0, 0, 0, 0, 0, 0, 0, 0, 0, 0, 0, 0, 0, 0, 0, 0, 0, 0, 0, 1, 0, 0, 0, 0, 0, 0, 0, 0, 1, 0, 0, 0, 0, 0, 0, 1, 0, 0, 0, 0, 0, 0, 0, 1, 0, 0, 0, 0, 0, 0, 1, 0, 0, 0, 2], 'packedBins': {'min': -2.851804733276367, 'size': 0.01986509934067726, 'count': 64}, '_type': 'histogram'}",,"{'values': [1, 0, 0, 0, 0, 0, 0, 0, 1, 0, 0, 0, 0, 0, 0, 0, 1, 0, 1, 1, 0, 0, 3, 1, 1, 1, 1, 1, 1, 2, 1, 2, 1, 0, 3, 1, 3, 3, 3, 2, 3, 3, 1, 1, 2, 2, 4, 3, 0, 0, 0, 0, 2, 0, 1, 1, 0, 0, 0, 1, 2, 0, 1, 2], 'packedBins': {'size': 0.00617489661090076, 'count': 64, 'min': -0.20630928874015808}, '_type': 'histogram'}",,"{'_type': 'histogram', 'values': [2, 0, 0, 0, 1, 0, 0, 0, 2, 2, 0, 3, 6, 5, 6, 10, 9, 8, 14, 12, 23, 21, 20, 28, 30, 45, 36, 32, 39, 53, 46, 40, 52, 42, 57, 41, 39, 41, 30, 29, 31, 19, 30, 26, 19, 13, 12, 10, 9, 5, 4, 2, 4, 3, 2, 3, 2, 0, 1, 0, 2, 0, 1, 2], 'packedBins': {'min': -0.3314230442047119, 'size': 0.01036759838461876, 'count': 64}}","{'_type': 'histogram', 'values': [1, 2, 1, 2, 2, 1, 5, 4, 7, 3, 7, 19, 22, 16, 23, 34, 19, 28, 32, 37, 35, 52, 56, 58, 74, 58, 58, 66, 83, 79, 84, 74, 87, 64, 59, 67, 63, 69, 43, 48, 50, 49, 28, 27, 26, 23, 19, 20, 13, 14, 7, 10, 10, 3, 4, 3, 1, 1, 2, 1, 2, 0, 0, 1], 'packedBins': {'count': 64, 'min': -0.6965081691741943, 'size': 0.0226734708994627}}",,"{'_type': 'histogram', 'values': [1], 'bins': [0.18177452683448792, 0.18177452683448792]}"
11134976.0,,,,,15423.274085879,,,,,,,,,,,,,,,,,,,,,,,,,97853,,,-0.020805262,,1761523550.2358189,,,,,,,,,,,,
11141120.0,,,,,15433.282651262,0.06421289,,,,,,,,,,,,,,,,,,,,,,,,97893,,,,,1761523558.713264,,,,,,,,,,,,
11147264.0,,,,-0.5098618,15443.290583203,,,,,,,,,,,,,,,,,,,,,,,,,97958,,,,,1761523567.1885056,,,,,,,,,,,,
11245568.0,,,,,15578.390080393,,,,,,,,,,,,,,,,,,,,,,,,,98825,,,-0.023708815,,1761523702.7322114,,,,,,,,,,,,
11272192.0,,,,,15613.418621147,,,,,,,,,,,,,,,,,,,,,,,,,99057,,,,,1761523739.563558,,,,,,0.0003,,,,,,
11313152.0,,,,0.9151099,15668.461053665,,,,,,,,,,,,,,,,,,,,,,,,,99416,,,,,1761523796.0423367,,,,,,,,,,,,
11411456.0,,,,,15803.565554285,,,,,,,,,,,,,,,,,,,,,,,,,100281,,,,,1761523931.8137062,,,,,,0.0003,,,,,,
11446272.0,,,,,15853.602474811,,,,,,1000.0,,,,,,,,,,,,,,,,,,,100579,,,,,1761523979.9673872,,,,,,,,,,,,
11448320.0,,,,,15858.605073585,,,,,,,,,,,,,,,,,,,,,,,,0.37159288,100594,,,,,1761523982.79851,,,,,,,,,,,,
11466752.0,,,,,15883.626632294,,,,,,,,,,,,,,,,,,,-0.025436418,,,,,,100768,,,,,1761524008.4355695,,,,,,,,,,,,
11474944.0,,,,,15893.634037411,0.06424917,,,,,,,,,,,,,,,,,,,,,,,,100827,,,,,1761524019.805136,,,,,,,,,,,,
11499520.0,,,,0.9050199,15928.662927142,,,,,,,,,,,,,,,,,,,,,,,,,101054,,,,,1761524053.9962146,,,,,,,,,,,,
11603968.0,,,,,16073.77899267,,,,,,,,,,,,,,,,,,0.07875839,,,,,,,101968,,,,,1761524198.3534322,,,,,,,,,,,,
11616256.0,,,,,16088.793428382,,,,,,,,,,,,,,,,,,,,,,,,2.2378843,102070,,,,,1761524215.2369673,,,,,,,,,,,,
11661312.0,,,,,16153.841058556,,,,,,,,,,,,,,,,,,,,,,,,,102477,,,,,1761524277.370617,,,,,,0.0003,,,,,,
11661312.0,,,,,16153.841156929,,,,,,,,,,,,,,,0.00054707786,,,,,,,,,,102481,,,,,1761524277.3735409,,,,,,,,,,,,
11771904.0,,,,,16303.96927662,,,,,,,,,,39176.9,,,,,,,,,,,,,,,103442,,,,,1761524430.3317742,,,,,,,,,,,,
11829248.0,,,,,16384.033183955,,,,,,,,0.2,,,,,,,,,,,,,,,,,103950,,,,,1761524509.5729265,,,,,,,,,,,,
11859968.0,,,,,16424.065061456,,,,,0.28261718,,,,,,,,,,,,,,,,,,,,104219,,,,,1761524552.1661344,,,,,,,,,,,,
11864064.0,,,,,16434.070866501,,,,,,,,,,,,,,,,,,,,,,,,,104250,,,,,1761524557.8212516,,,,0.051641002,,,,,,,,
11884544.0,,,,,16459.092569948,,,,,,,,,-0.056093495,,,,,,,,,,,,,,,,104429,,,,,1761524586.3120987,,,,,,,,,,,,
11919360.0,,,,,16509.132581618,,,,,,,,,0.03813919,,,,,,,,,,,,,,,,104735,,,,,1761524634.7956278,,,,,,,,,,,,
12034048.0,,,,,16669.252156928,0.064479806,,,,,,,,,,,,,,,,,,,,,,,,105741,,,,,1761524793.3974018,,,,,,,,,,,,
12122112.0,,,,,16789.347815436,,,,,,,,0.2,,,,,,,,,,,,,,,,,106524,,,,,1761524915.077445,,,,,,,,,,,,
12150784.0,,,,0.9943813,16829.379641323,,,,,,,,,,,,,,,,,,,,,,,,,106778,,,,,1761524954.4734144,,,,,,,,,,,,
12161024.0,,,,,16844.38971492,,,,,0.27651367,,,,,,,,,,,,,,,,,,,,106865,,,,,1761524968.573212,,,,,,,,,,,,
12226560.0,,,,,16934.459377387,,,,,,,,,-0.03106512,,,,,,,,,,,,,,,,107435,,,,,1761525059.3716447,,,,,,,,,,,,
12285952.0,,,,,17014.521873392,,,,,,,,,,,,,,,0.000814827,,,,,,,,,,107971,,,,,1761525141.7273178,,,,,,,,,,,,
12320768.0,,,,,17064.560965069,,,,,,,,,,,,,,,,,,,,,,,,0.38300252,108262,,,,,1761525189.8737607,,,,,,,,,,,,
12611584.0,,,,,17464.872251593,,,,,,,,,,,,,,,0.0005440312,,,,,,,,,,110833,,,,,1761525592.2680671,,,,,,,,,,,,
12650496.0,,,,,17519.916357681,,,,,,,,,,,,,,,0.010103296,,,,,,,,,,111175,,,,,1761525646.3326552,,,,,,,,,,,,
12679168.0,,,,,17559.94487443,,,,6.9756465,,,,,,,,,,,,,,,,,,,,,111421,,,,,1761525685.9526281,,,,,,,,,,,,
12806144.0,,,,,17735.074870222,,,,,,,,,,,,,,,,,,,,,,,,,112541,,,-0.023721436,,1761525861.2489276,,,,,,,,,,,,
12906496.0,,,,,17875.181973229,,,,,,,,,0.63568133,,,,,,,,,,,,,,,,113411,,,,,1761526000.2266667,,,,,,,,,,,,
12914688.0,,,,,17885.188713487,,,,,,,,,,,,,,,,,,,,,,,,,113495,,,-0.02039771,,1761526011.6016572,,,,,,,,,,,,
12941312.0,,,,,17920.227955623,,,,,,1000.0,,,,,,,,,,,,,,,,,,,113719,,,,,1761526048.5273614,,,,,,,,,,,,
13010944.0,,,,,18020.304859003,,,,,,,,,,,,,,,,,,,,,,,,,114330,,,,,1761526144.9136624,,,,-0.061167344,,,,,,,,
13039616.0,,,723.0,,18060.336565427,,,,,,,,,,,,,,,,,,,,,,,,,114585,,,,,1761526184.6300223,,,,,,,,,,,,
13123584.0,,,,,18175.426452702,,,,,,,,,,,,,,,,,,,,,0.101828605,,,,115332,,,,,1761526300.924322,,,,,,,,,,,,
13228032.0,,,,,18320.541058062,,,,,0.31069335,,,,,,,,,,,,,,,,,,,,116243,,,,,1761526444.8322742,,,,,,,,,,,,
13287424.0,,,,,18400.601052536,,,,,,,,,-0.0064398814,,,,,,,,,,,,,,,,116759,,,,,1761526526.9901342,,,,,,,,,,,,
13291520.0,,,,,18405.608808484,,,,,,,,,,,,,,,7.280367e-05,,,,,,,,,,116809,,,,,1761526532.7009199,,,,,,,,,,,,
13420544.0,,,,,18585.750784227,,,,,,,,,,,,,,,,,,,,,,,,,117939,,,,,1761526710.973856,,,,,,0.0003,,,,,,
13490176.0,,,,,18680.828688996,,,,,,,,,,,,,,,0.00015843142,,,,,,,,,,118555,,,,,1761526807.6914916,,,,,,,,,,,,
13731840.0,,,,,19016.084100236,,,,,,,,0.2,,,,,,,,,,,,,,,,,120672,,,,,1761527141.7877316,,,,,,,,,,,,
13778944.0,,,,,19081.135155234,,,,,,,,,,,,,,,,,,,-0.04439782,,,,,,121090,,,,,1761527206.8626564,,,,,,,,,,,,
13854720.0,,,,,19186.213676434,,,,8.200547,,,,,,,,,,,,,,,,,,,,,121753,,,,,1761527311.037492,,,,,,,,,,,,
13862912.0,,,,,19196.221419205,,,,,,,,,,,,,,,,,,,,,,,,,121829,,,-0.022336386,,1761527322.3127825,,,,,,,,,,,,
14080000.0,,,,,19496.450541227,,,,,,,,,,-9.48913,,,,,,,,,,,,,,,123728,,,,,1761527622.7711601,,,,,,,,,,,,
14098432.0,,,,,19521.468998898,,,,,,,,,,,,,,,,,,,,,,,,,123897,,,,,1761527648.3673291,,,,,,0.0003,,,,,,
14235648.0,,,,,19711.697248018,,,,,,,,0.2,,,,,,,,,,,,,,,,,125100,,,,,1761527838.1123333,,,,,,,,,,,,
14237696.0,,,723.0,,19716.623477089,,,,,,,,,,,,,,,,,,,,,,,,,125115,,,,,1761527840.9695797,,,,,,,,,,,,
14243840.0,,,,,19721.627213439,0.12833159,,,,,,,,,,,,,,,,,,,,,,,,125163,,,,,1761527849.445575,,,,,,,,,,,,
14245888.0,,,,,19726.630393673,,,,,,,,,,,,,,,0.010169138,,,,,,,,,,125197,,,,,1761527852.271899,,,,,,,,,,,,
14540800.0,,,,,20131.942682868,,,,,,,,,,,,,,,,,,,,,,,,,127785,,,,,1761528259.858348,,,,,,0.0003,,,,,,
14653440.0,,,,,20287.064352241,,,,,,,,,,5915.61,,,,,,,,,,,,,,,128768,,,,,1761528414.5810645,,,,,,,,,,,,
14663680.0,,,,,20302.074635386,,0.0,,,,,,,,,,,,,,,,,,,,,,,128852,,,,,1761528428.647878,,,,,,,,,,,,
14747648.0,,,,,20417.15929213,,,,,,,,,,,,,,,,,,,,,,,,0.21309091,129592,,,,,1761528544.3072112,,,,,,,,,,,,
14792704.0,,,,,20482.209909734,,,,,,,,,0.12903759,,,,,,,,,,,,,,,,129989,,,,,1761528606.3933625,,,,,,,,,,,,
14874624.0,,,,,20592.298935906,,,,,,,,,,,,,,,,,,,,,,,,,130721,,,-0.011850301,,1761528719.989343,,,,,,,,,,,,
14993408.0,,,,,20757.432643151,,,,,,1000.0,,,,,,,,,,,,,,,,,,,131755,,,,,1761528884.2165883,,,,,,,,,,,,
15034368.0,,,,,20812.478303439,,0.0,,,,,,,,,,,,,,,,,,,,,,,132110,,,,,1761528940.7348766,,,,,,,,,,,,
15128576.0,,,,,20942.575122033,,,,9.650238,,,,,,,,,,,,,,,,,,,,,132949,,,,,1761529070.7585254,,,,,,,,,,,,
15269888.0,,,,,21142.732487245,0.06420562,,,,,,,,,,,,,,,,,,,,,,,,134181,,,,,1761529266.6500504,,,,,,,,,,,,
15431680.0,,,,,21362.907526221,,,,,,,,,,,,,,,,,,,,,,,,,135606,,,,,1761529489.2981136,,,,-0.40615308,,,,,,,,
15450112.0,,,,,21387.927756721,,0.0,,,,,,,,,,,,,,,,,,,,,,,135764,,,,,1761529514.7135289,,,,,,,,,,,,
15454208.0,,,,,21392.931320574,,,,,,,,,-0.04810388,,,,,,,,,,,,,,,,135803,,,,,1761529520.4059856,,,,,,,,,,,,
15493120.0,,,,,21447.970188005,,,,,0.43496093,,,,,,,,,,,,,,,,,,,,136151,,,,,1761529574.4063268,,,,,,,,,,,,
15544320.0,,,,,21518.024336051,,,,,,1000.0,,,,,,,,,,,,,,,,,,,136597,,,,,1761529645.1874378,,,,,,,,,,,,
15630336.0,,,,,21638.124293314,,0.0,,,,,,,,,,,,,,,,,,,,,,,137348,,,,,1761529764.4961984,,,,,,,,,,,,
15661056.0,,,,,21683.156835924,,,,,,,,,,,,,,,9.3391485e-05,,,,,,,,,,137635,,,,,1761529806.803085,,,,,,,,,,,,
15781888.0,,,,,21848.289042853,,,,,,,,,,,,,,,,,,,,,,,,1.0706806,138682,,,,,1761529974.5191998,,,,,,,,,,,,
15822848.0,,,,,21903.331371477,,,,,,1000.0,,,,,,,,,,,,,,,,,,,139045,,,,,1761530031.4905355,,,,,,,,,,,,
15863808.0,,,,,21963.373947203,,,,,,,,,-0.019468727,,,,,,,,,,,,,,,,139403,,,,,1761530088.1184697,,,,,,,,,,,,
15908864.0,,,,,22023.418877626,,,,,,,,,,,,,,,,,,,,,,,,0.5468706,139798,,,,,1761530150.4783456,,,,,,,,,,,,
16060416.0,,,,,22233.587201963,,,,,,1000.0,,,,,,,,,,,,,,,,,,,141133,,,,,1761530360.5825543,,,,,,,,,,,,
16111616.0,,,,,22303.637818248,,,,,,,,,,,,,,,0.015371624,,,,,,,,,,141595,,,,,1761530431.3613994,,,,,,,,,,,,
16121856.0,,,,,22318.651265065,,,,,,,,,,,,,,,,,,,,,,,,,141681,,,,,1761530445.8340964,,,,,,0.0003,,,,,,
16201728.0,,,,,22428.737324036,,,,,,,,,,,,,,,,,,0.12928978,,,,,,,142378,,,,,1761530556.331801,,,,,,,,,,,,
16265216.0,,,,,22518.813147447,,0.0,,,,,,,,,,,,,,,,,,,,,,,142928,,,,,1761530644.3741882,,,,,,,,,,,,
16320512.0,,,,,22593.874263361,0.06429205,,,,,,,,,,,,,,,,,,,,,,,,143415,,,,,1761530720.4213767,,,,,,,,,,,,
16336896.0,,,,,22618.891788657,,,,,,,,,,,,,,,,,,,,,,,,7.5140567,143560,,,,,1761530743.0253136,,,,,,,,,,,,
16343040.0,,,,,22623.896836248,,0.0,,,,,,,,,,,,,,,,,,,,,,,143612,,,,,1761530751.5361884,,,,,,,,,,,,
16359424.0,,,,,22648.918950134,0.06420937,,,,,,,,,,,,,,,,,,,,,,,,143757,,,,,1761530774.0051897,,,,,,,,,,,,
16365568.0,,,,,22658.925582347,,,,,,,,,,,,,,,,,,,,,,,,,143814,,,,,1761530782.4986625,,,,4.788391,,,,,,,,
16574464.0,,,,,22944.155827287,,,,,,,,,,,,,,,,,,,,,,,,,145661,,,-0.0057145897,,1761531071.1975968,,,,,,,,,,,,
16623616.0,,,,,23014.209709002,,,,,,1000.0,,,,,,,,,,,,,,,,,,,146083,,,,,1761531139.1636975,,,,,,,,,,,,
16691200.0,,,,,23109.284187845,0.06421987,,,,,,,,,,,,,,,,,,,,,,,,146673,,,,,1761531232.7086911,,,,,,,,,,,,
16805888.0,,,,,23264.409338906,0.132144,,,,,,,,,,,,,,,,,,,,,,,,147681,,,,,1761531391.4289641,,,,,,,,,,,,
16887808.0,,,,,23379.499516381,,,,11.265688,,,,,,,,,,,,,,,,,,,,,148411,,,,,1761531505.2615688,,,,,,,,,,,,
16998400.0,,,,,23534.648905633,0.1420606,,,,,,,,,,,,,,,,,,,,,,,,149373,,,,,1761531659.1431062,,,,,,,,,,,,
17025024.0,,,,,23569.675737874,,,,,,,,,,,,,,,,,,,,,,,,0.08334198,149608,,,,,1761531696.0252943,,,,,,,,,,,,
17027072.0,,,,0.82431304,23574.68194383,,,,,,,,,,,,,,,,,,,,,,,,,149636,,,,,1761531698.879299,,,,,,,,,,,,
17129472.0,,,,,23714.792148564,,,,,,,,,,169443.14,,,,,,,,,,,,,,,150530,,,,,1761531839.6463044,,,,,,,,,,,,
17178624.0,,,,,23779.843979015,,,,,,,,,,,,,,,,,,,-0.039215524,,,,,,150970,,,,,1761531907.7347813,,,,,,,,,,,,
17285120.0,,,,,23929.961802112,0.06422623,,,,,,,,,,,,,,,,,,,,,,,,151893,,,,,1761532055.0098968,,,,,,,,,,,,
17299456.0,,,,,23949.977037061,0.06423269,,,,,,,,,,,,,,,,,,,,,,,,152019,,,,,1761532075.1510365,,,,,,,,,,,,
17340416.0,,,,,24005.019325651,0.15246972,,,,,,,,,,,,,,,,,,,,,,,,152379,,,,,1761532131.8854518,,,,,,,,,,,,
17340416.0,,,,,24005.019371269,,,,,,,,,0.05075649,,,,,,,,,,,,,,,,152381,,,,,1761532131.8854873,,,,,,,,,,,,
17342464.0,,,,,24010.022565623,,,,,,1000.0,,,,,,,,,,,,,,,,,,,152401,,,,,1761532134.6723466,,,,,,,,,,,,
17350656.0,,,,,24020.031661162,,,,,,,,,,,,,,,,,,,-0.015227269,,,,,,152482,,,,,1761532146.1299071,,,,,,,,,,,,
17362944.0,,,,,24035.043647156,,,,,,,,,,,,,,,,,,,,,,,,8.656539,152578,,,,,1761532163.2557242,,,,,,,,,,,,
17408000.0,,,,,24100.096072902,,,,,,,,,,,,,,,0.0009871051,,,,,,,,,,152989,,,,,1761532225.955242,,,,,,,,,,,,
17414144.0,,,723.0,,24110.103658055,,,,,,,,,,,,,,,,,,,,,,,,,153033,,,,,1761532234.494231,,,,,,,,,,,,
17440768.0,,,,0.9579005,24145.133483949,,,,,,,,,,,,,,,,,,,,,,,,,153272,,,,,1761532271.5513165,,,,,,,,,,,,
17522688.0,,,,,24260.223003299,,,,,,,,0.2,,,,,,,,,,,,,,,,,153990,,,,,1761532384.7311208,,,,,,,,,,,,
17543168.0,,,,,24285.240360792,0.13692415,,,,,,,,,,,,,,,,,,,,,,,,154161,,,,,1761532413.240931,,,,,,,,,,,,
17702912.0,,,,,24510.417122369,,,,,,,,,,,,,,,,,,0.07063055,,,,,,,155572,,,,,1761532635.153898,,,,,,,,,,,,
17709056.0,,,722.0,,24515.423094993,,,,,,,,,,,,,,,,,,,,,,,,,155625,,,,,1761532643.6681008,,,,,,,,,,,,
17762304.0,,,,,24590.481075231,,,,,,1000.0,,,,,,,,,,,,,,,,,,,156091,,,,,1761532717.636619,,,,,,,,,,,,
17809408.0,,,,,24655.530968013,,,,,,,,,,,,,,,,,,,,,,,,3.7261684,156502,,,,,1761532782.9420693,,,,,,,,,,,,
17821696.0,,,,,24675.545517593,,,,,,,,,-1.3526246e-05,,,,,,,,,,,,,,,,156611,,,,,1761532800.0109408,,,,,,,,,,,,
17858560.0,,,,,24725.585349374,,,,,,,,,0.5731604,,,,,,,,,,,,,,,,156935,,,,,1761532851.0898035,,,,,,,,,,,,
17924096.0,,,,,24815.658300522,,,,,,,,0.2,,,,,,,,,,,,,,,,,157518,,,,,1761532942.0868115,,,,,,,,,,,,
17989632.0,,,,,24905.733479252,,,,11.550718,,,,,,,,,,,,,,,,,,,,,158095,,,,,1761533032.870852,,,,,,,,,,,,
18102272.0,,,,,25060.857529665,,,,,,,,,,,,,,,,,,0.18207411,,,,,,,159082,,,,,1761533188.9030006,,,,,,,,,,,,
18229248.0,,,,,25240.994857612,,,,,,,,,,,,,,,,,,,,,,,,,160194,,,,,1761533364.8417416,,,,0.3065461,,,,,,,,
18288640.0,,,,,25321.057997467,,,,,0.47626954,,,,,,,,,,,,,,,,,,,,160721,,,,,1761533447.0725617,,,,,,,,,,,,
18505728.0,,,,,25626.308604474,,,,,,,,,,,,,,,0.005168989,,,,,,,,,,162637,,,,,1761533750.0531545,,,,,,,,,,,,
18513920.0,,,,0.9629315,25636.316270582,,,,,,,,,,,,,,,,,,,,,,,,,162704,,,,,1761533761.484979,,,,,,,,,,,,
18644992.0,,,,,25816.464320634,,,,,0.39541015,,,,,,,,,,,,,,,,,,,,163853,,,,,1761533943.257814,,,,,,,,,,,,
18651136.0,,,,,25826.471262289,,,,,,,,,,,,,,,,,,,,,,,,0.85201144,163900,,,,,1761533951.8570058,,,,,,,,,,,,
18706432.0,,,,,25901.532613447,,,,,,,,,,,,,,,,,,,,,,,,0.12618886,164386,,,,,1761534028.5641165,,,,,,,,,,,,
18884608.0,,,,,26151.727315456,,0.0,,,,,,,,,,,,,,,,,,,,,,,165950,,,,,1761534275.4784703,,,,,,,,,,,,
18970624.0,,,,,26266.943496077,,,,,,,,,,,,,,,,,,,,,0.05712744,,,,166722,,,,,1761534394.4991689,,,,,,,,,,,,
19302400.0,,,,,26727.175384923,,,,,,,,,,,,,,,,,,,-0.038428187,,,,,,169636,,,,,1761534854.615543,,,,,,,,,,,,
19310592.0,,,,0.9693495,26742.184683755,,,,,,,,,,,,,,,,,,,,,,,,,169706,,,,,1761534865.9799755,,,,,,,,,,,,
19363840.0,,,,,26812.239314284,,,,,,,,,,,,,,,,,,,,,0.0578069,,,,170178,,,,,1761534940.0487862,,,,,,,,,,,,
19464192.0,,,,,26952.348692206,,,,,,,,,,,,,,,,,,,-0.03928624,,,,,,171058,,,,,1761535079.3403914,,,,,,,,,,,,
19490816.0,,,,,26992.37864392,0.14274316,,,,,,,,,,,,,,,,,,,,,,,,171279,,,,,1761535116.2055964,,,,,,,,,,,,
19492864.0,,,,,26992.379361932,,,,,,,,,0.4671981,,,,,,,,,,,,,,,,171299,,,,,1761535119.0343935,,,,,,,,,,,,
19492864.0,,,,,26992.379753754,,,,,,,,,,,,,,,,,,,,,,,,,171311,,,0.00096750224,,1761535119.0386748,,,,,,,,,,,,
19503104.0,,,,,27007.389961548,,,,,0.4559082,,,,,,,,,,,,,,,,,,,,171395,,,,,1761535133.1561146,,,,,,,,,,,,
19558400.0,,,,,27082.446383602,,,,,,,,,,,,,,,0.0028987415,,,,,,,,,,171889,,,,,1761535209.93923,,,,,,,,,,,,
19697664.0,,,,,27277.601819028,0.06426559,,,,,,,,,,,,,,,,,,,,,,,,173097,,,,,1761535402.9316628,,,,,,,,,,,,
19722240.0,,,,,27312.630226766,,,,,,,,,,,,,,,,,,,-0.006763871,,,,,,173326,,,,,1761535437.0721734,,,,,,,,,,,,
19886080.0,,,,,27537.80678086,,,,,,,,,,,,,,,0.0011309818,,,,,,,,,,174769,,,,,1761535664.3001242,,,,,,,,,,,,
19894272.0,,,,,27547.813490721,,,,,0.42436522,,,,,,,,,,,,,,,,,,,,174833,,,,,1761535675.6951838,,,,,,,,,,,,
19912704.0,,,,,27577.83342123,,,,,,,,,,,,,,,,,,,,,,,,0.05927782,174988,,,,,1761535701.3047054,,,,,,,,,,,,
20092928.0,,,,,27828.027122846,0.06427768,,,,,,,,,,,,,,,,,,,,,,,,176571,,,,,1761535952.2447755,,,,,,,,,,,,
20111360.0,,,,,27853.047714338,,,,,,,,,,,,,,,0.0030597865,,,,,,,,,,176749,,,,,1761535977.8786438,,,,,,,,,,,,
20121600.0,,,,,27868.057979032,,,,,,,,,,90775.18,,,,,,,,,,,,,,,176828,,,,,1761535991.9666016,,,,,,,,,,,,
20518912.0,,,,,28418.498645099,,,,,,1000.0,,,,,,,,,,,,,,,,,,,180319,,,,,1761536543.4888701,,,,,,,,,,,,
20545536.0,,,,,28453.525484198,,0.0,,,,,,,,,,,,,,,,,,,,,,,180548,,,,,1761536580.4536629,,,,,,,,,,,,
20606976.0,,,,,28538.594825216,,,,,,,,,,-1103.0623,,,,,,,,,,,,,,,181094,,,,,1761536665.6677678,,,,,,,,,,,,
20617216.0,,,,,28553.607006591,,,,,0.475,,,,,,,,,,,,,,,,,,,,181187,,,,,1761536679.8266509,,,,,,,,,,,,
20707328.0,,,,,28678.70447257,,,,,0.41601562,,,,,,,,,,,,,,,,,,,,181979,,,,,1761536804.0204923,,,,,,,,,,,,
20826112.0,,,,,28843.823607422,,,,12.584049,,,,,,,,,,,,,,,,,,,,,183025,,,,,1761536968.044682,,,,,,,,,,,,
20836352.0,,,,,28858.836213929,,,,,,,,,,,,,,,,,,,,,0.052288447,,,,183120,,,,,1761536982.3064697,,,,,,,,,,,,
20912128.0,,,,,28958.916667892,,,,,,,,,,,,,,,,,,,,,,,,,183783,,,,,1761537086.9768133,,,,,,0.0003,,,,,,
20936704.0,,,,,28993.943527952,,,,,,,,,,,,,,,0.004392958,,,,,,,,,,184003,,,,,1761537120.915804,,,,,,,,,,,,
21024768.0,,,,,29119.040667609,,,,,0.4694336,,,,,,,,,,,,,,,,,,,,184769,,,,,1761537242.6303272,,,,,,,,,,,,
21073920.0,,,,,29184.091004143,,,,,,1000.0,,,,,,,,,,,,,,,,,,,185197,,,,,1761537310.5491824,,,,,,,,,,,,
21155840.0,,,,,29299.186802838,,,,,,,,,,,,,,,,,,,,,0.05032582,,,,185928,,,,,1761537424.1210911,,,,,,,,,,,,
21184512.0,,,,,29339.218816837,,,,,,,,,,,,,,,6.333817e-05,,,,,,,,,,186181,,,,,1761537463.7484338,,,,,,,,,,,,
21266432.0,,,,,29449.309003947,,,,,,,,,,,,,,,,,,,-0.051883895,,,,,,186898,,,,,1761537576.645219,,,,,,,,,,,,
21268480.0,,,,,29454.313270949,,,,,,,,,,,,,,,,,,,,,,,,,186915,,,,,1761537579.4478366,,,,,,0.0003,,,,,,
21313536.0,,,,,29514.361286479,,,,13.010627,,,,,,,,,,,,,,,,,,,,,187309,,,,,1761537642.1110218,,,,,,,,,,,,
21336064.0,,,,,29549.386043664,,,,,,1000.0,,,,,,,,,,,,,,,,,,,187501,,,,,1761537673.5243084,,,,,,,,,,,,
21452800.0,,,,,29709.515940571,,,,,,,,,,,,,,,0.0013284705,,,,,,,,,,188539,,,,,1761537835.245774,,,,,,,,,,,,
21571584.0,,,,,29874.646796447,,,,,,,,,,200106.05,,,,,,,,,,,,,,,189572,,,,,1761538000.0715113,,,,,,,,,,,,
21645312.0,,,,,29974.72413219,0.064245164,,,,,,,,,,,,,,,,,,,,,,,,190215,,,,,1761538101.3051133,,,,,,,,,,,,
21690368.0,,,,,30039.773280583,,,,,,1000.0,,,,,,,,,,,,,,,,,,,190615,,,,,1761538163.3823712,,,,,,,,,,,,
21692416.0,,,722.0,,30039.773939585,,,,,,,,,,,,,,,,,,,,,,,,,190635,,,,,1761538166.243762,,,,,,,,,,,,
21780480.0,,,,,30159.869985083,,,,,,,,0.2,,,,,,,,,,,,,,,,,191412,,,,,1761538288.1951854,,,,,,,,,,,,
21803008.0,,,,,30194.894921803,,,,,,,,,,192110.64,,,,,,,,,,,,,,,191606,,,,,1761538319.2160895,,,,,,,,,,,,
21848064.0,,,,,30254.942018016,,,,,,,,0.2,,,,,,,,,,,,,,,,,192006,,,,,1761538381.3325548,,,,,,,,,,,,
21987328.0,,,,,30450.098543102,0.1399037,,,,,,,,,,,,,,,,,,,,,,,,193221,,,,,1761538573.6770139,,,,,,,,,,,,
21995520.0,,,,,30460.105875772,,,,,,,,,,,,,,,,,,0.1265647,,,,,,,193300,,,,,1761538585.0224752,,,,,,,,,,,,
22032384.0,,,,,30510.143180941,,,,,,,,,,,,,,,,,,,,,,,,,193629,,,,,1761538636.0212185,,,,,,0.0003,,,,,,
22077440.0,,,,0.9015696,30575.192297681,,,,,,,,,,,,,,,,,,,,,,,,,194024,,,,,1761538698.6497898,,,,,,,,,,,,
22183936.0,,,,,30720.30759085,,,,,0.5692871,,,,,,,,,,,,,,,,,,,,194957,,,,,1761538845.8543437,,,,,,,,,,,,
22222848.0,,,,,30775.351713407,,,,,,1000.0,,,,,,,,,,,,,,,,,,,195295,,,,,1761538899.8951364,,,,,,,,,,,,
22276096.0,,,,,30845.407435745,,,,,,,,,0.055341218,,,,,,,,,,,,,,,,195761,,,,,1761538973.7515202,,,,,,,,,,,,
22353920.0,,,,,30955.497680388,,,,,,,,,,,,,,,,,,,,,,,,,196446,,,,,1761539081.7415805,,,,0.34313852,,,,,,,,
22423552.0,,,722.0,,31050.573418899,,,,,,,,,,,,,,,,,,,,,,,,,197061,,,,,1761539178.2255588,,,,,,,,,,,,
22575104.0,,,,,31260.737523688,,,,,,,,,,,,,,,,,,0.30742434,,,,,,,198394,,,,,1761539387.4994721,,,,,,,,,,,,
22618112.0,,,,,31320.782954683,,,,,,,,,,,,,,,,,,,,,,,,0.06224595,198766,,,,,1761539447.0236874,,,,,,,,,,,,
22673408.0,,,,,31395.842610229,,,,,,,,,0.009580541,,,,,,,,,,,,,,,,199253,,,,,1761539523.6438055,,,,,,,,,,,,
22761472.0,,,,,31520.947405062,,,,,0.49472657,,,,,,,,,,,,,,,,,,,,200033,,,,,1761539645.1596918,,,,,,,,,,,,
22779904.0,,,,,31545.965052663,,,,,,,,0.2,,,,,,,,,,,,,,,,,200196,,,,,1761539670.7040808,,,,,,,,,,,,
22796288.0,,,,,31565.980173861,,,,,,,,,,,,,,,,,,,,,,,,0.21217164,200332,,,,,1761539693.3380306,,,,,,,,,,,,
22798336.0,"{'_type': 'histogram', 'values': [1, 0, 0, 0, 0, 0, 0, 0, 0, 0, 0, 0, 0, 0, 0, 0, 0, 3, 0, 0, 0, 0, 1, 1, 0, 2, 1, 2, 3, 2, 2, 0, 1, 2, 4, 8, 7, 7, 3, 11, 6, 5, 10, 5, 7, 5, 4, 1, 5, 1, 4, 5, 1, 2, 2, 1, 1, 0, 0, 1, 0, 0, 0, 1], 'packedBins': {'count': 64, 'min': -0.2561817765235901, 'size': 0.006838701199740171}}",,,,31570.983257753,,0.0,"{'packedBins': {'size': 0.011763995978981256, 'count': 64, 'min': -0.5354616641998291}, '_type': 'histogram', 'values': [1, 0, 0, 0, 0, 0, 0, 0, 0, 0, 0, 0, 0, 0, 1, 1, 0, 0, 0, 0, 0, 0, 0, 2, 0, 0, 0, 0, 1, 1, 0, 1, 1, 0, 1, 0, 4, 2, 5, 3, 7, 3, 10, 9, 7, 10, 9, 6, 7, 9, 5, 5, 6, 4, 1, 1, 2, 1, 1, 0, 0, 0, 0, 1]}",,,,"{'_type': 'histogram', 'values': [1, 0, 1, 1, 0, 5, 1, 2, 3, 0, 3, 1, 3, 0, 4, 3, 5, 3, 1, 0, 3, 1, 3, 1, 3, 2, 3, 2, 2, 0, 1, 4, 1, 0, 4, 1, 3, 5, 4, 1, 2, 3, 2, 0, 6, 4, 4, 2, 3, 2, 2, 1, 6, 1, 2, 2, 1, 0, 1, 1, 0, 0, 1, 1], 'packedBins': {'min': -0.27877044677734375, 'size': 0.009004993364214897, 'count': 64}}",,,,,,,,,"{'_type': 'histogram', 'values': [1, 1, 0, 0, 0, 0, 1, 0, 0, 0, 0, 1, 0, 0, 1, 0, 0, 0, 0, 1, 0, 0, 0, 0, 0, 1, 0, 0, 0, 0, 0, 0, 0, 0, 0, 0, 0, 0, 0, 0, 0, 0, 0, 0, 0, 0, 0, 0, 0, 0, 0, 0, 0, 0, 0, 0, 0, 0, 0, 0, 0, 0, 0, 1], 'packedBins': {'min': -0.0469210259616375, 'size': 0.002698087540920824, 'count': 64}}","{'packedBins': {'min': -0.5643019676208496, 'size': 0.012902210932224989, 'count': 64}, '_type': 'histogram', 'values': [1, 0, 0, 0, 1, 1, 0, 0, 0, 1, 0, 0, 0, 0, 1, 0, 1, 0, 1, 2, 1, 2, 0, 0, 0, 1, 0, 0, 0, 1, 1, 0, 2, 3, 2, 3, 3, 0, 1, 1, 4, 1, 0, 2, 3, 1, 2, 1, 2, 2, 3, 2, 0, 2, 0, 1, 3, 1, 0, 0, 1, 0, 1, 2]}",,,,,"{'_type': 'histogram', 'values': [1, 1, 0, 1, 0, 0, 0, 0, 0, 0, 0, 0, 0, 0, 1, 2, 1, 5, 3, 1, 3, 10, 5, 11, 18, 26, 34, 39, 50, 61, 94, 134, 177, 206, 204, 172, 148, 94, 96, 74, 48, 27, 25, 23, 13, 11, 4, 6, 3, 3, 4, 2, 3, 3, 2, 1, 1, 1, 0, 0, 1, 0, 2, 1], 'packedBins': {'count': 64, 'min': -1.1541106700897217, 'size': 0.03366827219724655}}",,,200348,,"{'values': [1, 1, 0, 1, 0, 3, 0, 0, 1, 7, 4, 3, 10, 11, 21, 19, 28, 28, 47, 47, 67, 96, 99, 118, 129, 160, 177, 191, 232, 262, 313, 343, 367, 368, 401, 406, 418, 428, 395, 401, 382, 339, 314, 284, 235, 211, 169, 160, 116, 92, 76, 65, 53, 35, 20, 17, 13, 2, 2, 1, 2, 0, 0, 1], 'packedBins': {'min': -0.8205405473709106, 'size': 0.022411285899579525, 'count': 64}, '_type': 'histogram'}",,"{'values': [1, 0, 0, 0, 0, 0, 0, 0, 0, 0, 0, 1, 1, 3, 0, 1, 3, 0, 2, 4, 5, 4, 10, 11, 13, 25, 31, 48, 60, 81, 112, 111, 173, 202, 248, 310, 376, 420, 458, 473, 536, 527, 548, 524, 483, 457, 402, 333, 265, 245, 204, 130, 112, 72, 48, 42, 36, 13, 12, 8, 3, 2, 0, 3], 'packedBins': {'min': -0.9449756145477295, 'size': 0.022227901499718428, 'count': 64}, '_type': 'histogram'}",1761539696.1744452,,,,,"{'bins': [-3.329982280731201, -3.319007396697998, -3.308032751083374, -3.297057867050171, -3.286083221435547, -3.2751083374023438, -3.2641334533691406, -3.2531588077545166, -3.2421839237213135, -3.2312092781066895, -3.2202343940734863, -3.209259510040283, -3.198284864425659, -3.187309980392456, -3.176335334777832, -3.165360450744629, -3.154385566711426, -3.1434109210968018, -3.1324360370635986, -3.1214613914489746, -3.1104865074157715, -3.0995118618011475, -3.0885369777679443, -3.077562093734741, -3.066587448120117, -3.055612564086914, -3.04463791847229, -3.033663034439087, -3.022688150405884, -3.0117135047912598, -3.0007386207580566, -2.9897639751434326, -2.9787890911102295, -2.9678142070770264, -2.9568395614624023, -2.945864677429199, -2.934890031814575, -2.923915147781372, -2.912940263748169, -2.901965618133545, -2.890990734100342, -2.8800160884857178, -2.8690412044525146, -2.8580663204193115, -2.8470916748046875, -2.8361167907714844, -2.8251421451568604, -2.8141672611236572, -2.803192615509033, -2.79221773147583, -2.781242847442627, -2.770268201828003, -2.7592933177948, -2.748318672180176, -2.7373437881469727, -2.7263689041137695, -2.7153942584991455, -2.7044193744659424, -2.6934447288513184, -2.6824698448181152, -2.671494960784912, -2.660520315170288, -2.649545431137085, -2.638570785522461, -2.627595901489258], '_type': 'histogram', 'values': [1, 0, 0, 0, 0, 0, 1, 0, 0, 0, 0, 0, 1, 0, 0, 0, 0, 0, 0, 1, 0, 1, 0, 0, 0, 0, 0, 0, 0, 1, 0, 0, 0, 0, 0, 0, 0, 0, 0, 1, 0, 0, 0, 0, 0, 0, 0, 0, 0, 0, 0, 0, 0, 0, 0, 0, 0, 0, 0, 0, 0, 0, 0, 1]}",,"{'values': [1, 0, 0, 0, 0, 0, 0, 0, 0, 1, 0, 0, 1, 1, 1, 0, 0, 1, 1, 0, 2, 0, 1, 0, 1, 0, 2, 0, 1, 2, 2, 2, 2, 3, 1, 2, 1, 0, 2, 1, 5, 2, 1, 3, 3, 2, 1, 2, 0, 1, 1, 0, 2, 1, 1, 1, 0, 1, 0, 0, 0, 2, 2, 1], 'packedBins': {'size': 0.00641285115852952, 'count': 64, 'min': -0.21894140541553497}, '_type': 'histogram'}",,"{'_type': 'histogram', 'values': [1, 0, 1, 0, 0, 1, 0, 1, 1, 0, 1, 1, 4, 4, 4, 6, 7, 15, 17, 15, 19, 19, 20, 23, 36, 36, 43, 39, 34, 31, 56, 39, 43, 61, 45, 37, 47, 34, 32, 30, 33, 24, 27, 23, 17, 15, 18, 16, 11, 6, 5, 5, 3, 5, 2, 2, 0, 1, 0, 5, 1, 0, 0, 2], 'packedBins': {'min': -0.36055004596710205, 'size': 0.011155988555401564, 'count': 64}}","{'packedBins': {'count': 64, 'min': -0.767814040184021, 'size': 0.023356820456683636}, '_type': 'histogram', 'values': [1, 0, 0, 1, 1, 4, 2, 1, 3, 4, 2, 10, 8, 16, 19, 14, 21, 23, 27, 31, 35, 40, 37, 53, 45, 49, 75, 54, 49, 72, 81, 79, 96, 80, 82, 81, 60, 63, 57, 43, 64, 44, 48, 47, 36, 37, 29, 18, 17, 27, 17, 17, 6, 7, 3, 4, 5, 2, 0, 2, 3, 1, 2, 1]}",,"{'_type': 'histogram', 'values': [1], 'bins': [0.08964579552412033, 0.08964579552412033]}"
22847488.0,,,,,31636.040470383,,,,,,,,0.2,,,,,,,,,,,,,,,,,200790,,,,,1761539764.036534,,,,,,,,,,,,
22894592.0,,,,,31701.092910574,0.06421262,,,,,,,,,,,,,,,,,,,,,,,,201195,,,,,1761539828.9509401,,,,,,,,,,,,
22910976.0,"{'_type': 'histogram', 'values': [1, 0, 0, 0, 0, 0, 0, 0, 0, 0, 0, 0, 0, 0, 0, 0, 0, 1, 2, 0, 0, 0, 1, 1, 0, 2, 0, 2, 3, 3, 2, 0, 0, 2, 5, 7, 7, 7, 4, 9, 7, 6, 8, 7, 8, 3, 5, 0, 6, 1, 3, 5, 2, 1, 2, 2, 1, 0, 0, 0, 1, 0, 0, 1], 'packedBins': {'count': 64, 'min': -0.2561817765235901, 'size': 0.006807563826441765}}",,,,31726.110349036,,0.0,"{'_type': 'histogram', 'values': [1, 0, 0, 0, 0, 0, 0, 0, 0, 0, 0, 0, 0, 0, 0, 2, 0, 0, 0, 0, 0, 0, 0, 1, 1, 0, 0, 0, 1, 1, 0, 0, 1, 0, 0, 2, 2, 3, 5, 5, 3, 4, 4, 14, 6, 10, 7, 11, 7, 9, 3, 4, 8, 3, 4, 0, 1, 4, 0, 0, 0, 0, 0, 1], 'packedBins': {'min': -0.5328176021575928, 'size': 0.011652283370494843, 'count': 64}}",,,,"{'values': [1, 0, 2, 1, 3, 2, 2, 3, 0, 3, 1, 0, 3, 3, 2, 4, 4, 3, 0, 1, 3, 3, 0, 3, 1, 2, 4, 2, 1, 0, 2, 4, 0, 1, 3, 2, 2, 5, 4, 0, 3, 3, 2, 1, 5, 5, 4, 1, 3, 3, 1, 3, 4, 2, 1, 0, 3, 0, 0, 2, 0, 0, 1, 1], 'packedBins': {'min': -0.27426236867904663, 'size': 0.008945197332650423, 'count': 64}, '_type': 'histogram'}",,,,,,,,,"{'packedBins': {'min': -0.0455290712416172, 'size': 0.0027738160570152104, 'count': 64}, '_type': 'histogram', 'values': [2, 0, 0, 0, 0, 0, 1, 0, 0, 0, 0, 1, 1, 0, 0, 0, 0, 0, 0, 1, 0, 0, 0, 0, 1, 0, 0, 0, 0, 0, 0, 0, 0, 0, 0, 0, 0, 0, 0, 0, 0, 0, 0, 0, 0, 0, 0, 0, 0, 0, 0, 0, 0, 0, 0, 0, 0, 0, 0, 0, 0, 0, 0, 1]}","{'values': [1, 0, 0, 0, 0, 2, 0, 0, 0, 0, 1, 0, 0, 0, 1, 1, 0, 0, 1, 1, 2, 1, 1, 0, 0, 0, 1, 0, 0, 1, 1, 0, 1, 3, 1, 4, 1, 2, 1, 2, 3, 2, 0, 3, 3, 1, 1, 1, 1, 2, 4, 1, 1, 2, 0, 2, 2, 1, 0, 0, 1, 0, 1, 2], 'packedBins': {'min': -0.5773158073425293, 'size': 0.01312868483364582, 'count': 64}, '_type': 'histogram'}",,,,,"{'_type': 'histogram', 'values': [1, 1, 0, 1, 0, 0, 0, 0, 0, 0, 0, 0, 0, 0, 2, 1, 2, 4, 2, 3, 2, 11, 5, 16, 17, 25, 34, 40, 54, 64, 94, 152, 184, 208, 204, 155, 150, 87, 98, 64, 46, 26, 25, 19, 10, 13, 2, 7, 3, 3, 5, 1, 3, 2, 3, 1, 1, 1, 0, 0, 1, 0, 2, 1], 'packedBins': {'count': 64, 'min': -1.1480073928833008, 'size': 0.0336462315171957}}",,,201338,,"{'packedBins': {'size': 0.022441111505031586, 'count': 64, 'min': -0.8232181072235107}, '_type': 'histogram', 'values': [1, 0, 1, 1, 1, 1, 1, 0, 1, 4, 7, 3, 9, 12, 19, 17, 33, 24, 48, 44, 66, 90, 102, 110, 117, 172, 182, 190, 229, 262, 315, 332, 352, 375, 399, 412, 406, 433, 403, 391, 391, 346, 317, 282, 243, 209, 174, 168, 113, 97, 73, 66, 55, 35, 18, 19, 12, 3, 2, 1, 2, 0, 0, 1]}",,"{'_type': 'histogram', 'values': [1, 0, 0, 0, 0, 0, 0, 0, 0, 0, 0, 1, 1, 3, 0, 1, 3, 0, 1, 6, 5, 3, 9, 10, 16, 25, 34, 46, 53, 87, 114, 108, 176, 195, 264, 301, 385, 411, 465, 464, 536, 547, 530, 531, 467, 463, 403, 329, 277, 233, 204, 133, 114, 68, 49, 45, 32, 17, 12, 6, 4, 1, 0, 3], 'packedBins': {'min': -0.9448536038398743, 'size': 0.022216996643692255, 'count': 64}}",1761539851.6449523,,,,,"{'bins': [-3.353631019592285, -3.3427367210388184, -3.3318421840667725, -3.3209478855133057, -3.3100533485412598, -3.299159049987793, -3.288264751434326, -3.2773702144622803, -3.2664759159088135, -3.2555816173553467, -3.244687080383301, -3.233792781829834, -3.222898483276367, -3.2120039463043213, -3.2011096477508545, -3.1902151107788086, -3.179320812225342, -3.168426513671875, -3.157531976699829, -3.1466376781463623, -3.1357431411743164, -3.1248488426208496, -3.113954544067383, -3.103060007095337, -3.09216570854187, -3.0812714099884033, -3.0703768730163574, -3.0594825744628906, -3.048588275909424, -3.037693738937378, -3.026799440383911, -3.0159049034118652, -3.0050106048583984, -2.9941163063049316, -2.9832217693328857, -2.972327470779419, -2.961432933807373, -2.9505386352539062, -2.9396443367004395, -2.9287497997283936, -2.9178555011749268, -2.90696120262146, -2.896066665649414, -2.8851723670959473, -2.8742780685424805, -2.8633835315704346, -2.8524892330169678, -2.841594696044922, -2.830700397491455, -2.8198060989379883, -2.8089115619659424, -2.7980172634124756, -2.7871227264404297, -2.776228427886963, -2.765334129333496, -2.75443959236145, -2.7435452938079834, -2.7326509952545166, -2.7217564582824707, -2.710862159729004, -2.699967861175537, -2.689073324203491, -2.6781790256500244, -2.6672844886779785, -2.6563901901245117], '_type': 'histogram', 'values': [1, 0, 0, 0, 0, 0, 0, 0, 0, 1, 0, 0, 0, 0, 1, 0, 0, 0, 0, 0, 0, 2, 0, 0, 0, 0, 0, 0, 0, 0, 0, 1, 0, 0, 0, 0, 0, 0, 0, 1, 0, 0, 0, 0, 0, 0, 0, 0, 0, 0, 0, 0, 0, 0, 0, 0, 0, 0, 0, 0, 0, 0, 0, 1]}",,"{'_type': 'histogram', 'values': [1, 0, 0, 0, 0, 0, 0, 0, 1, 0, 0, 1, 1, 0, 0, 1, 0, 0, 2, 1, 1, 0, 1, 1, 0, 1, 0, 1, 1, 1, 4, 0, 3, 3, 1, 2, 1, 0, 2, 1, 5, 2, 1, 1, 5, 2, 1, 2, 0, 1, 0, 1, 1, 1, 2, 1, 0, 1, 0, 0, 0, 2, 2, 1], 'packedBins': {'size': 0.0063991660717874765, 'count': 64, 'min': -0.21940238773822784}}",,"{'_type': 'histogram', 'values': [1, 0, 1, 0, 0, 1, 1, 1, 0, 0, 2, 0, 4, 3, 5, 4, 8, 15, 18, 16, 18, 18, 23, 25, 31, 36, 48, 37, 32, 30, 58, 41, 43, 55, 43, 42, 41, 42, 29, 30, 34, 23, 30, 20, 19, 15, 16, 19, 10, 5, 4, 5, 5, 1, 5, 1, 1, 1, 0, 5, 1, 0, 0, 2], 'packedBins': {'min': -0.3607788383960724, 'size': 0.011158687062561512, 'count': 64}}","{'packedBins': {'count': 64, 'min': -0.765792727470398, 'size': 0.023318707942962646}, '_type': 'histogram', 'values': [1, 0, 0, 2, 1, 3, 2, 1, 5, 3, 1, 10, 8, 19, 17, 13, 22, 23, 30, 32, 31, 43, 35, 51, 47, 49, 70, 59, 47, 77, 80, 78, 96, 75, 90, 79, 52, 67, 61, 44, 62, 45, 45, 44, 40, 34, 30, 16, 20, 25, 18, 16, 7, 7, 3, 6, 2, 3, 0, 2, 2, 2, 2, 1]}",,"{'values': [1], 'bins': [0.09156225621700287, 0.09156225621700287], '_type': 'histogram'}"
22935552.0,,,,,31761.136711446,,,,,,,,,,,,,,,,,,,,,,,,,201567,,,,,1761539885.51232,,,,,,0.0003,,,,,,
23003136.0,,,,0.83059585,31851.207176295,,,,,,,,,,,,,,,,,,,,,,,,,202160,,,,,1761539978.939422,,,,,,,,,,,,
23058432.0,,,,,31931.271252131,,,,,,,,,,,,,,,,,,,,,,,,,202638,,,,,1761540055.8992608,,,,0.3416955,,,,,,,,
23076864.0,,,,,31956.289371994,,,,,,,,,,,,,,,,,,,,,,,,,202800,,,,,1761540081.3959758,,,,0.1566761,,,,,,,,
23126016.0,,,,,32026.344987001,,0.0,,,,,,,,,,,,,,,,,,,,,,,203228,,,,,1761540149.6968203,,,,,,,,,,,,
23162880.0,,,722.0,,32076.382434681,,,,,,,,,,,,,,,,,,,,,,,,,203559,,,,,1761540200.2168293,,,,,,,,,,,,
23173120.0,,,,,32086.391686861,,,,13.25833,,,,,,,,,,,,,,,,,,,,,203653,,,,,1761540214.34103,,,,,,,,,,,,
23181312.0,,,,,32101.404912991,,,,,,,,,,,,,,,,,,,,,,,,,203729,,,-0.0006028692,,1761540225.6712592,,,,,,,,,,,,
23218176.0,,,,0.71435356,32151.447754749,,,,,,,,,,,,,,,,,,,,,,,,,204050,,,,,1761540276.7721386,,,,,,,,,,,,
23248896.0,,,,,32191.479362996,,,,,,,,,-0.19415116,,,,,,,,,,,,,,,,204311,,,,,1761540319.156872,,,,,,,,,,,,
23248896.0,,,,,32191.480604758,,,,,0.47016603,,,,,,,,,,,,,,,,,,,,204317,,,,,1761540319.1569388,,,,,,,,,,,,
23265280.0,,,,,32216.497727936,,,,,,,,,,,,,,,,,,,,,,,,,204456,,,,,1761540341.7831533,,,,-0.020100977,,,,,,,,
23265280.0,,,,,32216.498053438,,,,,,,,,,,,,,,0.0060043205,,,,,,,,,,204469,,,,,1761540341.7890995,,,,,,,,,,,,
23267328.0,,,,,32216.498475206,,,,,,,,,,,,,,,,,,,,,0.046836093,,,,204486,,,,,1761540344.5732937,,,,,,,,,,,,
23349248.0,,,,,32331.589937168,,,,,,,,,,,,,,,0.0043000504,,,,,,,,,,205207,,,,,1761540458.2807515,,,,,,,,,,,,
23400448.0,,,,,32401.643611294,,,,,,,,,,,,,,,,,,0.3817764,,,,,,,205648,,,,,1761540529.2231476,,,,,,,,,,,,
23422976.0,,,,,32436.668594611,,,,,,1000.0,,,,,,,,,,,,,,,,,,,205843,,,,,1761540560.4379563,,,,,,,,,,,,
23425024.0,,,,,32436.669210628,,,,,0.4864746,,,,,,,,,,,,,,,,,,,,205865,,,,,1761540563.274844,,,,,,,,,,,,
23531520.0,,,,,32586.786055565,,,,,,,,,,,,,,,,,,,,,,,,0.05865848,206794,,,,,1761540710.6684444,,,,,,,,,,,,
23562240.0,,,,,32626.817722856,,,,,,,,,0.5244271,,,,,,,,,,,,,,,,207065,,,,,1761540752.881298,,,,,,,,,,,,
23611392.0,,,,,32696.870658226,,,,,,,,,,,,,,,,,,,,,,,,,207507,,,,,1761540820.9875576,,,,,,0.0003,,,,,,
23703552.0,,,722.0,,32822.100751181,,,,,,,,,,,,,,,,,,,,,,,,,208311,,,,,1761540949.3321347,,,,,,,,,,,,
23734272.0,,,,,32867.003485187,,,,,,,,,0.48039988,,,,,,,,,,,,,,,,208577,,,,,1761540991.7705061,,,,,,,,,,,,
23738368.0,,,722.0,,32872.008421084,,,,,,,,,,,,,,,,,,,,,,,,,208617,,,,,1761540997.3934813,,,,,,,,,,,,
23740416.0,,,,,32872.009048715,,,,,,,,,,,,,,,,,,,,,,,,,208643,,,-0.010916741,,1761541000.160193,,,,,,,,,,,,
23750656.0,,,,,32887.02072724,,,,,,,,,,,,,,,,,,,,,,,,,208731,,,,,1761541014.276992,,,,,,0.0003,,,,,,
23769088.0,,,,,32912.041277892,,,,,,,,,,,,,,,,,,,,,,,,0.57982063,208882,,,,,1761541039.7859695,,,,,,,,,,,,
23894016.0,,,,,33087.183942743,,,,,,,,,-0.06712693,,,,,,,,,,,,,,,,209981,,,,,1761541212.8022625,,,,,,,,,,,,
23912448.0,,,,,33112.201567399,,,,,,,,,,,,,,,,,,,-0.037724767,,,,,,210154,,,,,1761541238.4588737,,,,,,,,,,,,
23924736.0,,,,,33132.215940558,,,,13.470566,,,,,,,,,,,,,,,,,,,,,210259,,,,,1761541255.5839455,,,,,,,,,,,,
23924736.0,,,,,33132.216065347,,,,,,,,,,,,,,,,,,,,,0.045446508,,,,210264,,,,,1761541255.5879164,,,,,,,,,,,,
24135680.0,,,,,33422.441877268,,,,,,,,0.2,,,,,,,,,,,,,,,,,212112,,,,,1761541546.5744522,,,,,,,,,,,,
24141824.0,,,,,33427.446898115,,,,,,,,,,,,,,,,,,,,,,,,,212160,,,,,1761541555.0938911,,,,0.1961614,,,,,,,,
24168448.0,,,,,33467.478659969,,,,,,,,0.2,,,,,,,,,,,,,,,,,212400,,,,,1761541591.9275389,,,,,,,,,,,,
24180736.0,,,,,33482.49042469,,,,,,,,,,,,,,,,,,,,,,,,,212502,,,,,1761541608.958125,,,,0.23060462,,,,,,,,
24182784.0,,,,,33487.493708112,,,,,,,,,,137488.34,,,,,,,,,,,,,,,212522,,,,,1761541611.8064222,,,,,,,,,,,,
24244224.0,,,,,33572.558965033,,,,,,,,,,,,,,,,,,,-0.03665062,,,,,,213070,,,,,1761541696.6694088,,,,,,,,,,,,
24293376.0,,,,,33637.608039558,,,,,,1000.0,,,,,,,,,,,,,,,,,,,213493,,,,,1761541764.632237,,,,,,,,,,,,
24412160.0,,,,,33802.736398351,,,,,,,,,-0.07496177,,,,,,,,,,,,,,,,214535,,,,,1761541929.1035628,,,,,,,,,,,,
24449024.0,,,,,33852.77643147,,,,,,,,,,,,,,,,,,,,,,,,,214869,,,,,1761541979.9031038,,,,,,0.0003,,,,,,
24506368.0,,,722.0,,33932.837183048,,,,,,,,,,,,,,,,,,,,,,,,,215367,,,,,1761542059.1170352,,,,,,,,,,,,
24518656.0,,,,,33947.85095984,,,,,,,,,,,,,,,,,,,,,,,,,215481,,,,,1761542076.0530703,,,,,,0.0003,,,,,,
24559616.0,,,,,34007.89641184,,,,,,,,,0.105997466,,,,,,,,,,,,,,,,215831,,,,,1761542132.501125,,,,,,,,,,,,
24662016.0,,,,,34148.00413329,,,,13.573712,,,,,,,,,,,,,,,,,,,,,216739,,,,,1761542274.2086923,,,,,,,,,,,,
24717312.0,,,,,34223.064945649,,,,,,,,,,,,,,,0.0014017946,,,,,,,,,,217231,,,,,1761542350.789496,,,,,,,,,,,,
24815616.0,,,,,34363.171602893,,,,,,,,,,,,,,,,,,,,,,,,5.455625,218080,,,,,1761542486.6413517,,,,,,,,,,,,
24915968.0,,,,,34498.277517948,,0.0,,,,,,,,,,,,,,,,,,,,,,,218960,,,,,1761542625.6485314,,,,,,,,,,,,
24938496.0,,,722.0,,34533.307891303,,,,,,,,,,,,,,,,,,,,,,,,,219165,,,,,1761542656.678251,,,,,,,,,,,,
24948736.0,,,,,34543.314607401,,,,,,,,,,,,,,,,,,,,,,,,,219261,,,,,1761542670.744858,,,,,,0.0003,,,,,,
25120768.0,,,,,34783.499149965,,,,,,,,,,,,,,,,,,,,,,,,,220764,,,,,1761542909.0365038,,,,-0.21870372,,,,,,,,
25169920.0,,,,,34853.550948563,,,,,,,,,-0.0027479173,,,,,,,,,,,,,,,,221195,,,,,1761542977.1967216,,,,,,,,,,,,
25171968.0,,,,,34853.551329869,,0.0,,,,,,,,,,,,,,,,,,,,,,,221210,,,,,1761542980.0154378,,,,,,,,,,,,
25233408.0,,,,,34938.615832601,,,,,0.5577148,,,,,,,,,,,,,,,,,,,,221759,,,,,1761543064.996942,,,,,,,,,,,,
25251840.0,,,,,34963.635078725,,,,,,1000.0,,,,,,,,,,,,,,,,,,,221917,,,,,1761543090.425058,,,,,,,,,,,,
25262080.0,,,,0.9595686,34978.645962941,,,,,,,,,,,,,,,,,,,,,,,,,222014,,,,,1761543104.6121557,,,,,,,,,,,,
25264128.0,,,,,34983.648178088,,,,,,,,,,,,,,,,,,0.12650028,,,,,,,222028,,,,,1761543107.4632332,,,,,,,,,,,,
25307136.0,,,,,35038.693168975,,,,,,,,,,166377.67,,,,,,,,,,,,,,,222404,,,,,1761543166.5802543,,,,,,,,,,,,
25399296.0,,,,,35168.799147254,,,,,,,,,,,,,,,0.006030791,,,,,,,,,,223225,,,,,1761543293.9294484,,,,,,,,,,,,
25403392.0,,,,0.9941258,35173.803101956,,,,,,,,,,,,,,,,,,,,,,,,,223256,,,,,1761543299.5932043,,,,,,,,,,,,
25405440.0,,,,,35178.807011177,,,,,,,,,,,,,,,,,,,,,,,,2.4438543,223264,,,,,1761543302.4273882,,,,,,,,,,,,
25456640.0,,,,0.99215335,35248.862702759,,,,,,,,,,,,,,,,,,,,,,,,,223724,,,,,1761543373.7371159,,,,,,,,,,,,
25497600.0,,,,,35303.903442124,,,,,,,,,,,,,,,,,,,,,,,,0.7160271,224074,,,,,1761543430.7207088,,,,,,,,,,,,
25538560.0,,,,,35363.951949133,,,,,,,,,-0.013793244,,,,,,,,,,,,,,,,224435,,,,,1761543487.345185,,,,,,,,,,,,
25552896.0,,,,,35378.965404434,,,,,,,,,,,,,,,0.00888591,,,,,,,,,,224575,,,,,1761543507.2609134,,,,,,,,,,,,
25581568.0,,,,,35418.997177217,,,,,,,,,,,,,,,,,,,,,,,,,224823,,,,,1761543547.1694634,,,,,,0.0003,,,,,,
25581568.0,,,,,35418.99727363,,,,,,,,,,,,,,,0.0050547738,,,,,,,,,,224827,,,,,1761543547.1723711,,,,,,,,,,,,
25600000.0,,,,,35449.0197071,,,,,,,,,-10.176261,,,,,,,,,,,,,,,,224975,,,,,1761543572.8149369,,,,,,,,,,,,
25686016.0,,,,,35564.112141683,,,,,,,,,,,,,,,,,,,,,,,,,225741,,,,,1761543691.8413467,,,,,,0.0003,,,,,,
25741312.0,,,,,35644.175447285,,,,,,,,0.2,,,,,,,,,,,,,,,,,226224,,,,,1761543768.4560556,,,,,,,,,,,,
25745408.0,,,,,35649.178756009,,,,,,1000.0,,,,,,,,,,,,,,,,,,,226255,,,,,1761543774.1303184,,,,,,,,,,,,
25786368.0,,,,,35704.222346018,,,,,,,,,-0.12305691,,,,,,,,,,,,,,,,226613,,,,,1761543830.9145894,,,,,,,,,,,,
25804800.0,,,,,35729.245768125,,,,,,,,0.2,,,,,,,,,,,,,,,,,226782,,,,,1761543856.5639625,,,,,,,,,,,,
25976832.0,,,,,35969.431190612,,,,,,,,,0.000250833,,,,,,,,,,,,,,,,228287,,,,,1761544095.0149736,,,,,,,,,,,,
26134528.0,,,,,36189.598895053,,,,14.031358,,,,,,,,,,,,,,,,,,,,,229681,,,,,1761544313.4504898,,,,,,,,,,,,
26193920.0,,,,,36269.659731669,,,,,,,,,,,,,,,,,,,,,,,,,230196,,,,,1761544396.1888924,,,,-0.28817508,,,,,,,,
26329088.0,,,,,36459.811229134,,,,,,,,0.2,,,,,,,,,,,,,,,,,231390,,,,,1761544584.0179145,,,,,,,,,,,,
26370048.0,,,,,36514.852839593,,,,,,,,0.2,,,,,,,,,,,,,,,,,231750,,,,,1761544640.9409752,,,,,,,,,,,,
26380288.0,,,,,36529.863303954,,,,,,,,,,,,,,,0.015991021,,,,,,,,,,231847,,,,,1761544655.1262507,,,,,,,,,,,,
26394624.0,,,,,36549.87729147,,,,14.166427,,,,,,,,,,,,,,,,,,,,,231967,,,,,1761544675.049655,,,,,,,,,,,,
26470400.0,,,722.0,,36654.953724845,,,,,,,,,,,,,,,,,,,,,,,,,232629,,,,,1761544780.0398319,,,,,,,,,,,,
26484736.0,,,,,36674.96836851,,,,,,,,,,,,,,,,,,,,,,,,,232752,,,,,1761544799.7677739,,,,-0.22749715,,,,,,,,
26576896.0,,,,,36800.067943971,,,,,,,,,,182241.9,,,,,,,,,,,,,,,233564,,,,,1761544927.3488302,,,,,,,,,,,,
26605568.0,,,,,36840.099393295,,,,,0.41552734,,,,,,,,,,,,,,,,,,,,233819,,,,,1761544967.0872293,,,,,,,,,,,,
26685440.0,,,,,36950.186183521,,,,,,,,,,,,,,,,,,,,,,,,,234525,,,,,1761545077.3361883,,,,,,0.0003,,,,,,
26732544.0,,,,,37015.233193581,,,,,,,,,,,,,,,,,,,,,,,,,234939,,,,,1761545142.1510353,,,,,,0.0003,,,,,,
26781696.0,,,,,37085.288483307,,,,,,,,0.2,,,,,,,,,,,,,,,,,235368,,,,,1761545210.2513373,,,,,,,,,,,,
26787840.0,,,,,37095.298122951,,,,,,,,,,,,,,,,,,,,,,,,,235427,,,-0.0071115503,,1761545218.683424,,,,,,,,,,,,
26814464.0,,,,,37130.324552028,,,,,,1000.0,,,,,,,,,,,,,,,,,,,235651,,,,,1761545255.5237563,,,,,,,,,,,,
26822656.0,,,,0.9963614,37140.334183423,,,,,,,,,,,,,,,,,,,,,,,,,235730,,,,,1761545266.8389657,,,,,,,,,,,,
26908672.0,,,,,37260.42610093,,,,,0.44643554,,,,,,,,,,,,,,,,,,,,236483,,,,,1761545385.695849,,,,,,,,,,,,
26933248.0,,,,0.9982896,37295.452504646,,,,,,,,,,,,,,,,,,,,,,,,,236702,,,,,1761545419.8696856,,,,,,,,,,,,
27047936.0,,,,,37450.568890473,,,,,,,,,,,,,,,,,,,,,0.039673373,,,,237714,,,,,1761545578.3591416,,,,,,,,,,,,
27154432.0,,,,,37600.688162266,,,,,,,,,,,,,,,,,,,,,,,,0.53884864,238636,,,,,1761545726.1529615,,,,,,,,,,,,
27201536.0,,,,,37665.740358351,,,,,,,,,,,,,,,0.0016303939,,,,,,,,,,239065,,,,,1761545791.2374847,,,,,,,,,,,,
27285504.0,,,,,37780.832370834,,,,,,,,,,,,,,,0.0011036637,,,,,,,,,,239803,,,,,1761545907.9645712,,,,,,,,,,,,
27314176.0,,,,,37820.860609737,,,,,,,,,,,,,,,,,,0.21537551,,,,,,,240046,,,,,1761545947.8549986,,,,,,,,,,,,
27445248.0,,,,,38006.001044931,,,,,,,,,,,,,,,,,,,,,0.038090114,,,,241206,,,,,1761546129.887349,,,,,,,,,,,,
27480064.0,,,,,38051.036634359,,,,,,,,,,,,,,,,,,0.3805424,,,,,,,241504,,,,,1761546178.146052,,,,,,,,,,,,
27496448.0,,,,,38076.056506662,,,,,,,,,,,,,,,,,,,,,0.037894532,,,,241656,,,,,1761546200.8477454,,,,,,,,,,,,
27566080.0,,,,,38171.13015649,,,,,,,,,,,,,,,,,,,,,0.037830345,,,,242268,,,,,1761546297.4793065,,,,,,,,,,,,
27617280.0,,,,,38241.181304905,,,,,,,,,,,,,,,,,,,,,0.037664898,,,,242718,,,,,1761546368.7847304,,,,,,,,,,,,
27820032.0,,,722.0,,38526.400933486,,,,,,,,,,,,,,,,,,,,,,,,,244491,,,,,1761546650.3184288,,,,,,,,,,,,
27830272.0,,,,,38536.40907616,0.12852582,,,,,,,,,,,,,,,,,,,,,,,,244575,,,,,1761546664.4682446,,,,,,,,,,,,
27947008.0,,,,0.8488493,38701.535826029,,,,,,,,,,,,,,,,,,,,,,,,,245612,,,,,1761546826.3039489,,,,,,,,,,,,
28129280.0,,,,,38951.732420427,,,,,,,,0.2,,,,,,,,,,,,,,,,,247212,,,,,1761547078.7591155,,,,,,,,,,,,
28133376.0,,,,,38956.734589606,,,,,,,,,,,,,,,0.0031040206,,,,,,,,,,247255,,,,,1761547084.362506,,,,,,,,,,,,
28143616.0,,,,,38971.745558486,,,,,,,,,,118270.77,,,,,,,,,,,,,,,247334,,,,,1761547098.39611,,,,,,,,,,,,
28327936.0,,,,,39226.947727778,,,,,,,,,,,,,,,,,,,,,,,,7.192278,248950,,,,,1761547353.2039673,,,,,,,,,,,,
28491776.0,,,,,39452.274341967,,,,,,,,,,,,,,,,,,,,,,,,,250401,,,,,1761547579.52163,,,,,,0.0003,,,,,,
28557312.0,,,722.0,,39547.198945885,,,,,,,,,,,,,,,,,,,,,,,,,250971,,,,,1761547670.7230625,,,,,,,,,,,,
28616704.0,,,722.0,,39627.259796374,,,,,,,,,,,,,,,,,,,,,,,,,251493,,,,,1761547753.0809083,,,,,,,,,,,,
28719104.0,,,,,39767.367597044,,,,,,,,,0.022050614,,,,,,,,,,,,,,,,252389,,,,,1761547894.551542,,,,,,,,,,,,
28811264.0,,,,,39897.470145519,,,,,,,,,,62286.58,,,,,,,,,,,,,,,253202,,,,,1761548022.1555562,,,,,,,,,,,,
28831744.0,,,,,39922.492463427,,,,,,,,,,,,,,,0.0054800194,,,,,,,,,,253393,,,,,1761548050.378074,,,,,,,,,,,,
28858368.0,,,,,39962.521368382,,,,16.001547,,,,,,,,,,,,,,,,,,,,,253621,,,,,1761548087.0382662,,,,,,,,,,,,
29036544.0,,,,,40207.710738919,,,,,0.46660155,,,,,,,,,,,,,,,,,,,,255185,,,,,1761548332.7709806,,,,,,,,,,,,
29642752.0,,,,,41043.343538706,,,,,,,,,,,,,,,4.527005e-05,,,,,,,,,,260521,,,,,1761549170.967872,,,,,,,,,,,,
29652992.0,,,,,41058.353731669,,,,,,,,,,,,,,,,,,,,,,,,,260609,,,-0.021913422,,1761549185.2447164,,,,,,,,,,,,
29835264.0,,,,,41313.555326388,,,,16.340607,,,,,,,,,,,,,,,,,,,,,262207,,,,,1761549438.23598,,,,,,,,,,,,
29837312.0,,,,,41313.555903593,,,,,0.3963379,,,,,,,,,,,,,,,,,,,,262223,,,,,1761549441.067966,,,,,,,,,,,,
29890560.0,,,,,41388.620009125,,,,,,,,,,,,,,,0.0013053112,,,,,,,,,,262699,,,,,1761549514.7771213,,,,,,,,,,,,
29947904.0,,,,,41468.679842313,,,,,,,,,,,,,,,,,,,,,,,,,263190,,,,,1761549594.3422914,,,,6.834437,,,,,,,,
29954048.0,,,,0.938338,41478.687904748,,,,,,,,,,,,,,,,,,,,,,,,,263252,,,,,1761549602.9043367,,,,,,,,,,,,
30007296.0,,,,,41548.743597117,,0.0,,,,,,,,,,,,,,,,,,,,,,,263708,,,,,1761549676.7896163,,,,,,,,,,,,
30081024.0,,,,,41653.823443179,,,,,,,,0.2,,,,,,,,,,,,,,,,,264366,,,,,1761549779.1973317,,,,,,,,,,,,
30091264.0,,,,,41668.835650758,,,,,,,,,,,,,,,0.00086419977,,,,,,,,,,264463,,,,,1761549793.2945025,,,,,,,,,,,,
30185472.0,,,,,41798.934356985,,,,,,,,,,,,,,,0.00052939105,,,,,,,,,,265291,,,,,1761549923.115683,,,,,,,,,,,,
30205952.0,,,,,41823.955837211,,,,,,,,,-0.009901664,,,,,,,,,,,,,,,,265457,,,,,1761549951.4308164,,,,,,,,,,,,
30224384.0,,,,,41848.975748671,,,,,,,,,,,,,,,,,,,,,0.031064246,,,,265632,,,,,1761549976.8133142,,,,,,,,,,,,
30294016.0,,,,,41949.05046046,,,,,,,,,,,,,,,,,,,,,0.030843034,,,,266244,,,,,1761550072.7916858,,,,,,,,,,,,
30343168.0,,,,,42014.099517801,,,,,,,,,0.016251246,,,,,,,,,,,,,,,,266663,,,,,1761550140.7819026,,,,,,,,,,,,
30343168.0,,,,,42014.100456057,,,,,0.45375976,,,,,,,,,,,,,,,,,,,,266669,,,,,1761550140.7819722,,,,,,,,,,,,
30347264.0,,,,,42019.103232464,,,,,,,,,-0.0118596535,,,,,,,,,,,,,,,,266699,,,,,1761550146.4724588,,,,,,,,,,,,
30416896.0,,,,,42114.17515375,,,,,,,,,,9645.893,,,,,,,,,,,,,,,267314,,,,,1761550242.3063235,,,,,,,,,,,,
30474240.0,,,,,42194.235354823,0.06421145,,,,,,,,,,,,,,,,,,,,,,,,267813,,,,,1761550321.2253854,,,,,,,,,,,,
30490624.0,,,722.0,,42219.25468274,,,,,,,,,,,,,,,,,,,,,,,,,267963,,,,,1761550343.5881007,,,,,,,,,,,,
30500864.0,,,,,42234.26643868,,,,,,,,,0.026573634,,,,,,,,,,,,,,,,268049,,,,,1761550357.8041637,,,,,,,,,,,,
30564352.0,,,,,42319.33669941,,0.0,,,,,,,,,,,,,,,,,,,,,,,268604,,,,,1761550445.4522183,,,,,,,,,,,,
30679040.0,,,,,42479.461888503,,,,,,,,,0.049121946,,,,,,,,,,,,,,,,269615,,,,,1761550604.103778,,,,,,,,,,,,
30754816.0,,,,,42584.542085935,,,,,,,,,,,,,,,,,,,,,,,,,270282,,,,,1761550709.1987445,,,,6.5910563,,,,,,,,
30765056.0,,,,,42599.55259662,,,,,,,,,,,,,,,,,,,,,,,,,270383,,,-0.003993145,,1761550723.353748,,,,,,,,,,,,
30834688.0,,,,,42694.623764689,,,,,,,,,,,,,,,,,,,,,,,,,270984,,,,,1761550819.801416,,,,0.107370995,,,,,,,,
31092736.0,,,,0.9892732,43049.902759553,,,,,,,,,,,,,,,,,,,,,,,,,273260,,,,,1761551176.6260264,,,,,,,,,,,,
31176704.0,,,,,43164.991243131,,,,,,,,,,,,,,,,,,,,,,,,,274001,,,-0.030290384,,1761551292.6329427,,,,,,,,,,,,
31184896.0,,,,,43180.000833237,,,,,,,,,0.0035866387,,,,,,,,,,,,,,,,274061,,,,,1761551303.9750757,,,,,,,,,,,,
31236096.0,,,,,43250.053723024,,,,,,,,,,,,,,,,,,,,,,,,,274512,,,,,1761551374.6214066,,,,0.27308807,,,,,,,,
31299584.0,,,,,43335.123905177,,,,,,,,,,,,,,,,,,,,,,,,,275079,,,,,1761551462.3888235,,,,,,0.0003,,,,,,
31326208.0,,,,,43375.152266766,,,,,,,,,,,,,,,,,,,,,,,,,275315,,,-0.011998343,,1761551499.1067622,,,,,,,,,,,,
31348736.0,,,,,43405.175942786,,,,,,1000.0,,,,,,,,,,,,,,,,,,,275503,,,,,1761551530.3326647,,,,,,,,,,,,
31361024.0,,,,,43420.18924703,,,,,0.5453125,,,,,,,,,,,,,,,,,,,,275615,,,,,1761551547.3020115,,,,,,,,,,,,
31707136.0,,,,,43900.561316628,,,,,,,,0.2,,,,,,,,,,,,,,,,,278658,,,,,1761552025.1989317,,,,,,,,,,,,
31752192.0,,,,,43960.608387993,,,,,,,,0.2,,,,,,,,,,,,,,,,,279054,,,,,1761552087.8442864,,,,,,,,,,,,
31772672.0,,,,,43990.631432408,,,,,,,,,0.022397613,,,,,,,,,,,,,,,,279227,,,,,1761552115.9689813,,,,,,,,,,,,
31819776.0,,,,,44055.685364107,,,,,,,,,,,,,,,,,,,-0.030957352,,,,,,279652,,,,,1761552181.1035028,,,,,,,,,,,,
31916032.0,,,,,44185.785664429,,,,,,,,,,63575.945,,,,,,,,,,,,,,,280490,,,,,1761552314.0027735,,,,,,,,,,,,
