parameters/mlp_extractor.policy_net.2.bias,rollout/ep_rew_mean,gradients/mlp_extractor.value_net.0.bias,curriculum/current_phase,gradients/mlp_extractor.value_net.0.weight,train/value_loss,gradients/value_net.weight,_step,gradients/mlp_extractor.policy_net.0.bias,rollout/ep_len_mean,train/explained_variance,robot/velocity_ms,parameters/mlp_extractor.policy_net.0.bias,parameters/action_net.weight,gradients/mlp_extractor.policy_net.0.weight,train/entropy_loss,parameters/action_net.bias,parameters/value_net.weight,gradients/log_std,parameters/mlp_extractor.value_net.2.weight,train/clip_fraction,parameters/mlp_extractor.policy_net.0.weight,parameters/value_net.bias,parameters/mlp_extractor.policy_net.2.weight,train/std,gradients/mlp_extractor.policy_net.2.bias,gradients/mlp_extractor.value_net.2.weight,gradients/mlp_extractor.value_net.2.bias,train/clip_range,gradients/action_net.weight,time/fps,_runtime,_timestamp,robot/total_distance,train/policy_gradient_loss,gradients/mlp_extractor.policy_net.2.weight,parameters/mlp_extractor.value_net.0.weight,train/learning_rate,gradients/value_net.bias,global_step,parameters/mlp_extractor.value_net.0.bias,robot/x_position,train/approx_kl,parameters/mlp_extractor.value_net.2.bias,robot/height,parameters/log_std,gradients/action_net.bias
,,,,,,,504,,,,0.009359294,,,,,,,,,,,,,,,,,,,,114.780196538,1759261500.2783585,,,,,,,63488.0,,,,,,,
,,,,,,,689,,,,,,,,,,,,,,,,,,,,,,,,149.803503396,1759261533.1104727,,,,,,,86016.0,,,,,0.14080532,,
,,,,,,,788,,,,,,,,,,,,,,,,,1.0058753,,,,,,,164.814237782,1759261548.0898118,,,,,,,96256.0,,,,,,,
,,,,,,,980,,,,0.0019325037,,,,,,,,,,,,,,,,,,,,199.841370014,1759261583.265158,,,,,,,120832.0,,,,,,,
,,,,,,,2225,,,,,,,,,,,,,,,,,,,,,,,684.0,414.99736541,1759261800.1214745,,,,,,,270336.0,,,,,,,
,,,,,,,2610,,,,,,,,,,,,,,,,,,,,,,,,485.044131,1759261868.3391643,,,,,,,317440.0,,,,,0.15317494,,
,,,,,,,2648,,1000.0,,,,,,,,,,,,,,,,,,,,,,490.049601967,1759261874.2191353,,,,,,,321536.0,,,,,,,
,,,,,,,5518,,,,,,,,,,,,,,,,,,,,,,,,990.412798373,1759262375.1597672,0.70883036,,,,,,667648.0,,,,,,,
,,,,,,,5864,,,,,,,,,,,,,,,,,,,,,,,,1050.602461938,1759262435.0921314,,,,,,,708608.0,,,0.0009900684,,,,
,,,,,,,7093,,,,,,,,,,,,,,,,,,,,,,,,1265.607748626,1759262648.6418822,,,,,0.0001,,856064.0,,,,,,,
,,,,,,,7328,,,,,,,,,,,,,,,,,,,,,0.15,,,1305.637193298,1759262690.1710296,,,,,,,884736.0,,,,,,,
,,,,,,,8182,,,,,,,,,,,,,,,,,,,,,,,,1455.740046825,1759262839.1722167,,-0.0036049318,,,,,987136.0,,,,,,,
,,,,,,,8501,,,,,,,,,,,,,,,,,,,,,0.15,,,1510.781443643,1759262895.9158285,,,,,,,1026048.0,,,,,,,
,62379.82,,,,,,9653,,,,,,,,,,,,,,,,,,,,,,,,1715.92410826,1759263098.2262294,,,,,,,1165312.0,,,,,,,
,,,,,,,10266,,,,,,,,,,,,,,,,,,,,,,,688.0,1820.996377318,1759263204.6824071,,,,,,,1239040.0,,,,,,,
,,,,,,,10627,,,,,,,,-11.8114395,,,,,,,,,,,,,,,,1886.039894275,1759263266.9642646,,,,,,,1282048.0,,,,,,,
,,,,,,,11216,,1000.0,,,,,,,,,,,,,,,,,,,,,,1986.113016921,1759263371.2098496,,,,,,,1353728.0,,,,,,,
,104366.664,,,,,,11251,,,,,,,,,,,,,,,,,,,,,,,,1996.121390581,1759263377.194637,,,,,,,1357824.0,,,,,,,
,,,,,,,12607,,,,,,,,,,,,,,,,,,,,,,,,2231.287976403,1759263615.600788,4.762784,,,,,,1521664.0,,,,,,,
,,,,,0.09127371,,13284,,,,,,,,,,,,,,,,,,,,,,,,2346.374981458,1759263731.486817,,,,,,,1601536.0,,,,,,,
"{'packedBins': {'min': -0.09077668190002441, 'size': 0.0025073906872421503, 'count': 64}, '_type': 'histogram', 'values': [1, 0, 0, 0, 0, 0, 0, 0, 0, 0, 1, 0, 1, 0, 0, 1, 1, 0, 0, 0, 2, 1, 1, 4, 0, 0, 2, 1, 2, 2, 0, 2, 2, 2, 1, 3, 0, 2, 2, 0, 0, 3, 3, 6, 1, 1, 0, 1, 1, 0, 2, 0, 0, 1, 2, 2, 2, 2, 0, 1, 1, 0, 0, 1]}",,,0.0,,,,13591,,,,,"{'_type': 'histogram', 'values': [2, 1, 0, 0, 0, 0, 1, 0, 0, 1, 1, 1, 2, 1, 1, 2, 1, 1, 1, 2, 1, 0, 1, 1, 3, 2, 1, 1, 3, 2, 1, 1, 1, 2, 2, 1, 2, 0, 1, 4, 0, 2, 1, 1, 0, 4, 0, 2, 0, 1, 0, 1, 0, 1, 0, 1, 0, 1, 0, 0, 0, 0, 0, 1], 'packedBins': {'min': -0.07348466664552689, 'size': 0.0025553053710609674, 'count': 64}}","{'_type': 'histogram', 'values': [1, 0, 1, 3, 1, 0, 4, 1, 2, 5, 4, 7, 6, 9, 8, 8, 13, 10, 9, 11, 10, 4, 19, 10, 22, 15, 22, 10, 13, 11, 18, 14, 13, 16, 12, 18, 17, 19, 14, 8, 13, 9, 14, 15, 8, 11, 9, 8, 3, 3, 7, 5, 4, 2, 1, 2, 2, 3, 2, 0, 1, 1, 0, 1], 'packedBins': {'count': 64, 'min': -0.19708453118801117, 'size': 0.006376243429258466}}",,,"{'values': [1, 0, 0, 0, 0, 0, 0, 0, 0, 0, 0, 0, 0, 0, 0, 0, 0, 1, 0, 1, 1, 0, 0, 0, 0, 0, 0, 0, 0, 0, 0, 0, 0, 0, 0, 0, 0, 0, 0, 1, 0, 0, 0, 0, 0, 0, 0, 0, 0, 0, 0, 0, 0, 0, 0, 0, 0, 1, 0, 0, 0, 1, 0, 1], 'packedBins': {'count': 64, 'min': -0.06867395341396332, 'size': 0.0016799395089037716}, '_type': 'histogram'}","{'_type': 'histogram', 'values': [1, 1, 0, 0, 0, 0, 0, 1, 0, 1, 2, 0, 1, 1, 3, 0, 4, 4, 3, 2, 2, 0, 0, 0, 0, 0, 0, 0, 0, 1, 1, 0, 1, 2, 2, 1, 0, 2, 2, 3, 1, 2, 0, 4, 0, 3, 0, 0, 6, 0, 2, 1, 0, 1, 0, 0, 1, 0, 0, 1, 0, 0, 0, 1], 'packedBins': {'min': -0.31252890825271606, 'size': 0.01109989918768406, 'count': 64}}",,"{'packedBins': {'count': 64, 'min': -0.5857080221176147, 'size': 0.01854921132326126}, '_type': 'histogram', 'values': [3, 3, 2, 3, 4, 4, 6, 12, 11, 9, 22, 27, 24, 30, 39, 50, 58, 62, 75, 69, 85, 103, 114, 134, 111, 130, 156, 132, 177, 173, 146, 138, 148, 168, 166, 139, 141, 145, 115, 111, 111, 101, 101, 68, 85, 65, 58, 50, 41, 31, 31, 28, 20, 14, 12, 9, 4, 7, 4, 3, 2, 2, 3, 1]}",,"{'values': [3, 0, 1, 0, 0, 2, 4, 3, 4, 4, 2, 10, 7, 10, 5, 20, 18, 29, 25, 28, 44, 34, 46, 36, 58, 48, 48, 67, 51, 67, 51, 62, 73, 69, 82, 61, 65, 62, 66, 73, 57, 62, 43, 54, 39, 24, 41, 26, 21, 27, 29, 19, 14, 13, 8, 11, 8, 4, 3, 6, 3, 1, 3, 2], 'packedBins': {'min': -0.6021401286125183, 'size': 0.017673646099865437, 'count': 64}, '_type': 'histogram'}","{'values': [1], 'bins': [0.1389426440000534, 0.1389426440000534], '_type': 'histogram'}","{'values': [1, 0, 0, 0, 0, 0, 0, 0, 2, 1, 3, 3, 2, 7, 8, 9, 17, 32, 32, 34, 48, 56, 69, 93, 87, 95, 124, 141, 147, 151, 162, 164, 173, 193, 209, 197, 175, 188, 195, 162, 163, 152, 119, 96, 104, 97, 87, 74, 50, 42, 21, 27, 19, 17, 9, 11, 10, 9, 3, 4, 0, 0, 1, 1], 'packedBins': {'min': -0.7974862456321716, 'size': 0.02283669076859951, 'count': 64}, '_type': 'histogram'}",,,,,,,,2406.412698714,1759263788.0507376,,,,"{'packedBins': {'min': -0.6796990633010864, 'size': 0.022044457495212555, 'count': 64}, '_type': 'histogram', 'values': [1, 0, 0, 0, 0, 0, 0, 1, 1, 3, 6, 3, 10, 14, 12, 12, 17, 17, 14, 30, 30, 42, 45, 58, 63, 69, 97, 100, 97, 101, 105, 103, 116, 98, 86, 79, 67, 57, 63, 46, 44, 25, 26, 20, 22, 10, 12, 6, 11, 4, 3, 2, 1, 2, 1, 1, 1, 1, 0, 0, 0, 0, 0, 1]}",,,1640448.0,"{'_type': 'histogram', 'values': [1, 1, 0, 0, 1, 0, 0, 0, 0, 0, 2, 1, 1, 2, 3, 1, 2, 2, 1, 2, 2, 2, 0, 1, 1, 1, 0, 1, 2, 4, 0, 3, 0, 2, 4, 4, 3, 3, 3, 0, 1, 2, 0, 0, 0, 0, 1, 1, 0, 0, 0, 0, 0, 0, 0, 1, 0, 0, 1, 0, 0, 0, 0, 1], 'packedBins': {'min': -0.27007195353507996, 'size': 0.010034933220595121, 'count': 64}}",,,"{'_type': 'histogram', 'values': [1, 0, 0, 0, 0, 1, 0, 0, 0, 0, 0, 1, 0, 0, 0, 1, 1, 1, 0, 3, 0, 2, 1, 1, 1, 4, 1, 1, 2, 1, 0, 0, 1, 2, 1, 1, 0, 1, 3, 0, 1, 2, 3, 0, 3, 2, 1, 2, 2, 3, 2, 1, 3, 1, 0, 2, 1, 1, 0, 0, 1, 0, 0, 1], 'packedBins': {'min': -0.29742932319641113, 'size': 0.008404366206377745, 'count': 64}}",,"{'_type': 'histogram', 'values': [1, 0, 0, 0, 0, 0, 0, 0, 0, 0, 0, 0, 0, 0, 0, 0, 0, 0, 0, 1, 0, 0, 0, 0, 0, 0, 0, 0, 1, 0, 0, 0, 0, 0, 0, 0, 0, 0, 0, 0, 0, 0, 0, 1, 0, 0, 0, 0, 0, 0, 0, 0, 1, 0, 0, 0, 0, 0, 0, 1, 1, 0, 0, 1], 'packedBins': {'min': -0.058836959302425385, 'size': 0.0025223703123629093, 'count': 64}}",
,,,,,,,15657,,,,,,,,,,,,,0.0073242188,,,,,,,,,,,2766.652393995,1759264150.5130982,,,,,,,1888256.0,,,,,,,
,,,,,,,15724,,,,,,,,,,,,,,,,,,,,,,,,2781.660678754,1759264162.3684666,,,,,,,1896448.0,,,0.0034818752,,,,
,,,,,,,16282,,1000.0,,,,,,,,,,,,,,,,,,,,,,2876.735046974,1759264261.0993154,,,,,,,1964032.0,,,,,,,
,,,,,,,18433,,,,,,,,,,,,,,,,,,,,,,,,3251.995676951,1759264637.589309,,-0.005306919,,,,,2222080.0,,,,,,,
,,,,,0.012200821,,18758,,,,,,,,,,,,,,,,,,,,,,,,3312.0373363,1759264693.5742571,,,,,,,2260992.0,,,,,,,
,,,,,,,19635,,,,,,,,,,,,,0.014038086,,,,,,,,,,,3462.137397369,1759264847.3894906,,,,,,,2367488.0,,,,,,,
,,,,,0.021519795,,19693,,,,,,,,,,,,,,,,,,,,,,,,3472.14421694,1759264856.4102864,,,,,,,2373632.0,,,,,,,
,,,,,,,20920,,,,,,,,,,,,,,,,,,,,,,,,3692.285049139,1759265074.4590333,0.9162795,,,,,,2523136.0,,,,,,,
,,,,,,,21137,,,,,,,,,,,,,,,,,1.0804684,,,,,,,3727.307436311,1759265110.1479836,,,,,,,2547712.0,,,,,,,
,,,,,,,21500,,,,,,,,,,,,,,,,,,,,,,,,3792.350293351,1759265175.7451563,,,,,,,2592768.0,,0.045216806,,,,,
,,,,,0.04497092,,21801,,,,,,,,,,,,,,,,,,,,,,,,3842.38470912,1759265226.502789,,,,,,,2627584.0,,,,,,,
,,,,,,,22135,,,,,,,,,,,,,,,,,,,,,0.15,,,3902.42920344,1759265285.8896441,,,,,,,2668544.0,,,,,,,
,,,,,,,22140,,,,,,,,,,,,,,,,,1.0890968,,,,,,,3902.42932485,1759265285.8939624,,,,,,,2668544.0,,,,,,,
,,,,,,,23310,,,0.8332454,,,,,,,,,,,,,,,,,,,,,4107.565313566,1759265491.6435146,,,,,,,2809856.0,,,,,,,
,,,,,,,23715,,,,,,,,,,,,,0.0017903646,,,,,,,,,,,4177.613157281,1759265563.150383,,,,,,,2859008.0,,,,,,,
,,,,,,,23776,,,,,,,,,,,,,,,,,,,,,,,,4192.622357738,1759265575.1567013,0.45652908,,,,,,2867200.0,,,,,,,
,,,,,,,24087,,,,,,,,,,,,,,,,,,,,,,,687.0,4247.657491356,1759265629.1232324,,,,,,,2904064.0,,,,,,,
,,,,,,,26331,,,,,,,,,,,,,,,,,,,,,,,687.0,4642.927578956,1759266025.38524,,,,,,,3174400.0,,,,,,,
,41067.484,,,,,,26721,,,,,,,,,,,,,,,,,,,,,,,,4712.974008433,1759266094.06162,,,,,,,3221504.0,,,,,,,
,,,,,0.0068226396,,27020,,,,,,,,,,,,,,,,,,,,,,,,4763.007392138,1759266144.6430252,,,,,,,3256320.0,,,,,,,
,,,,,,,27314,,,,,,,,,,,,,,,,,,,,,,,,4813.04298009,1759266198.4922163,,,,,,,3293184.0,,0.14388332,,,,,
,,,,,,,28854,,,,,,,,,,,,,,,,,,,,,,,,5083.226431986,1759266466.4757519,,-0.0043786895,,,,,3477504.0,,,,,,,
,,,,,,,29377,,,,,,,,,,,,,,,,,,,,,0.15,,,5178.291712811,1759266559.3238182,,,,,,,3540992.0,,,,,,,
,,,,,,,29871,,,,,,,,-12.546852,,,,,,,,,,,,,,,,5263.347119903,1759266645.7255597,,,,,,,3600384.0,,,,,,,
,,,,,,,30365,,,0.99073124,,,,,,,,,,,,,,,,,,,,,5348.407552892,1759266731.9242766,,,,,,,3659776.0,,,,,,,
,,,,,,,30536,,,,,,,,,,,,,,,,,,,,,,,,5378.430106222,1759266761.9168177,,,,,0.0001,,3680256.0,,,,,,,
,,,,,,,31371,,,,,,,,,,,,,,,,,1.1859272,,,,,,,5523.535837799,1759266907.3974395,,,,,,,3780608.0,,,,,,,
,,,,,,,33778,,,,,,,,,,,,,,,,,,,,,,,,5943.811827777,1759267328.124744,,,,,,,4071424.0,,,0.0038092728,,,,
,,,,,,,34108,,,,,,,,,,,,,,,,,1.1851177,,,,,,,6003.852113485,1759267384.8337688,,,,,,,4110336.0,,,,,,,
,178652.22,,,,,,34371,,,,,,,,,,,,,,,,,,,,,,,,6048.882628327,1759267432.5185058,,,,,,,4143104.0,,,,,,,
,,,,,,,35063,,,,,,,,,,,,,,,,,,,,,,,,6173.970830357,1759267555.5419583,,,,,,,4227072.0,,,,,0.142895,,
,,,,,,,36112,,,,,,,,,,,,,,,,,,,,,,,,6354.100826042,1759267737.669203,,,,,0.0001,,4352000.0,,,,,,,
,,,,,,,37428,,,,0.00014357397,,,,,,,,,,,,,,,,,,,,6584.256335297,1759267969.738283,,,,,,,4511744.0,,,,,,,
,,,,,,,37853,,,,-0.003768019,,,,,,,,,,,,,,,,,,,,6659.304504071,1759268044.426659,,,,,,,4562944.0,,,,,,,
,,,,,,,40004,,,-2.0498724,,,,,,,,,,,,,,,,,,,,,7034.55967624,1759268419.933104,,,,,,,4820992.0,,,,,,,
,,,,,0.0038646061,,40042,,,,,,,,,,,,,,,,,,,,,,,,7044.564299925,1759268425.8797045,,,,,,,4825088.0,,,,,,,
,,,,,,,41000,,1000.0,,,,,,,,,,,,,,,,,,,,,,7214.678949895,1759268596.7364826,,,,,,,4941824.0,,,,,,,
,,,,,,,41068,,1000.0,,,,,,,,,,,,,,,,,,,,,,7224.687080054,1759268608.707141,,,,,,,4950016.0,,,,,,,
,,,,,0.001028667,,41164,,,,,,,,,,,,,,,,,,,,,,,,7239.697891276,1759268623.7620494,,,,,,,4960256.0,,,,,,,
,,,,,,,41174,,,,,,,,,,,,,0.013875326,,,,,,,,,,,7244.699712522,1759268626.7388942,,,,,,,4962304.0,,,,,,,
,,,,,,,41448,,,,,,,,-13.261284,,,,,,,,,,,,,,,,7289.733781029,1759268674.9405227,,,,,,,4995072.0,,,,,,,
,,,,,,,42352,,,,,,,,,,,,,,,,,,,,,,,,7449.843885512,1759268833.917032,,-0.005523223,,,,,5103616.0,,,,,,,
,,,,,,,42783,,,,0.0029968638,,,,,,,,,,,,,,,,,,,,7529.89924128,1759268912.0180674,,,,,,,5156864.0,,,,,,,
,-1884.6619,,,,,,43194,,,,,,,,,,,,,,,,,,,,,,,,7599.947645566,1759268984.5813437,,,,,,,5206016.0,,,,,,,
,18858.848,,,,,,43500,,,,,,,,,,,,,,,,,,,,,,,,7654.982724263,1759269038.339257,,,,,,,5242880.0,,,,,,,
,,,,,0.020167274,,45669,,,,,,,,,,,,,,,,,,,,,,,,8035.256391847,1759269419.167834,,,,,,,5502976.0,,,,,,,
,,,,,,,46161,,,,,,,,,,,,,,,,,1.3216846,,,,,,,8125.319891225,1759269506.4699223,,,,,,,5562368.0,,,,,,,
,,,,,,,46929,,,,,,,,,,,,,,,,,,,,,,,,8260.412209536,1759269643.2835472,,,,,,,5656576.0,,,,,0.064243406,,
,,,,,,,47470,,,,,,,,,,,,,,,,,1.3344223,,,,,,,8350.477513512,1759269735.2012112,,,,,,,5720064.0,,,,,,,
,,,,,,,47820,,,,,,,,,,,,,,,,,,,,,,,,8415.521533862,1759269798.1380858,,,,,,,5763072.0,,,0.0014119443,,,,
,,,,,,,48554,,,,,,,,-13.742491,,,,,,,,,,,,,,,,8540.605961065,1759269926.085026,,,,,,,5851136.0,,,,,,,
,,,,,,,48616,,1000.0,,,,,,,,,,,,,,,,,,,,,,8555.616529244,1759269937.792199,,,,,,,5859328.0,,,,,,,
,,,,,0.034751058,,48950,,,,,,,,,,,,,,,,,,,,,,,,8610.886737318,1759269994.299484,,,,,,,5898240.0,,,,,,,
,49694.1,,,,,,49552,,,,,,,,,,,,,,,,,,,,,,,,8720.727656424,1759270102.1360924,,,,,,,5971968.0,,,,,,,
,,,,,,,50008,,,,0.27946746,,,,,,,,,,,,,,,,,,,,8800.785777649,1759270182.4018383,,,,,,,6027264.0,,,,,,,
,,,,,0.01356996,,50888,,,,,,,,,,,,,,,,,,,,,,,,8950.893850996,1759270333.7034101,,,,,,,6131712.0,,,,,,,
,,,,,,,51446,,,,,,,,,,,,,,,,,,,,,,,,9050.963900375,1759270432.6262527,,,,,0.0001,,6199296.0,,,,,,,
,,,,,,,51741,,,,,,,,,,,,,,,,,,,,,,,,9106.000339704,1759270486.8514445,0.24770057,,,,,,6236160.0,,,,,,,
,,,,,,,51761,,1000.0,,,,,,,,,,,,,,,,,,,,,,9106.001114101,1759270489.7301955,,,,,,,6238208.0,,,,,,,
,,,,,,,52915,,,,0.21237458,,,,,,,,,,,,,,,,,,,,9311.149495147,1759270692.5687044,,,,,,,6377472.0,,,,,,,
,,,,,,,53266,,,,,,,,,,,,,,,,,,,,,,,,9371.189628438,1759270752.6164534,,-0.0056527904,,,,,6418432.0,,,,,,,
,,,0.0,,,,54153,,,,,,,,,,,,,,,,,,,,,,,,9531.297146842,1759270912.7292407,,,,,,,6526976.0,,,,,,,
,,,,,,,54215,,,,,,,,-13.975346,,,,,,,,,,,,,,,,9536.304211627,1759270921.762568,,,,,,,6533120.0,,,,,,,
,,,,,,,55608,,,,,,,,,,,,,,,,,,,,,0.15,,,9771.463732279,1759271156.6820068,,,,,,,6701056.0,,,,,,,
,,,,,,,55905,,,,,,,,,,,,,,,,,,,,,,,,9826.499571123,1759271208.7827592,,,,,,,6737920.0,,,,,0.06425782,,
,,,0.0,,,,56244,,,,,,,,,,,,,,,,,,,,,,,,9881.538949046,1759271266.2064152,,,,,,,6778880.0,,,,,,,
,,,,,,,57386,,,,0.0012390041,,,,,,,,,,,,,,,,,,,,10076.676551281,1759271457.5640283,,,,,,,6916096.0,,,,,,,
,,,,,,,58098,,,,,,,,,,,,,,,,,,,,,,,,10196.758328471,1759271577.985407,,,,,,,7002112.0,,,,,0.064213134,,
,,,,,,,58275,,,,,,,,,,,,,,,,,,,,,,,,10221.776949974,1759271606.6123977,,,,,,,7022592.0,,,0.0016960206,,,,
,,,,,,,59734,,1000.0,,,,,,,,,,,,,,,,,,,,,,10471.953022188,1759271853.8411767,,,,,,,7198720.0,,,,,,,
,,,,,,,59738,,,,,,,,,,,,,0.033365887,,,,,,,,,,,10471.953135109,1759271853.8412113,,,,,,,7198720.0,,,,,,,
,,,,,,,60281,,,,,,,,,,,,,,,,,,,,,,,,10562.014849706,1759271945.48887,,,,,,,7264256.0,,,0.0025297063,,,,
,,,,,,,60941,,1000.0,,,,,,,,,,,,,,,,,,,,,,10672.096649179,1759272057.138878,,,,,,,7344128.0,,,,,,,
,,,,,,,61337,,,,,,,,,,,,,,,,,,,,,0.15,,,10742.141948126,1759272123.2867875,,,,,,,7391232.0,,,,,,,
,,,,,,,61658,,,,,,,,,,,,,,,,,,,,,,,,10792.177352088,1759272177.6773255,,,,,,,7430144.0,,,0.0007371528,,,,
,,,,,,,61800,,,,,,,,,,,,,,,,,,,,,,,,10817.190986546,1759272200.4457502,,-0.004338869,,,,,7446528.0,,,,,,,
,,,0.0,,,,61939,,,,,,,,,,,,,,,,,,,,,,,,10842.207198778,1759272226.4813864,,,,,,,7464960.0,,,,,,,
,,,,,,,62588,,,,-0.0039057962,,,,,,,,,,,,,,,,,,,,10952.279014019,1759272335.5525885,,,,,,,7542784.0,,,,,,,
,,,,,,,62644,,,,,,,,,,,,,,,,,,,,,,,,10962.286561663,1759272344.237803,,,,,,,7548928.0,,,0.0026335376,,,,
,,,,,,,62862,,1000.0,,,,,,,,,,,,,,,,,,,,,,10997.31032412,1759272381.4002092,,,,,,,7575552.0,,,,,,,
,54666.668,,,,,,63492,,,,,,,,,,,,,,,,,,,,,,,,11102.384078863,1759272487.2608407,,,,,,,7651328.0,,,,,,,
,,,,,,,63970,,,,,,,,,,,,,,,,,,,,,,,,11182.434063341,1759272567.3434117,,,,,,,7708672.0,,,0.0023414642,,,,
,,,,,,,64272,,,,,,,,,,,,,,,,,,,,,,,,11237.471857797,1759272618.7191339,,,,,,,7745536.0,,-0.08379586,,,,,
,,,,,,,64361,,,,,,,,,,,,,,,,,,,,,,,,11247.478620121,1759272632.939085,,,,,,,7755776.0,,,0.0031734677,,,,
,,,,,,,65144,,,,,,,,,,,,,0.024820965,,,,,,,,,,,11382.569132713,1759272763.7567391,,,,,,,7849984.0,,,,,,,
,,,,,,,65329,,,,,,,,,,,,,,,,,,,,,,,691.0,11412.588311729,1759272795.1149888,,,,,,,7872512.0,,,,,,,
,,,,,,,65949,,,,,,,,,,,,,,,,,1.4753402,,,,,,,11512.660669831,1759272897.85033,,,,,,,7946240.0,,,,,,,
,,,,,,,66364,,1000.0,,,,,,,,,,,,,,,,,,,,,,11587.711966582,1759272969.2286665,,,,,,,7997440.0,,,,,,,
,,,,,,,66979,,,,,,,,,,,,,,,,,,,,,,,,11687.781147595,1759273072.4141958,,,,,,,8071168.0,,,0.0017825118,,,,
,,,,,,,68642,,1000.0,,,,,,,,,,,,,,,,,,,,,,11967.969969922,1759273351.5645294,,,,,,,8271872.0,,,,,,,
,,,,,,,69236,,,,,,,,,,,,,,,,,,,,,,,,12068.036737012,1759273451.5103137,,,,,,,8343552.0,,4.9244084,,,,,
,,,,,,,69985,,1000.0,,,,,,,,,,,,,,,,,,,,,,12193.12211767,1759273577.2926857,,,,,,,8433664.0,,,,,,,
,76868.016,,,,,,70768,,,,,,,,,,,,,,,,,,,,,,,,12328.210232499,1759273709.431136,,,,,,,8527872.0,,,,,,,
,,,,,,,71015,,,,,,,,,,,,,,,,,1.5276662,,,,,,,12368.233578075,1759273749.737348,,,,,,,8556544.0,,,,,,,
,,,,,,,71075,,,,,,,,,,,,,,,,,,,,,,,693.0,12378.24015191,1759273761.2082026,,,,,,,8564736.0,,,,,,,
,,,,,0.0017719578,,71237,,,,,,,,,,,,,,,,,,,,,,,,12403.259694942,1759273787.10185,,,,,,,8583168.0,,,,,,,
,,,,,,,71477,,,,,,,,,,,,,,,,,,,,,,,,12448.285605276,1759273829.9441752,,,,,,,8613888.0,,,,,0.14733209,,
,,,,,,,72645,,,,,,,,,,,,,,,,,,,,,,,,12643.42419182,1759274025.2622013,,,,,0.0001,,8753152.0,,,,,,,
,,,,,,,72872,,,,,,,,,,,,,,,,,,,,,,,,12683.451245633,1759274065.4026868,5.6095715,,,,,,8781824.0,,,,,,,
,,,,,,,73138,,,,,,,,,,,,,,,,,,,,,,,,12723.480960686,1759274108.2999117,,,,,0.0001,,8812544.0,,,,,,,
,,,,,,,74316,,,,,,,,,,,,,,,,,,,,,,,,12928.622040789,1759274309.277801,,,,,,,8955904.0,,,,,0.06425179,,
,,,,,,,75305,,,,,,,,,,,,,,,,,,,,,,,,13093.72741711,1759274477.6066787,,,,,,,9074688.0,,-0.10930709,,,,,
,,,,,,,77006,,1000.0,,,,,,,,,,,,,,,,,,,,,,13383.920058592,1759274766.408771,,,,,,,9279488.0,,,,,,,
,,,,,,,77582,,,,-0.19015375,,,,,,,,,,,,,,,,,,,,13478.986186123,1759274864.5227711,,,,,,,9349120.0,,,,,,,
,,,,,,,78334,,,,,,,,,,,,,,,,,,,,,,,694.0,13609.07683353,1759274990.821354,,,,,,,9439232.0,,,,,,,
,,,,,,,78814,,,,,,,,-15.394127,,,,,,,,,,,,,,,,13689.124716207,1759275070.934845,,,,,,,9496576.0,,,,,,,
,,,,,,,79031,,,,,,,,,,,,,,,,,,,,,,,694.0,13724.149821205,1759275108.2227614,,,,,,,9523200.0,,,,,,,
,,,,,,,79764,,,,,,,,,,,,,0.0026855469,,,,,,,,,,,13849.232266251,1759275231.8384116,,,,,,,9611264.0,,,,,,,
,,,,,,,80007,,,,,,,,,,,,,,,,,,,,,,,,13889.258753561,1759275272.2116282,,-0.0047023045,,,,,9639936.0,,,,,,,
,,,,,,,80311,,,0.18223196,,,,,,,,,,,,,,,,,,,,,13939.289193283,1759275324.0975862,,,,,,,9676800.0,,,,,,,
,,,,,,,80624,,,,,,,,,,,,,,,,,,,,,,,,13994.324457895,1759275378.9996555,0.10987701,,,,,,9715712.0,,,,,,,
,,,,,,,81952,,,,,,,,,,,,,,,,,,,,,,,,14219.488377928,1759275603.2479284,,,,,,,9875456.0,,0.079618156,,,,,
,,,,,,,82879,,,,,,,,,,,,,,,,,,,,,,,,14374.597099393,1759275759.3697917,,,,,0.0001,,9986048.0,,,,,,,
,,,,,,,83454,,,,,,,,,,,,,,,,,,,,,0.15,,,14474.667222392,1759275857.2488916,,,,,,,10055680.0,,,,,,,
,,,,,,,84290,,,,,,,,,,,,,,,,,,,,,,,,14614.772806976,1759275998.611655,,,,,0.0001,,10156032.0,,,,,,,
,,,0.0,,,,84549,,,,,,,,,,,,,,,,,,,,,,,,14659.802169767,1759276044.623617,,,,,,,10188800.0,,,,,,,
,,,,,,,84777,,,,,,,,,,,,,,,,,,,,,,,696.0,14699.827878522,1759276082.2093887,,,,,,,10215424.0,,,,,,,
,,,,,,,85256,,,,,,,,,,,,,,,,,,,,,0.15,,,14779.881750929,1759276163.025231,,,,,,,10272768.0,,,,,,,
,,,,,,,85353,,1000.0,,,,,,,,,,,,,,,,,,,,,,14794.896160392,1759276180.1607404,,,,,,,10285056.0,,,,,,,
,,,,,,,85380,,,,,,,,,,,,,,,,,1.7937319,,,,,,,14799.901158211,1759276183.098713,,,,,,,10287104.0,,,,,,,
,,,,,,,85424,,,,,,,,,,,,,,,,,,,,,,,,14809.907973675,1759276191.8959434,,,,,,,10293248.0,,,0.002801678,,,,
,-10038.776,,,,,,86799,,,,,,,,,,,,,,,,,,,,,,,,15045.06290228,1759276425.689779,,,,,,,10459136.0,,,,,,,
,,,0.0,,,,87388,,,,,,,,,,,,,,,,,,,,,,,,15145.131006436,1759276526.8197818,,,,,,,10530816.0,,,,,,,
,,,,,,,87457,,,,,,,,,,,,,,,,,,,,,,,,15155.138742052,1759276538.3961713,,,,,,,10539008.0,,,,,0.16401687,,
,,,,,0.00030597806,,87574,,,,,,,,,,,,,,,,,,,,,,,,15175.150678841,1759276555.815583,,,,,,,10551296.0,,,,,,,
,,,,,,,87777,,,,,,,,,,,,,,,,,1.8341582,,,,,,,15205.175593388,1759276590.6674871,,,,,,,10575872.0,,,,,,,
,,,,,,,88036,,,,,,,,,,,,,,,,,,,,,,,,15255.208308652,1759276636.815616,0.18467265,,,,,,10608640.0,,,,,,,
,,,,,,,88417,,,,,,,,,,,,,0.0010172527,,,,,,,,,,,15315.246738404,1759276700.4784174,,,,,,,10653696.0,,,,,,,
,,,,,0.00021685958,,88492,,,,,,,,,,,,,,,,,,,,,,,,15330.254747199,1759276712.1178386,,,,,,,10661888.0,,,,,,,
,-8460.31,,,,,,88601,,,,,,,,,,,,,,,,,,,,,,,,15350.2663806,1759276732.5639768,,,,,,,10676224.0,,,,,,,
,,,,,,,88608,,,,,,,,,,,,,,,,,,,,,,,,15350.266580748,1759276732.5668585,,,,,0.0001,,10676224.0,,,,,,,
,,,,,,,88928,,,,,,,,,,,,,,,,,,,,,0.15,,,15405.300669684,1759276787.6698248,,,,,,,10715136.0,,,,,,,
,,,,,0.00016966007,,89138,,,,,,,,,,,,,,,,,,,,,,,,15440.324728248,1759276822.5050576,,,,,,,10739712.0,,,,,,,
,,,,,0.00019275055,,89274,,,,,,,,,,,,,,,,,,,,,,,,15460.337043393,1759276845.7490544,,,,,,,10756096.0,,,,,,,
,43476.543,,,,,,89910,,,,,,,,,,,,,,,,,,,,,,,,15570.419095369,1759276954.562639,,,,,,,10833920.0,,,,,,,
,,,,,,,91245,,,,,,,,,,,,,,,,,1.8878437,,,,,,,15795.697187719,1759277180.2287452,,,,,,,10993664.0,,,,,,,
,,,,,,,91817,,,,,,,,,,,,,0.01949056,,,,,,,,,,,15895.775415331,1759277277.5826924,,,,,,,11063296.0,,,,,,,
,,,,,,,92061,,,,,,,,,,,,,,,,,1.8943284,,,,,,,15935.804678228,1759277317.245507,,,,,,,11091968.0,,,,,,,
,,,,,,,92064,,,,,,,,,,,,,,,,,,,,,,,,15935.804750854,1759277320.0937629,,,,,,,11094016.0,,,,,0.15565154,,
,,,,,,,92308,,,,,,,,,,,,,,,,,,,,,,,697.0,15976.097232113,1759277360.4700563,,,,,,,11122688.0,,,,,,,
,,,,,,,92650,,,,,,,,,,,,,0.0022786458,,,,,,,,,,,16035.872486058,1759277418.556701,,,,,,,11163648.0,,,,,,,
,,,,,,,92750,,,,,,,,,,,,,,,,,,,,,,,697.0,16051.116631659,1759277435.9767494,,,,,,,11175936.0,,,,,,,
,,,,,,,93003,,1000.0,,,,,,,,,,,,,,,,,,,,,,16095.923239101,1759277479.284212,,,,,,,11206656.0,,,,,,,
,,,,,,,93726,,,,,,,,,,,,,,,,,,,,,,,,16216.12277248,1759277599.8906565,,-0.0038393163,,,,,11292672.0,,,,,,,
,67532.945,,,,,,94908,,,,,,,,,,,,,,,,,,,,,,,,16416.139917014,1759277799.6940985,,,,,,,11436032.0,,,,,,,
,,,,,,,95115,,,,,,,,,,,,,0.014526367,,,,,,,,,,,16451.165461875,1759277834.058132,,,,,,,11460608.0,,,,,,,
,,,,,,,95138,,,,,,,,,,,,,,,,,1.9560877,,,,,,,16456.166602457,1759277836.936571,,,,,,,11462656.0,,,,,,,
,54994.88,,,,,,95265,,,,,,,,,,,,,,,,,,,,,,,,16476.180340682,1759277859.8619797,,,,,,,11479040.0,,,,,,,
,,,,,,,96089,,,,,,,,,,,,,,,,,,,,,,,,16616.270883925,1759277997.8615549,,-0.0046825493,,,,,11577344.0,,,,,,,
,,,,,,,96267,,1000.0,,,,,,,,,,,,,,,,,,,,,,16646.29124961,1759278029.573956,,,,,,,11599872.0,,,,,,,
,,,,,,,97167,,,,,,,,,,,,,,,,,,,,,,,,16801.392761256,1759278182.587053,,,,,,,11708416.0,,1.8392283,,,,,
,,,,,,,97784,,,,,,,,,,,,,0.0056559243,,,,,,,,,,,16901.463170692,1759278286.1212916,,,,,,,11782144.0,,,,,,,
,,,,,,,97853,,,,,,,,,,,,,,,,,,,,,0.15,,,16916.471322661,1759278297.593043,,,,,,,11790336.0,,,,,,,
,,,,,0.02784684,,97893,,,,,,,,,,,,,,,,,,,,,,,,16921.474378161,1759278303.3189976,,,,,,,11794432.0,,,,,,,
,,,,,,,97958,,,,,,,,,,,,,,,,,,,,,,,,16931.481277694,1759278314.7879953,,,,,0.0001,,11802624.0,,,,,,,
,,,,,,,98825,,,,,,,,,,,,,,,,,,,,,,,,17076.582445221,1759278461.4186547,,,,,0.0001,,11907072.0,,,,,,,
,,,,,,,99057,,,,,,,,,,,,,,,,,,,,,,,698.0,17116.612701598,1759278501.737846,,,,,,,11935744.0,,,,,,,
,,,,,,,99416,,,,,,,,,,,,,0.0026041667,,,,,,,,,,,17181.656084395,1759278562.6358423,,,,,,,11978752.0,,,,,,,
,,,,,,,100000,,,,,,,,,,,,,,,,,2.0410316,,,,,,,17276.741392508,1759278661.1161866,,,,,,,12048384.0,,,,,,,
,,,,,,,100281,,,,,,,,,,,,,,,,,,,,,,,698.0,17326.816020385,1759278710.348684,,,,,,,12083200.0,,,,,,,
,,,,,0.008174914,,100579,,,,,,,,,,,,,,,,,,,,,,,,17376.851940964,1759278759.5732577,,,,,,,12118016.0,,,,,,,
,,,,,,,100594,,,,,,,,,,,,,,,,,,,,,,,,17376.852315198,1759278762.459236,,-0.0067394217,,,,,12120064.0,,,,,,,
,,,,,,,100768,,,,,,,,,,,,,,,,,,,,,,,,17411.874840749,1759278794.3371577,,,,,,,12142592.0,,,,,0.06426771,,
,,,,,,,100827,,,,,,,,,,,,,0.0010986328,,,,,,,,,,,17421.888137437,1759278803.1671808,,,,,,,12148736.0,,,,,,,
,,,,,,,101054,,,,,,,,,,,,,,,,,2.0730355,,,,,,,17456.939812979,1759278841.8829567,,,,,,,12175360.0,,,,,,,
,,,,,,,101340,,,0.9077158,,,,,,,,,,,,,,,,,,,,,17506.983605846,1759278891.9326553,,,,,,,12210176.0,,,,,,,
,,,,,,,101968,,,,,,,,-17.180191,,,,,,,,,,,,,,,,17617.053582942,1759278999.4836373,,,,,,,12285952.0,,,,,,,
,,,,,,,102070,,,,,,,,-17.175018,,,,,,,,,,,,,,,,17632.06632194,1759279016.8694866,,,,,,,12298240.0,,,,,,,
,,,,,,,102477,,,,,,,,,,,,,,,,,,,,,0.15,,,17702.112431862,1759279086.0999753,,,,,,,12347392.0,,,,,,,
,,,,,,,102481,,,,,,,,,,,,,,,,,,,,,,,,17702.112560489,1759279086.102949,,-0.0036447516,,,,,12347392.0,,,,,,,
,-12765.87,,,,,,103442,,,,,,,,,,,,,,,,,,,,,,,,17867.223478328,1759279250.99918,,,,,,,12464128.0,,,,,,,
,,,,,,,103950,,,,,,,,,,,,,,,,,,,,,,,,17952.281580914,1759279337.4507349,,,,,,,12525568.0,,-0.392576,,,,,
,,,,,,,104219,,,,,,,,,,,,,,,,,,,,,,,,18002.315629762,1759279383.7860324,,,,,,,12558336.0,,,,,0.064253315,,
,,,,,,,104250,,,,,,,,,,,,,,,,,2.1225367,,,,,,,18002.316428309,1759279386.7100616,,,,,,,12560384.0,,,,,,,
,,,,,,,104429,,,,,,,,,,,,,,,,,,,,,,,698.0,18037.337209948,1759279418.6824067,,,,,,,12582912.0,,,,,,,
,,,,,,,104735,,,,,,,,,,,,,,,,,,,,,,,698.0,18087.372688418,1759279470.8757794,,,,,,,12619776.0,,,,,,,
,,,,,,,104886,,1000.0,,,,,,,,,,,,,,,,,,,,,,18112.387076988,1759279497.0287955,,,,,,,12638208.0,,,,,,,
,,,,,,,105605,,,,,,,,,,,,,,,,,,,,,0.15,,,18237.479689517,1759279618.7705631,,,,,,,12724224.0,,,,,,,
,,,,,,,105741,,,,,,,,,,,,,,,,,,,,,0.15,,,18257.495553935,1759279641.8080242,,,,,,,12740608.0,,,,,,,
,,,,,,,106524,,,,,,,,-17.589436,,,,,,,,,,,,,,,,18392.583751192,1759279774.325324,,,,,,,12834816.0,,,,,,,
,,,,,,,106778,,,,,,,,,,,,,,,,,,,,,0.15,,,18432.609260981,1759279817.6224523,,,,,,,12865536.0,,,,,,,
,,,,,,,106862,,,,,,,,,,,,,0.0013020834,,,,,,,,,,,18447.617969156,1759279832.0575993,,,,,,,12875776.0,,,,,,,
,,,,,,,106865,,,0.29648453,,,,,,,,,,,,,,,,,,,,,18447.618038871,1759279832.0595186,,,,,,,12875776.0,,,,,,,
,,,,,,,107435,,,,,,,,,,,,,,,,,,,,,,,,18547.681874488,1759279929.808609,,,,,,,12945408.0,,-0.07905673,,,,,
,,,,,,,107971,,,,,,,,,,,,,,,,,,,,,,,,18637.742569652,1759280020.011302,,,,,0.0001,,13008896.0,,,,,,,
,,,,,,,108262,,,,,,,,,,,,,,,,,2.2216344,,,,,,,18687.777951033,1759280069.7795591,,,,,,,13043712.0,,,,,,,
,,,,,0.0002220685,,108943,,,,,,,,,,,,,,,,,,,,,,,,18802.855518849,1759280185.644663,,,,,,,13125632.0,,,,,,,
,,,,,,,110833,,,,,,,,,,,,,,,,,,,,,,,,19128.090299507,1759280510.0428488,0.07011345,,,,,,13355008.0,,,,,,,
,,,,,,,111175,,,,,,,,,,,,,,,,,,,,,,,,19183.126848269,1759280567.6472387,,,,,,,13395968.0,,-0.16687095,,,,,
,,,,,,,111421,,,0.97383636,,,,,,,,,,,,,,,,,,,,,19223.155268528,1759280607.8061054,,,,,,,13424640.0,,,,,,,
,,,,,,,111847,,,,,,,,,,,,,,,,,,,,,,,,19298.205917961,1759280679.7784884,,,,,0.0001,,13475840.0,,,,,,,
,,,,,,,112541,,,,,,,,,,,,,,,,,,,,,0.15,,,19413.284287857,1759280798.047959,,,,,,,13559808.0,,,,,,,
,,,,,,,113411,,,,,,,,,,,,,,,,,,,,,,,,19563.382901046,1759280945.3164568,,,,,0.0001,,13664256.0,,,,,,,
,,,,,,,113495,,,0.54564273,,,,,,,,,,,,,,,,,,,,,19578.392457228,1759280959.7264876,,,,,,,13674496.0,,,,,,,
,,,,,,,113719,,,,,,,,,,,,,,,,,2.345594,,,,,,,19613.418514199,1759280997.255908,,,,,,,13701120.0,,,,,,,
,,,,,,,114330,,,,,,,,,,,,,,,,,,,,,,,,19718.487748481,1759281100.5005152,,-0.0034072122,,,,,13774848.0,,,,,,,
,,,,,,,114585,,,,,,,,,,,,,,,,,,,,,,,,19758.513394349,1759281143.6556258,,-0.0029388927,,,,,13805568.0,,,,,,,
,,,,,,,115332,,,,,,,,,,,,,,,,,,,,,,,,19888.598775455,1759281271.3448136,,,,,0.0001,,13895680.0,,,,,,,
,-4414.3516,,,,,,116243,,,,,,,,,,,,,,,,,,,,,,,,20043.703549365,1759281427.54373,,,,,,,14006272.0,,,,,,,
,,,,,,,116759,,,-0.36110997,,,,,,,,,,,,,,,,,,,,,20133.763635781,1759281514.7096963,,,,,,,14067712.0,,,,,,,
,,,,,,,116809,,,,,,,,-18.366184,,,,,,,,,,,,,,,,20138.765824143,1759281523.4450147,,,,,,,14073856.0,,,,,,,
,,,,,,,117939,,,,,,,,,,,,,,,,,,,,,,,,20333.899956792,1759281716.4361808,0.12417093,,,,,,14211072.0,,,,,,,
,,,,,,,118336,,,,,,,,,,,,,,,,,,,,,,,,20398.945179272,1759281782.2417777,,,,,,,14258176.0,,,0.0008364712,,,,
,29465.664,,,,,,118555,,,,,,,,,,,,,,,,,,,,,,,,20433.970920996,1759281819.2664201,,,,,,,14284800.0,,,,,,,
,,,,,,,120672,,,,,,,,,,,,,,,,,2.4745278,,,,,,,20794.253209723,1759282176.4903579,,,,,,,14538752.0,,,,,,,
,,,,,,,121090,,,,,,,,,,,,,,,,,,,,,,,,20864.305657509,1759282248.9684293,,,,,,,14589952.0,,,0.00065145985,,,,
,,,,,,,121753,,,,,,,,,,,,,,,,,,,,,,,,20979.384136298,1759282362.0577893,,,,,,,14669824.0,,,0.00064879033,,,,
,,,,,0.00032607763,,121829,,,,,,,,,,,,,,,,,,,,,,,,20989.389547643,1759282373.6559694,,,,,,,14678016.0,,,,,,,
,,,,,,,123454,,,,,,,,,,,,,0.0008544922,,,,,,,,,,,21269.594339364,1759282651.3406792,,,,,,,14874624.0,,,,,,,
,,,,,,,123728,,,,,,,,-18.69245,,,,,,,,,,,,,,,,21314.625741097,1759282697.532906,,,,,,,14907392.0,,,,,,,
,,,,,,,123897,,,,,,,,,,,,,,,,,,,,,0.15,,,21344.650235979,1759282726.4357626,,,,,,,14927872.0,,,,,,,
,34913.652,,,,,,125100,,,,,,,,,,,,,,,,,,,,,,,,21549.789720558,1759282931.671903,,,,,,,15073280.0,,,,,,,
,,,,,,,125115,,,,,,,,,,,,,,,,,,,,,,,,21549.790104252,1759282934.5270877,,,,,,,15075328.0,,0.591778,,,,,
,,,,,,,125163,,,,,,,,,,,,,,,,,,,,,,,,21559.798268832,1759282943.1544585,,,,,,,15081472.0,,,,,0.1348946,,
,,,,,,,125197,,,,,,,,,,,,,,,,,,,,,,,,21564.800893407,1759282948.8651955,,,,,,,15085568.0,,,,,0.1548126,,
,,,,,,,127292,,1000.0,,,,,,,,,,,,,,,,,,,,,,21920.041884991,1759283302.014776,,,,,,,15337472.0,,,,,,,
,,,,,,,127785,,1000.0,,,,,,,,,,,,,,,,,,,,,,22000.095714157,1759283385.7039115,,,,,,,15396864.0,,,,,,,
,,,,,,,128768,,,,,,,,,,,,,,,,,,,,,,,,22170.214834164,1759283553.2070107,0.2726605,,,,,,15515648.0,,,,,,,
,,,,,,,128852,,,,,,,,,,,,,,,,,,,,,,,,22185.224105069,1759283567.6165535,,,,,,,15525888.0,,,,,0.06424615,,
,,,,,,,128955,,,,,,,,,,,,,,,,,,,,,,,,22200.235550064,1759283584.8985975,0.1947239,,,,,,15538176.0,,,,,,,
,,,,,,,129592,,,,,,,,,,,,,,,,,,,,,0.15,,,22310.311707826,1759283691.8668656,,,,,,,15613952.0,,,,,,,
,,,,,0.0005409511,,129989,,,,,,,,,,,,,,,,,,,,,,,,22375.408535721,1759283759.0339372,,,,,,,15661056.0,,,,,,,
,,,0.0,,,,130721,,,,,,,,,,,,,,,,,,,,,,,,22500.490207821,1759283885.695649,,,,,,,15751168.0,,,,,,,
,,,,,,,131755,,,,,,,,,,,,,,,,,,,,,,,,22675.619872884,1759284058.4833744,,-0.004154187,,,,,15874048.0,,,,,,,
,,,,,,,131966,,,,,,,,,,,,,,,,,,,,,,,,22710.643979532,1759284096.1983564,,,,,,,15900672.0,,0.07548141,,,,,
,,,,,,,132110,,,-0.43847406,,,,,,,,,,,,,,,,,,,,,22735.658894484,1759284119.2309544,,,,,,,15917056.0,,,,,,,
,,,,,,,132949,,,,,,,,,,,,,,,,,,,,,,,,22880.752066643,1759284263.9949577,,,,,,,16019456.0,,,,,0.064291574,,
,,,,,,,133249,,,0.7502296,,,,,,,,,,,,,,,,,,,,,22930.78627497,1759284313.2562358,,,,,,,16054272.0,,,,,,,
,,,,,,,134181,,,,,,,,,,,,,0.00061035156,,,,,,,,,,,23090.8879474,1759284472.3847563,,,,,,,16166912.0,,,,,,,
,-2293.0083,,,,,,135606,,,,,,,,,,,,,,,,,,,,,,,,23331.061510922,1759284715.828575,,,,,,,16338944.0,,,,,,,
,,,,,,,135764,,,,,,,,-19.398716,,,,,,,,,,,,,,,,23361.083809065,1759284741.8810143,,,,,,,16357376.0,,,,,,,
,,,,,0.0011023163,,135803,,,,,,,,,,,,,,,,,,,,,,,,23366.085979676,1759284747.6744084,,,,,,,16361472.0,,,,,,,
,,,,,,,136151,,,,,,,,,,,,,,,,,,,,,,,700.0,23426.142813356,1759284808.9584906,,,,,,,16404480.0,,,,,,,
,,,,,,,136597,,,,,,,,-19.474655,,,,,,,,,,,,,,,,23501.192713644,1759284883.8345025,,,,,,,16457728.0,,,,,,,
,,,,,,,137348,,,,,,,,,,,,,,,,,,,,,,,,23626.358133829,1759285011.5872195,,-0.004124553,,,,,16547840.0,,,,,,,
,,,,,,,137635,,,0.9074336,,,,,,,,,,,,,,,,,,,,,23676.355882977,1759285060.913132,,,,,,,16582656.0,,,,,,,
,,,,,,,138682,,1000.0,,,,,,,,,,,,,,,,,,,,,,23856.476767556,1759285240.0692668,,,,,,,16709632.0,,,,,,,
,,,,,,,139045,,,,,,,,-19.603622,,,,,,,,,,,,,,,,23916.51939768,1759285300.6419635,,,,,,,16752640.0,,,,,,,
,,,,,,,139403,,,0.6921171,,,,,,,,,,,,,,,,,,,,,23976.569627865,1759285361.3047714,,,,,,,16795648.0,,,,,,,
,,,,,0.00013599129,,139798,,,,,,,,,,,,,,,,,,,,,,,,24046.615214961,1759285427.804352,,,,,,,16842752.0,,,,,,,
,,,,,,,141133,,,,,,,,,,,,,,,,,,,,,,,,24271.762596294,1759285656.710003,,,,,,,17004544.0,,,0.0005608287,,,,
,,,,,,,141595,,,,,,,,-19.755585,,,,,,,,,,,,,,,,24351.818389685,1759285734.924809,,,,,,,17059840.0,,,,,,,
,,,,,,,141681,,,-0.76580083,,,,,,,,,,,,,,,,,,,,,24366.830260056,1759285749.4134145,,,,,,,17070080.0,,,,,,,
,,,,,,,142378,,,0.51614666,,,,,,,,,,,,,,,,,,,,,24486.927099303,1759285868.646015,,,,,,,17154048.0,,,,,,,
,,,,,,,142928,,,,,,,,,,,,,,,,,,,,,,,,24582.011324577,1759285964.1782396,,,,,,,17221632.0,,,,,0.06429988,,
,,,,,,,143415,,,0.6827216,,,,,,,,,,,,,,,,,,,,,24662.128937599,1759286046.7521763,,,,,,,17278976.0,,,,,,,
,,,,,,,143560,,,,,,,,,,,,,,,,,,,,,,,,24692.151516032,1759286072.8137035,,,,,,,17297408.0,,-0.05000451,,,,,
,,,,,,,143612,,1000.0,,,,,,,,,,,,,,,,,,,,,,24697.153793877,1759286081.4736953,,,,,,,17303552.0,,,,,,,
,,,,,,,143757,,,,,,,,,,,,,,,,,,,,,,,,24722.225170703,1759286105.6518393,,-0.0034611735,,,,,17319936.0,,,,,,,
,,,,,,,143814,,,,0.0034589006,,,,,,,,,,,,,,,,,,,,24732.231332334,1759286117.230475,,,,,,,17328128.0,,,,,,,
,,,,,,,145661,,,,,,,,,,,,,,,,,,,,,,,,25047.442883616,1759286429.5337963,,-0.0034308748,,,,,17549312.0,,,,,,,
,,,,,,,146077,,1000.0,,,,,,,,,,,,,,,,,,,,,,25117.490187692,1759286501.5615149,,,,,,,17600512.0,,,,,,,
,,,,,,,146083,,,,,,,,-20.10883,,,,,,,,,,,,,,,,25117.490332093,1759286501.5617,,,,,,,17600512.0,,,,,,,
,-5490.2065,,,,,,146673,,,,,,,,,,,,,,,,,,,,,,,,25217.556678607,1759286602.312159,,,,,,,17672192.0,,,,,,,
,,,,,,,147681,,,,,,,,-20.21088,,,,,,,,,,,,,,,,25387.676681255,1759286773.111185,,,,,,,17793024.0,,,,,,,
,,,,,,,148411,,,,,,,,,,,,,,,,,,,,,0.15,,,25512.75903043,1759286897.6011,,,,,,,17881088.0,,,,,,,
,,,,,,,149373,,,,0.0039752154,,,,,,,,,,,,,,,,,,,,25688.392191305,1759287071.3093772,,,,,,,17997824.0,,,,,,,
,,,0.0,,,,149608,,,,,,,,,,,,,,,,,,,,,,,,25728.450731174,1759287112.0490623,,,,,,,18026496.0,,,,,,,
,,,,,,,149636,,,,,,,,-20.310854,,,,,,,,,,,,,,,,25733.490686447,1759287114.9722183,,,,,,,18028544.0,,,,,,,
,,,,,,,150530,,,,,,,,,,,,,,,,,,,,,,,,25888.65582347,1759287271.4457762,,,,,,,18137088.0,,-0.014365519,,,,,
,,,,,,,150970,,,,,,,,,,,,,,,,,,,,,,,,25963.70472584,1759287346.8389285,0.13227463,,,,,,18190336.0,,,,,,,
,,,,,,,151893,,,,,,,,,,,,,,,,,,,,,,,701.0,26118.80589945,1759287503.4681318,,,,,,,18300928.0,,,,,,,
,,,,,,,152019,,,,,,,,,,,,,,,,,,,,,,,,26138.818274798,1759287523.815597,,-0.0025765775,,,,,18315264.0,,,,,,,
,,,0.0,,,,152379,,,,,,,,,,,,,,,,,,,,,,,,26203.864368853,1759287587.710766,,,,,,,18360320.0,,,,,,,
,,,,,,,152381,,,,,,,,,,,,,,,,,,,,,,,,26203.864419531,1759287587.7108154,0.056752965,,,,,,18360320.0,,,,,,,
,,,,,,,152401,,1000.0,,,,,,,,,,,,,,,,,,,,,,26208.865883932,1759287590.5929039,,,,,,,18362368.0,,,,,,,
,,,,,,,152482,,,,,,,,,,,,,,,,,,,,,,,,26223.876223806,1759287605.1568484,,,,,,,18372608.0,,,,,0.06425266,,
,,,,,,,152578,,,0.817453,,,,,,,,,,,,,,,,,,,,,26238.887881894,1759287619.7186162,,,,,,,18382848.0,,,,,,,
,,,,,,,152989,,,,,,,,,,,,,,,,,3.185585,,,,,,,26303.937267019,1759287689.2530043,,,,,,,18432000.0,,,,,,,
,,,,,,,153033,,,,,,,,,,,,,,,,,,,,,,,,26313.942570011,1759287697.925034,,,,,,,18438144.0,,,0.000704945,,,,
,,,,,,,153272,,,,,,,,,,,,,0.003540039,,,,,,,,,,,26353.968696796,1759287738.5649095,,,,,,,18466816.0,,,,,,,
,,,,,,,153990,,,,,,,,,,,,,,,,,,,,,,,,26479.069666366,1759287860.4683475,,,,,0.0001,,18552832.0,,,,,,,
,,,,,,,154161,,,,,,,,,,,,,,,,,,,,,,,,26504.088521883,1759287889.6137326,,-0.003326608,,,,,18573312.0,,,,,,,
,,,,,,,155572,,,,,,,,,,,,,,,,,,,,,,,,26749.412996425,1759288133.4956849,,-0.0044061188,,,,,18743296.0,,,,,,,
,,,,,0.00016198833,,155625,,,,,,,,,,,,,,,,,,,,,,,,26759.421470659,1759288142.2625916,,,,,,,18749440.0,,,,,,,
,-10516.72,,,,,,156091,,,,,,,,,,,,,,,,,,,,,,,,26839.471959128,1759288223.329824,,,,,,,18806784.0,,,,,,,
,,,,,,,156502,,,,,,,,,,,,,0.0009765625,,,,,,,,,,,26909.517161319,1759288292.8253922,,,,,,,18855936.0,,,,,,,
,,,,,5.1621322e-05,,156611,,,,,,,,,,,,,,,,,,,,,,,,26929.530361062,1759288310.2336588,,,,,,,18868224.0,,,,,,,
,,,0.0,,,,156935,,,,,,,,,,,,,,,,,,,,,,,,26984.611936697,1759288368.9045064,,,,,,,18909184.0,,,,,,,
,,,,,,,157518,,1000.0,,,,,,,,,,,,,,,,,,,,,,27084.67962427,1759288467.153504,,,,,,,18978816.0,,,,,,,
,,,,,,,158095,,,,,,,,,,,,,,,,,,,,,,,,27184.749842849,1759288565.6954072,,,,,,,19048448.0,,-0.16858083,,,,,
,,,,,,,159082,,1000.0,,,,,,,,,,,,,,,,,,,,,,27349.860043718,1759288734.495553,,,,,,,19167232.0,,,,,,,
,,,,,,,160194,,,0.9680089,,,,,,,,,,,,,,,,,,,,,27545.453769075,1759288927.063407,,,,,,,19300352.0,,,,,,,
,,,,,,,160721,,,0.7107234,,,,,,,,,,,,,,,,,,,,,27635.678543439,1759289019.6169283,,,,,,,19363840.0,,,,,,,
,,,,,,,162637,,,,,,,,,,,,,,,,,,,,,,,701.0,27965.945085146,1759289348.5470603,,,,,,,19595264.0,,,,,,,
,-3282.8264,,,,,,162704,,,,,,,,,,,,,,,,,,,,,,,,27975.953240931,1759289360.1802125,,,,,,,19603456.0,,,,,,,
,,,,,3.219683e-05,,163853,,,,,,,,,,,,,,,,,,,,,,,,28171.129152827,1759289555.559922,,,,,,,19740672.0,,,,,,,
,,,,,,,163900,,,0.7948692,,,,,,,,,,,,,,,,,,,,,28181.164145924,1759289564.2492735,,,,,,,19746816.0,,,,,,,
,,,,,,,164386,,1000.0,,,,,,,,,,,,,,,,,,,,,,28266.320862814,1759289649.2568362,,,,,,,19806208.0,,,,,,,
,,,,,,,165950,,1000.0,,,,,,,,,,,,,,,,,,,,,,28542.101053021,1759289924.7756875,,,,,,,19994624.0,,,,,,,
,,,,,,,166722,,,0.7055335,,,,,,,,,,,,,,,,,,,,,28677.527243584,1759290060.8777428,,,,,,,20086784.0,,,,,,,
,-950.3048,,,,,,166767,,,,,,,,,,,,,,,,,,,,,,,,28687.533931968,1759290069.5495346,,,,,,,20092928.0,,,,,,,
,,,,,,,169636,,,,,,,,,,,,,,,,,,,,,,,,29177.995359984,1759290561.903723,0.15407835,,,,,,20439040.0,,,,,,,
,,,,,,,169706,,,,,,,,,,,,,,,,,,,,,,,,29188.000787523,1759290573.3157299,,,,,,,20447232.0,,-0.15439099,,,,,
,,,,,,,170084,,,,,,,,,,,,,,,,,,,,,,,,29253.07807867,1759290637.7390022,,,,,,,20492288.0,,,0.00030240772,,,,
,,,0.0,,,,170178,,,,,,,,,,,,,,,,,,,,,,,,29273.091326535,1759290655.009202,,,,,,,20504576.0,,,,,,,
,,,,,,,171058,,,,,,,,,,,,,,,,,,,,,,,,29418.186435653,1759290803.4933157,,,,,0.0001,,20609024.0,,,,,,,
,,,,,,,171279,,,,,,,,,,,,,,,,,,,,,,,,29458.346249603,1759290843.1441398,,,,,0.0001,,20635648.0,,,,,,,
,,,,,0.00040686218,,171299,,,,,,,,,,,,,,,,,,,,,,,,29463.360332524,1759290846.5433023,,,,,,,20637696.0,,,,,,,
,,,,,,,171311,,,,,,,,-21.587723,,,,,,,,,,,,,,,,29468.363964635,1759290849.4557903,,,,,,,20639744.0,,,,,,,
,,,,,,,171395,,,,,,,,,,,,,,,,,,,,,0.15,,,29483.374623838,1759290863.9992085,,,,,,,20649984.0,,,,,,,
,,,,,,,171889,,,,,,,,-21.643482,,,,,,,,,,,,,,,,29568.49153239,1759290950.139971,,,,,,,20709376.0,,,,,,,
,,,,,,,173097,,,0.9511205,,,,,,,,,,,,,,,,,,,,,29773.884785873,1759291156.911205,,,,,,,20854784.0,,,,,,,
,,,,,,,173326,,,,0.22158489,,,,,,,,,,,,,,,,,,,,29813.914695294,1759291197.070202,,,,,,,20883456.0,,,,,,,
,5721.5835,,,,,,174570,,,,,,,,,,,,,,,,,,,,,,,,30029.274481768,1759291410.0267463,,,,,,,21032960.0,,,,,,,
,,,,,,,174769,,,,,,,,,,,,,,,,,,,,,,,,30064.313520406,1759291445.901089,,,,,,,21057536.0,,,,,0.13999169,,
,,,,,,,174833,,,,,,,,,,,,,,,,,,,,,,,,30069.317138553,1759291454.5508718,,-0.0039269705,,,,,21063680.0,,,,,,,
,,,,,0.043968514,,174988,,,,,,,,,,,,,,,,,,,,,,,,30099.487821087,1759291481.8974369,,,,,,,21082112.0,,,,,,,
,,,,,,,176571,,,,,,,,,,,,,,,,,,,,,,,,30374.900823927,1759291756.6843376,,,,,,,21274624.0,,,,,0.06426771,,
,,,,,,,176749,,,,,,,,,,,,,0.0016276042,,,,,,,,,,,30399.918628416,1759291785.3756447,,,,,,,21295104.0,,,,,,,
,,,,,,,176828,,,,-0.0045193755,,,,,,,,,,,,,,,,,,,,30414.925485077,1759291799.7638826,,,,,,,21305344.0,,,,,,,
,,,,,,,179394,,,,,,,,,,,,,,,,,,,,,,,,30855.293417442,1759292238.9308999,0.7346273,,,,,,21614592.0,,,,,,,
,,,,,,,180319,,,,,,,,,,,,,0.006876628,,,,,,,,,,,31015.722528141,1759292400.0739589,,,,,,,21725184.0,,,,,,,
,,,0.0,,,,180548,,,,,,,,,,,,,,,,,,,,,,,,31055.74789805,1759292440.0525396,,,,,,,21753856.0,,,,,,,
,,,,,,,181094,,,,,,,,,,,,,,,,,,,,,,,,31150.945373621,1759292534.8378954,0.001728079,,,,,,21819392.0,,,,,,,
,,,,,,,181187,,,,,,,,,,,,,,,,,,,,,0.15,,,31165.955492155,1759292549.2245045,,,,,,,21829632.0,,,,,,,
,,,,,,,181979,,,,0.47274202,,,,,,,,,,,,,,,,,,,,31301.116620076,1759292686.6480289,,,,,,,21925888.0,,,,,,,
,,,,,,,183025,,,0.96533513,,,,,,,,,,,,,,,,,,,,,31486.780167998,1759292870.8615975,,,,,,,22050816.0,,,,,,,
,,,,,,,183120,,1000.0,,,,,,,,,,,,,,,,,,,,,,31506.791308793,1759292888.48798,,,,,,,22063104.0,,,,,,,
,,,,,,,183783,,1000.0,,,,,,,,,,,,,,,,,,,,,,31621.956748887,1759293003.6977131,,,,,,,22142976.0,,,,,,,
,,,,,,,184003,,,,,,,,,,,,,,,,,,,,,,,,31656.982316508,1759293041.4208343,,,,,,,22169600.0,,-0.17204607,,,,,
,,,,,,,184769,,1000.0,,,,,,,,,,,,,,,,,,,,,,31787.072432861,1759293171.623032,,,,,,,22261760.0,,,,,,,
,,,,,,,185197,,,,,,,,,,,,,,,,,,,,,,,,31862.122947634,1759293243.9309857,,,,,,,22312960.0,,,0.00044348915,,,,
,,,,,,,185928,,,,,,,,,,,,,,,,,,,,,,,,31987.267516916,1759293368.262284,,,,,,,22401024.0,,,0.0004488664,,,,
,,,0.0,,,,186022,,,,,,,,,,,,,,,,,,,,,,,,32002.286792661,1759293386.092271,,,,,,,22413312.0,,,,,,,
,-7948.0474,,,,,,186181,,,,,,,,,,,,,,,,,,,,,,,,32027.305260289,1759293412.16834,,,,,,,22431744.0,,,,,,,
,,,,,,,186898,,,,,,,,,,,,,0.0006917318,,,,,,,,,,,32152.429207943,1759293534.7711165,,,,,,,22517760.0,,,,,,,
,,,,,,,186915,,,,,,,,,,,,,0.0033365886,,,,,,,,,,,32152.429623863,1759293537.6827238,,,,,,,22519808.0,,,,,,,
,,,,,,,187309,,,0.92344993,,,,,,,,,,,,,,,,,,,,,32222.587618476,1759293605.0859358,,,,,,,22566912.0,,,,,,,
,,,0.0,,,,187501,,,,,,,,,,,,,,,,,,,,,,,,32257.610703383,1759293639.7379332,,,,,,,22591488.0,,,,,,,
,,,,,,,188539,,,,,,,,,,,,,,,,,,,,,,,,32438.147241927,1759293821.1861303,,,,,,,22716416.0,,,,,0.06424979,,
,,,,,,,188937,,,,,,,,,,,,,,,,,,,,,,,,32508.249793969,1759293889.1200974,,,,,,,22763520.0,,,0.00059670967,,,,
,,,,,,,189572,,,,,,,,,,,,,,,,,,,,,,,,32613.325404422,1759293996.154842,,-0.0030004028,,,,,22839296.0,,,,,,,
,,,,,,,190215,,,,,,,,-22.882812,,,,,,,,,,,,,,,,32723.393971086,1759294105.9058325,,,,,,,22917120.0,,,,,,,
,,,,,,,190615,,,,-0.0062527056,,,,,,,,,,,,,,,,,,,,32793.44065216,1759294174.9600482,,,,,,,22966272.0,,,,,,,
,-11961.361,,,,,,190635,,,,,,,,,,,,,,,,,,,,,,,,32793.44116893,1759294177.7562099,,,,,,,22968320.0,,,,,,,
,,,,,,,191412,,,,,,,,,,,,,,,,,,,,,,,,32928.651809092,1759294312.5495594,,,,,,,23062528.0,,,,,0.064254485,,
,,,,,,,191606,,,,,,,,,,,,,,,,,,,,,,,,32963.690612661,1759294344.6002347,,,,,,,23085056.0,,,0.00044357273,,,,
,,,0.0,,,,192006,,,,,,,,,,,,,,,,,,,,,,,,33033.924719037,1759294416.5850186,,,,,,,23134208.0,,,,,,,
,,,,,,,193221,,,,,,,,,,,,,,,,,,,,,,,,33239.209860684,1759294623.4665399,,,,,,,23279616.0,,,0.0038307067,,,,
,,,,,,,193300,,,,,,,,,,,,,,,,,,,,,,,,33254.249121066,1759294637.9110854,0.06958357,,,,,,23289856.0,,,,,,,
,,,,,,,193629,,,,,,,,,,,,,,,,,,,,,,,,33314.396851711,1759294695.063315,,,,,,,23328768.0,,,0.0010944938,,,,
,,,,,,,194024,,,0.98140395,,,,,,,,,,,,,,,,,,,,,33379.695830691,1759294764.8672888,,,,,,,23375872.0,,,,,,,
,,,,,,,194917,,,,,,,,,,,,,,,,,,,,,,,,33540.703037956,1759294921.772094,,,,,,,23484416.0,,0.12315922,,,,,
,,,,,,,194957,,,,,,,,,,,,,,,,,,,,,0.15,,,33545.707255988,1759294927.5598474,,,,,,,23488512.0,,,,,,,
,,,,,,,195295,,,,,,,,,,,,,,,,,,,,,,,,33600.745859281,1759294985.3497586,,,,,,,23529472.0,,,0.0002726859,,,,
,,,,,,,195761,,,,,,,,,,,,,,,,,4.452697,,,,,,,33680.796886619,1759295063.2102606,,,,,,,23584768.0,,,,,,,
,,,,,,,196446,,,,0.005270383,,,,,,,,,,,,,,,,,,,,33800.88129761,1759295181.6161163,,,,,,,23668736.0,,,,,,,
,-3977.4487,,,,,,197061,,,,,,,,,,,,,,,,,,,,,,,,33906.101195076,1759295288.6398995,,,,,,,23742464.0,,,,,,,
,,,,,,,197363,,,,,,,,,,,,,,,,,,,,,,,,33956.138526445,1759295340.981465,0.56318593,,,,,,23779328.0,,,,,,,
,,,,,,,197610,,,,,,,,-23.384706,,,,,,,,,,,,,,,,34001.282081234,1759295382.7086215,,,,,,,23808000.0,,,,,,,
,,,,,,,198394,,,,,,,,,,,,,,,,,,,,,,,,34131.399024413,1759295516.163239,,,,,0.0001,,23902208.0,,,,,,,
,,,,,,,198766,,,,,,,,-23.445288,,,,,,,,,,,,,,,,34196.441877987,1759295579.4450867,,,,,,,23947264.0,,,,,,,
,,,,,,,199253,,1000.0,,,,,,,,,,,,,,,,,,,,,,34281.553606964,1759295665.5274177,,,,,,,24006656.0,,,,,,,
,,,,,,,200033,,,,0.02421413,,,,,,,,,,,,,,,,,,,,34416.717699419,1759295798.8826876,,,,,,,24100864.0,,,,,,,
,,,,,,,200196,,,,,,,,,,,,,,,,,,,,,,,,34441.733070091,1759295824.827758,,,,,0.0001,,24119296.0,,,,,,,
,,,,,,,200332,,,,,,,,,,,,,,,,,,,,,,,,34466.749520052,1759295847.9738076,,,,,0.0001,,24135680.0,,,,,,,
,,,,,,,200348,,,0.7367608,,,,,,,,,,,,,,,,,,,,,34466.749911617,1759295850.8349864,,,,,,,24137728.0,,,,,,,
,,,,,,,200790,,,0.5533432,,,,,,,,,,,,,,,,,,,,,34541.805575724,1759295925.8390255,,,,,,,24190976.0,,,,,,,
,,,,,,,201195,,,,,,,,,,,,,0.00061035156,,,,,,,,,,,34611.849464137,1759295995.01883,,,,,,,24240128.0,,,,,,,
,,,,,0.01457492,,201338,,,,,,,,,,,,,,,,,,,,,,,,34636.864861803,1759296018.0207777,,,,,,,24256512.0,,,,,,,
,,,,,,,201567,,,,,,,,,,,,,,,,,,,,,,,700.0,34676.890739617,1759296058.380196,,,,,,,24285184.0,,,,,,,
,,,,,,,202160,,1000.0,,,,,,,,,,,,,,,,,,,,,,34776.962438666,1759296159.4602544,,,,,,,24356864.0,,,,,,,
,,,,,,,202638,,,,,,,,,,,,,,,,,,,,,,,700.0,34857.014167895,1759296240.872025,,,,,,,24414208.0,,,,,,,
,,,,,0.0576659,,202800,,,,,,,,,,,,,,,,,,,,,,,,34882.03112631,1759296266.7917438,,,,,,,24432640.0,,,,,,,
,,,,,,,203228,,,,,,,,,,,,,,,,,,,,,,,,34957.079074716,1759296342.017732,0.06983688,,,,,,24485888.0,,,,,,,
,,,,,,,203559,,,,,,,,,,,,,,,,,,,,,0.15,,,35012.117639564,1759296397.4535024,,,,,,,24524800.0,,,,,,,
,,,,,,,203643,,,,,,,,,,,,,0.00040690106,,,,,,,,,,,35027.127388002,1759296411.986448,,,,,,,24535040.0,,,,,,,
,,,,,,,203653,,,,,,,,,,,,,,,,,,,,,,,,35032.129437573,1759296415.018135,0.018453887,,,,,,24537088.0,,,,,,,
,,,,,,,203729,,,,,,,,,,,,,,,,,,,,,0.15,,,35042.136612261,1759296426.5309045,,,,,,,24545280.0,,,,,,,
,,,,,,,204050,,,,,,,,,,,,,,,,,,,,,,,,35097.174996931,1759296481.537419,,,,,,,24584192.0,,,0.0002949569,,,,
,,,,,,,204311,,,,,,,,,,,,,,,,,,,,,,,,35142.204746606,1759296524.842492,,-0.001599643,,,,,24614912.0,,,,,,,
,,,,,,,204317,,,,0.0049579,,,,,,,,,,,,,,,,,,,,35142.204894294,1759296527.7074914,,,,,,,24616960.0,,,,,,,
,-13404.138,,,,,,204456,,,,,,,,,,,,,,,,,,,,,,,,35167.221056838,1759296550.7445085,,,,,,,24633344.0,,,,,,,
,,,,,,,204469,,,,,,,,,,,,,,,,,,,,,,,,35172.224488897,1759296553.5338137,0.08548213,,,,,,24635392.0,,,,,,,
,,,,,,,204486,,,,,,,,,,,,,,,,,,,,,,,,35172.224916336,1759296556.4640129,0.113387935,,,,,,24637440.0,,,,,,,
,,,,,,,205207,,,,,,,,,,,,,0.0010579427,,,,,,,,,,,35292.320437997,1759296677.7664974,,,,,,,24723456.0,,,,,,,
,,,,,,,205648,,,,,,,,,,,,,,,,,,,,,,,,35367.380489369,1759296752.7641556,,,,,,,24776704.0,,,0.00017766489,,,,
,,,,,0.020159919,,205843,,,,,,,,,,,,,,,,,,,,,,,,35402.404029047,1759296784.6228273,,,,,,,24799232.0,,,,,,,
,,,,,,,205865,,,,,,,,,,,,,,,,,,,,,,,,35407.405991368,1759296790.4052866,,,,,,,24803328.0,,-3.6053257,,,,,
,,,,,,,206794,,,,,,,,,,,,,,,,,4.829032,,,,,,,35562.519746028,1759296946.0151167,,,,,,,24913920.0,,,,,,,
,,,,,,,207065,,,,,,,,,,,,,,,,,,,,,,,,35607.553503967,1759296992.1874235,,-0.0033158525,,,,,24946688.0,,,,,,,
,,,,,,,207507,,,,,,,,,,,,,,,,,,,,,,,,35682.607949909,1759297067.0623221,,-0.0041664536,,,,,24999936.0,,,,,,,
,,,,,,,208311,,,,,,,,,,,,,,,,,,,,,,,,35823.113866359,1759297208.0478466,0.21670762,,,,,,25098240.0,,,,,,,
,,,,,,,208577,,,,,,,,,,,,,,,,,,,,,,,,35868.144752767,1759297251.5220222,,,,,0.0001,,25128960.0,,,,,,,
,,,,,,,208617,,,,,,,,,,,,,,,,,,,,,,,,35878.148547888,1759297260.209138,1.4817854,,,,,,25135104.0,,,,,,,
,,,,,,,208643,,,,,,,,-24.0259,,,,,,,,,,,,,,,,35878.14919655,1759297263.119013,,,,,,,25137152.0,,,,,,,
,,,,,,,208731,,,,,,,,,,,,,,,,,,,,,,,,35893.158742066,1759297277.6561944,,-0.0036078275,,,,,25147392.0,,,,,,,
,,,,,,,208882,,,0.9422518,,,,,,,,,,,,,,,,,,,,,35918.174993702,1759297303.6044688,,,,,,,25165824.0,,,,,,,
,,,,,,,209797,,,,,,,,,,,,,0.00036621094,,,,,,,,,,,36078.280884602,1759297459.7415662,,,,,,,25276416.0,,,,,,,
,-1867.6562,,,,,,209981,,,,,,,,,,,,,,,,,,,,,,,,36108.30322712,1759297491.3158875,,,,,,,25298944.0,,,,,,,
,,,,,,,210154,,,,,,,,,,,,,0.0010579427,,,,,,,,,,,36138.324992109,1759297520.2512164,,,,,,,25319424.0,,,,,,,
,,,,,,,210259,,,0.8777339,,,,,,,,,,,,,,,,,,,,,36153.335382041,1759297537.6156342,,,,,,,25331712.0,,,,,,,
,,,0.0,,,,210264,,,,,,,,,,,,,,,,,,,,,,,,36158.3365543,1759297540.495525,,,,,,,25333760.0,,,,,,,
,,,,,,,212112,,,0.7175664,,,,,,,,,,,,,,,,,,,,,36468.548848144,1759297851.844837,,,,,,,25554944.0,,,,,,,
,,,,,,,212160,,,,,,,,,,,,,0.0013834635,,,,,,,,,,,36478.557457715,1759297860.4838483,,,,,,,25561088.0,,,,,,,
,,,,,,,212400,,,,,,,,-24.252817,,,,,,,,,,,,,,,,36518.58687613,1759297900.6015568,,,,,,,25589760.0,,,,,,,
,,,,,,,212502,,,,,,,,-24.237347,,,,,,,,,,,,,,,,36533.596977528,1759297917.7256172,,,,,,,25602048.0,,,,,,,
,,,,,,,212522,,,,,,,,,,,,,,,,,,,,,,,,36538.597128735,1759297920.6067095,,-0.0024426517,,,,,25604096.0,,,,,,,
,,,,,,,213070,,,,,,,,,,,,,,,,,,,,,,,,36633.660186933,1759298015.6335473,,,,,,,25671680.0,,,,,0.064245716,,
,,,,,0.12320404,,213493,,,,,,,,,,,,,,,,,,,,,,,,36698.708348238,1759298084.2045949,,,,,,,25720832.0,,,,,,,
,,,,,,,214535,,,,,,,,,,,,,,,,,,,,,,,,36884.071562628,1759298266.1775632,,,,,,,25847808.0,,1.256097,,,,,
,,,,,,,214869,,,,,,,,,,,,,,,,,5.1495442,,,,,,,36939.105300527,1759298320.8444977,,,,,,,25886720.0,,,,,,,
,,,,,,,215367,,,,0.006826693,,,,,,,,,,,,,,,,,,,,37024.163484697,1759298407.149147,,,,,,,25948160.0,,,,,,,
,,,,,,,215481,,,,,,,,,,,,,,,,,5.1759043,,,,,,,37039.173699938,1759298424.542003,,,,,,,25960448.0,,,,,,,
,,,,,,,215831,,,,,,,,,,,,,,,,,,,,,,,,37099.213209882,1759298484.6656206,,,,,,,26003456.0,,,0.0005492441,,,,
,,,,,,,216739,,,,,,,,,,,,,,,,,5.2143497,,,,,,,37254.351468982,1759298637.6287513,,,,,,,26112000.0,,,,,,,
,,,,,,,217231,,,,,,,,,,,,,,,,,,,,,,,,37339.411069568,1759298721.2898788,,-0.0022674208,,,,,26171392.0,,,,,,,
,,,,,,,218080,,,,,,,,,,,,,,,,,,,,,,,,37484.513535313,1759298865.30086,,,,,0.0001,,26273792.0,,,,,,,
,,,,,,,218960,,,,,,,,,,,,,0.0008544922,,,,,,,,,,,37634.616981062,1759299015.4813547,,,,,,,26380288.0,,,,,,,
,,,,,,,219165,,,,,,,,,,,,,,,,,,,,,0.15,,,37664.636686389,1759299049.992148,,,,,,,26404864.0,,,,,,,
,,,,,,,219261,,,,,,,,,,,,,,,,,,,,,,,,37684.724219195,1759299067.8835847,,,,,,,26417152.0,,-0.67809576,,,,,
,,,,,,,220764,,,,,,,,-24.839256,,,,,,,,,,,,,,,,37950.752283729,1759299332.9176629,,,,,,,26597376.0,,,,,,,
,,,0.0,,,,221195,,,,,,,,,,,,,,,,,,,,,,,,38025.907582773,1759299411.0397396,,,,,,,26650624.0,,,,,,,
,,,,,,,221210,,,,,,,,,,,,,,,,,5.4658422,,,,,,,38025.907938452,1759299411.0437496,,,,,,,26650624.0,,,,,,,
,,,,,,,221759,,,,-0.0053646946,,,,,,,,,,,,,,,,,,,,38125.974279284,1759299506.698296,,,,,,,26718208.0,,,,,,,
,,,,,,,221917,,,,,,,,,,,,,,,,,,,,,,,,38150.989603147,1759299532.7687519,,,,,,,26736640.0,,,0.0003969887,,,,
,,,,,,,222014,,,,0.007689926,,,,,,,,,,,,,,,,,,,,38166.001664082,1759299550.0129814,,,,,,,26748928.0,,,,,,,
,,,0.0,,,,222028,,,,,,,,,,,,,,,,,,,,,,,,38171.003101367,1759299552.9000092,,,,,,,26750976.0,,,,,,,
,,,,,,,222404,,,,,,,,,,,,,,,,,,,,,,,,38231.047168349,1759299616.1465907,0.03800347,,,,,,26796032.0,,,,,,,
,,,,,,,223225,,,,,,,,,,,,,,,,,,,,,,,701.0,38371.142503053,1759299754.6784205,,,,,,,26894336.0,,,,,,,
,,,,,,,223256,,,,,,,,,,,,,,,,,,,,,,,,38376.145398977,1759299760.4298706,,,,,,,26898432.0,,0.09299757,,,,,
,,,,,,,223264,,,0.29305118,,,,,,,,,,,,,,,,,,,,,38376.145599132,1759299760.4318044,,,,,,,26898432.0,,,,,,,
,,,,,,,223724,,,,,,,,,,,,,,,,,,,,,,,,38456.195023248,1759299838.0366817,,,,,0.0001,,26953728.0,,,,,,,
,12237.311,,,,,,224074,,,,,,,,,,,,,,,,,,,,,,,,38516.234595221,1759299898.3457222,,,,,,,26996736.0,,,,,,,
,,,,,,,224435,,,,,,,,,,,,,,,,,,,,,0.15,,,38576.276105002,1759299958.998619,,,,,,,27039744.0,,,,,,,
,,,,,,,224575,,,,,,,,,,,,,,,,,,,,,,,,38601.30020743,1759299981.9881558,,-0.0025595652,,,,,27056128.0,,,,,,,
,,,,,,,224823,,,,,,,,,,,,,,,,,,,,,,,701.0,38641.327389662,1759300025.1246932,,,,,,,27086848.0,,,,,,,
,,,,,,,224827,,,,,,,,-25.084066,,,,,,,,,,,,,,,,38641.327442354,1759300025.1248674,,,,,,,27086848.0,,,,,,,
,1837.5884,,,,,,224975,,,,,,,,,,,,,,,,,,,,,,,,38666.345886774,1759300051.048104,,,,,,,27105280.0,,,,,,,
,,,,,,,225741,,,,,,,,,,,,,,,,,,,,,,,701.0,38796.490977617,1759300181.547534,,,,,,,27197440.0,,,,,,,
,,,,,,,226224,,,,,,,,,,,,,,,,,,,,,,,,38881.547461831,1759300263.2281375,,-0.0030490232,,,,,27254784.0,,,,,,,
,,,,,,,226255,,,,,,,,-25.184725,,,,,,,,,,,,,,,,38886.552054648,1759300268.9848797,,,,,,,27258880.0,,,,,,,
,,,,,,,226613,,,0.96790224,,,,,,,,,,,,,,,,,,,,,38946.59004052,1759300329.657322,,,,,,,27301888.0,,,,,,,
,,,,,,,226782,,,,,,,,-25.208591,,,,,,,,,,,,,,,,38976.610404511,1759300358.3759549,,,,,,,27322368.0,,,,,,,
,,,,,,,227532,,,,,,,,,,,,,,,,,,,,,,,,39101.722868381,1759300485.636752,,,,,0.0001,,27412480.0,,,,,,,
,,,,,,,228287,,,,-0.00042626093,,,,,,,,,,,,,,,,,,,,39231.807033952,1759300615.533606,,,,,,,27504640.0,,,,,,,
,,,,,,,229681,,,,-0.0021325268,,,,,,,,,,,,,,,,,,,,39466.964895222,1759300852.3317788,,,,,,,27672576.0,,,,,,,
,,,,,,,230196,,,,,,,,,,,,,,,,,,,,,,,,39557.025139221,1759300938.8213186,,,,,,,27734016.0,,,0.00052888127,,,,
,,,,,,,231390,,,0.5409316,,,,,,,,,,,,,,,,,,,,,39757.158571831,1759301140.6988406,,,,,,,27877376.0,,,,,,,
,,,,,,,231750,,,,,,,,,,,,,,,,,5.9739666,,,,,,,39817.195993651,1759301201.2645175,,,,,,,27920384.0,,,,,,,
,,,,,,,231847,,,,,,,,,,,,,,,,,,,,,0.15,,,39837.207914075,1759301218.6280475,,,,,,,27932672.0,,,,,,,
,,,,,,,231967,,,,,,,,-25.550014,,,,,,,,,,,,,,,,39857.21915456,1759301238.8517857,,,,,,,27947008.0,,,,,,,
,,,,,,,232067,,,,,,,,,,,,,0.00040690103,,,,,,,,,,,39872.231362223,1759301256.1154656,,,,,,,27959296.0,,,,,,,
,,,,,,,232629,,,,,,,,,,,,,,,,,,,,,0.15,,,39967.291478993,1759301350.9592433,,,,,,,28026880.0,,,,,,,
,,,,,,,232752,,,,,,,,,,,,,,,,,,,,,,,,39987.306460667,1759301371.144054,,-0.003463068,,,,,28041216.0,,,,,,,
,,,,,,,233564,,,,,,,,,,,,,,,,,,,,,0.15,,,40127.400955928,1759301509.4999669,,,,,,,28139520.0,,,,,,,
,55062.145,,,,,,233577,,,,,,,,,,,,,,,,,,,,,,,,40127.401945544,1759301512.3839467,,,,,,,28141568.0,,,,,,,
,,,,,,,233819,,,,,,,,,,,,,,,,,,,,,0.15,,,40167.42830207,1759301552.7483795,,,,,,,28170240.0,,,,,,,
,,,,,,,234525,,,,,,,,,,,,,,,,,,,,,,,,40292.507254398,1759301673.5636754,0.2220411,,,,,,28256256.0,,,,,,,
,,,,,,,234939,,,,,,,,,,,,,,,,,,,,,,,,40357.550410956,1759301742.439043,,,,,,,28305408.0,,,0.00021292656,,,,
,,,,,,,235368,,,0.7707836,,,,,,,,,,,,,,,,,,,,,40432.603830992,1759301814.1900725,,,,,,,28356608.0,,,,,,,
,,,,,,,235427,,,,-4.0143164e-05,,,,,,,,,,,,,,,,,,,,40442.611889852,1759301825.7459185,,,,,,,28364800.0,,,,,,,
,-5450.3457,,,,,,235651,,,,,,,,,,,,,,,,,,,,,,,,40477.63636563,1759301863.1610255,,,,,,,28391424.0,,,,,,,
,,,0.0,,,,235730,,,,,,,,,,,,,,,,,,,,,,,,40492.645572239,1759301877.4445598,,,,,,,28401664.0,,,,,,,
,,,,,,,236309,,,,,,,,,,,,,,,,,,,,,,,,40592.715547411,1759301975.2535763,,,,,,,28471296.0,,,,,0.0642459,,
,,,,,,,236483,,1000.0,,,,,,,,,,,,,,,,,,,,,,40622.734327627,1759302004.0378075,,,,,,,28491776.0,,,,,,,
,,,,,,,236702,,,,-0.004529258,,,,,,,,,,,,,,,,,,,,40657.762175556,1759302041.3765833,,,,,,,28518400.0,,,,,,,
,,,,,,,236990,,,,,,,,,,,,,,,,,,,,,,,,40707.795286822,1759302090.4914775,0.43663767,,,,,,28553216.0,,,,,,,
,,,,,,,237714,,,0.687274,,,,,,,,,,,,,,,,,,,,,40827.877528696,1759302211.8572404,,,,,,,28639232.0,,,,,,,
,,,,,0.006159239,,238636,,,,,,,,,,,,,,,,,,,,,,,,40982.981094592,1759302367.37172,,,,,,,28749824.0,,,,,,,
,,,,,,,239065,,,,0.013651357,,,,,,,,,,,,,,,,,,,,41058.028842098,1759302442.6052904,,,,,,,28803072.0,,,,,,,
,,,,,,,239803,,,,,,,,,,,,,,,,,,,,,0.15,,,41183.110698072,1759302566.8421478,,,,,,,28891136.0,,,,,,,
,,,,,,,240046,,,,,,,,,,,,,,,,,6.436594,,,,,,,41223.134521651,1759302607.4740684,,,,,,,28919808.0,,,,,,,
,,,,,,,241206,,,,,,,,,,,,,,,,,,,,,,,,41423.272821663,1759302806.4477136,0.04586276,,,,,,29061120.0,,,,,,,
,,,,,,,241504,,,,,,,,-26.208858,,,,,,,,,,,,,,,,41473.302763659,1759302855.331223,,,,,,,29095936.0,,,,,,,
,,,,,,,241656,,,,,,,,,,,,,,,,,,,,,0.15,,,41498.32015926,1759302881.2179415,,,,,,,29114368.0,,,,,,,
,,,,,,,242268,,,,,,,,,,,,,,,,,,,,,0.15,,,41603.388727252,1759302984.9910772,,,,,,,29188096.0,,,,,,,
,,,,,,,242718,,,,,,,,,,,,,,,,,,,,,,,,41678.439570608,1759303062.8519776,,,,,,,29243392.0,,,,,0.06426702,,
,14863.994,,,,,,244491,,,,,,,,,,,,,,,,,,,,,,,,41978.644059094,1759303362.7794936,,,,,,,29456384.0,,,,,,,
,,,,,,,244575,,1000.0,,,,,,,,,,,,,,,,,,,,,,41993.652568047,1759303377.1228476,,,,,,,29466624.0,,,,,,,
,,,,,,,245578,,1000.0,,,,,,,,,,,,,,,,,,,,,,42163.781581656,1759303547.1652186,,,,,,,29587456.0,,,,,,,
,,,,,,,245612,,1000.0,,,,,,,,,,,,,,,,,,,,,,42168.78742881,1759303552.87589,,,,,,,29591552.0,,,,,,,
,,,,,,,247212,,,,,,,,,,,,,,,,,,,,,,,702.0,42438.975397148,1759303823.8409765,,,,,,,29784064.0,,,,,,,
,,,,,,,247244,,1000.0,,,,,,,,,,,,,,,,,,,,,,42443.977813155,1759303829.5520983,,,,,,,29788160.0,,,,,,,
,,,,,0.18786003,,247255,,,,,,,,,,,,,,,,,,,,,,,,42443.977999617,1759303829.5568829,,,,,,,29788160.0,,,,,,,
,,,,,,,247334,,,,,,,,,,,,,,,,,,,,,0.15,,,42458.987991048,1759303843.9923148,,,,,,,29798400.0,,,,,,,
,,,,,,,248204,,,,,,,,,,,,,,,,,,,,,,,,42609.086687293,1759303990.99098,,,,,0.0001,,29902848.0,,,,,,,
,,,,,,,248950,,,,,,,,-26.69348,,,,,,,,,,,,,,,,42734.168648446,1759304118.5595658,,,,,,,29992960.0,,,,,,,
