parameters/log_std,parameters/mlp_extractor.value_net.2.bias,robot/x_position,gradients/mlp_extractor.policy_net.0.weight,gradients/value_net.weight,gradients/mlp_extractor.policy_net.2.weight,parameters/mlp_extractor.value_net.0.weight,train/std,gradients/action_net.weight,_step,global_step,train/entropy_loss,parameters/mlp_extractor.policy_net.2.bias,parameters/value_net.bias,curriculum/current_phase,gradients/action_net.bias,train/clip_range,train/learning_rate,train/value_loss,parameters/value_net.weight,gradients/mlp_extractor.value_net.2.bias,parameters/mlp_extractor.policy_net.2.weight,gradients/mlp_extractor.value_net.2.weight,gradients/mlp_extractor.value_net.0.weight,gradients/mlp_extractor.policy_net.0.bias,_runtime,robot/height,train/clip_fraction,parameters/mlp_extractor.value_net.0.bias,parameters/mlp_extractor.policy_net.0.bias,rollout/ep_rew_mean,robot/total_distance,parameters/mlp_extractor.value_net.2.weight,parameters/action_net.bias,parameters/mlp_extractor.policy_net.0.weight,gradients/mlp_extractor.policy_net.2.bias,time/fps,robot/velocity_ms,train/explained_variance,gradients/mlp_extractor.value_net.0.bias,train/approx_kl,rollout/ep_len_mean,_timestamp,gradients/value_net.bias,train/loss,gradients/log_std,parameters/action_net.weight,train/policy_gradient_loss
,,,,,,,,,504,59392.0,,,,,,0.15,,,,,,,,,94.408834826,,,,,,,,,,,,,,,,,1758557266.507874,,,,,
,,,,,,,,,689,79872.0,,,,,,,,,,,,,,,119.428022396,,,,,,,,,,,,,,,,,1758557295.67465,,,,,-0.0031006457
,,,,,,,,,788,92160.0,,,,,,,,,,,,,,,139.444033275,,,,,-24429.953,,,,,,,,,,,,1758557313.0805848,,,,,
,,,,,,,,,980,114688.0,,,,0.0,,,,,,,,,,,169.46798837,,,,,,,,,,,,,,,,,1758557344.8732498,,,,,
,,,,,,,,,2225,256000.0,,,,,,,,,,,,,,,369.61558536,,,,,,,,,,,,-38.269756,,,,,1758557544.8574948,,,,,
,,,,,,,,,2610,299008.0,,,,,,0.15,,,,,,,,,429.66388916,,,,,,,,,,,,,,,,,1758557605.580273,,,,,
,,,,,,,,,2648,303104.0,,,,,,,,,,,,,,,434.668808394,,,,,,,,,,,,,0.6745542,,,,1758557611.3395898,,,,,
,,,,,,,,,5518,630784.0,,,,,,,,,,,,,,,900.021366531,,,,,,4.2596865,,,,,,,,,,,1758558075.1948967,,,,,
,,,,,,,,,5864,669696.0,,,,,,,,,,,,,,,955.059181353,,,,,84204.11,,,,,,,,,,,,1758558130.2964594,,,,,
,,,,,,,,,7093,808960.0,-11.3984375,,,,,,,,,,,,,,1155.208263615,,,,,,,,,,,,,,,,,1758558328.0011194,,,,,
,,,,,,,,,7328,835584.0,,,,,,,,,,,,,,,1190.234023451,,,,,,,,,,,,,0.6936278,,,,1758558365.9290628,,,,,
,,,,,,,,,8182,933888.0,,,,,,,,,,,,,,,1330.336282506,,,,,,6.1721506,,,,,,,,,,,1758558505.859007,,,,,
,,,,,,,,,8501,968704.0,,,,,,,,,,,,,,,1382.791315887,,,,,,,,,,,,,,,,,1758558555.4608366,,,,,-0.005858022
,,,,,,,,,9653,1099776.0,,,,,,,,,,,,,,,1567.925410546,,,,,,,,,,,,,,,,,1758558741.7448525,,,,,-0.0059556128
,,,,,,,1.0054846,,10266,1169408.0,,,,,,,,,,,,,,,1668.005140057,,,,,,,,,,,,,,,,,1758558840.7525246,,,,,
,,,,,,,,,10627,1210368.0,,,,,,,,0.04394774,,,,,,,1723.04645967,,,,,,,,,,,,,,,,,1758558899.1255765,,,,,
,,,,,,,,,11216,1277952.0,,,,,,,,,,,,,,,1823.120359889,,,,,,,,,,,,,0.99501574,,,,1758558995.26342,,,,,
,,,,,,,,,11251,1282048.0,-11.409462,,,,,,,,,,,,,,1828.124096144,,,,,,,,,,,,,,,,,1758559001.18142,,,,,
,,,,,,,,,12607,1435648.0,,,,,,,,0.07139549,,,,,,,2064.200422761,,,,,,,,,,,,,,,,,1758559219.5540776,,,,,
,,,,,,,,,13284,1513472.0,,,,,,0.15,,,,,,,,,2158.190145653,,,,,,,,,,,,,,,,,1758559330.3953068,,,,,
,,,,,,,,,13591,1548288.0,-11.405956,,,,,,,,,,,,,,2206.567516445,,,,,,,,,,,,,,,,,1758559379.7921786,,,,,
,,,,,,,,,15657,1783808.0,,,,,,,,,,,,,,,2540.834979636,,,,,,,,,,,703.0,,,,,,1758559715.1657789,,,,,
,,,,,,,,,15724,1792000.0,,,,,,,,,,,,,,,2550.843747116,,,,,,0.0,,,,,,,,,,,1758559726.8257542,,,,,
,,,,,,,,,16282,1855488.0,,,,,,,,,,,,,,,2640.913814992,,,,,,3.9557092,,,,,,,,,,,1758559816.959402,,,,,
,,,,,,,,,18433,2099200.0,-11.415432,,,,,,,,,,,,,,2991.189585802,,,,,,,,,,,,,,,,,1758560164.0244656,,,,,
,,,,,,,,,18758,2136064.0,,,,,,,,,,,,,,,3041.229293743,,,,,,,,,,,,,0.826174,,,,1758560216.4899013,,,,,
,,,,,,,,,19635,2236416.0,,,,,,,,,,,,,,,3186.346004306,,,,,,,,,,,703.0,,,,,,1758560359.3078,,,,,
,,,,,,,,,20920,2381824.0,,,,,,,,,,,,,,,3391.504010689,,,,,,,,,,,,,,,,,1758560565.733155,,-0.07115071,,,
,,,,,,,,,21137,2406400.0,,,,,,,,,,,,,,,3426.530828421,,,,,,,,,,,,,,,,,1758560600.5543203,,,,,-0.007058879
"{'packedBins': {'min': -0.060544200241565704, 'size': 0.002777102869004011, 'count': 64}, '_type': 'histogram', 'values': [1, 0, 0, 0, 0, 0, 1, 0, 0, 0, 1, 0, 1, 0, 0, 0, 0, 0, 0, 1, 0, 0, 0, 0, 0, 0, 1, 0, 0, 0, 0, 0, 0, 0, 0, 0, 0, 0, 0, 0, 0, 0, 0, 0, 0, 1, 0, 0, 0, 0, 0, 0, 0, 0, 0, 0, 0, 0, 0, 0, 0, 0, 0, 1]}","{'_type': 'histogram', 'values': [2, 3, 1, 1, 0, 0, 0, 5, 5, 6, 3, 7, 0, 6, 4, 4, 4, 4, 1, 5, 0, 0, 1, 1, 1, 2, 0, 1, 0, 0, 0, 0, 1, 0, 0, 0, 0, 0, 3, 3, 2, 1, 3, 5, 4, 6, 2, 4, 8, 1, 1, 3, 1, 1, 2, 2, 2, 1, 2, 0, 1, 1, 0, 1], 'packedBins': {'min': -0.16937287151813507, 'size': 0.00570674822665751, 'count': 64}}",,,,,"{'values': [1, 0, 0, 0, 0, 0, 0, 0, 1, 1, 0, 0, 3, 1, 5, 6, 6, 4, 10, 10, 19, 27, 23, 38, 34, 59, 66, 76, 109, 125, 138, 171, 180, 196, 216, 205, 279, 225, 217, 200, 163, 172, 146, 128, 107, 81, 59, 44, 45, 29, 28, 18, 13, 5, 10, 1, 4, 2, 0, 0, 2, 3, 0, 1], 'packedBins': {'min': -0.6448101997375488, 'size': 0.017788738943636417, 'count': 64}, '_type': 'histogram'}",,,21500,2449408.0,,"{'values': [2, 0, 1, 1, 0, 3, 1, 2, 2, 1, 1, 1, 1, 2, 4, 3, 2, 4, 3, 1, 1, 5, 2, 2, 0, 5, 2, 2, 4, 1, 1, 5, 6, 3, 2, 8, 3, 2, 2, 4, 6, 2, 2, 3, 4, 4, 1, 2, 1, 1, 1, 0, 1, 3, 0, 0, 0, 0, 0, 0, 0, 0, 0, 2], 'packedBins': {'min': -0.12875382602214813, 'size': 0.0044100305531173944, 'count': 64}, '_type': 'histogram'}","{'bins': [0.11579684168100357, 0.11579684168100357], '_type': 'histogram', 'values': [1]}",0.0,,,,,"{'_type': 'histogram', 'values': [2, 0, 0, 1, 0, 0, 0, 0, 3, 0, 1, 2, 1, 1, 4, 4, 2, 3, 5, 3, 8, 6, 10, 5, 1, 5, 0, 0, 4, 5, 3, 4, 6, 6, 5, 6, 4, 3, 1, 2, 2, 4, 2, 2, 0, 0, 0, 0, 0, 0, 0, 1, 0, 0, 0, 0, 0, 0, 0, 0, 0, 0, 0, 1], 'packedBins': {'min': -0.2847351133823395, 'size': 0.01065668836236, 'count': 64}}",,"{'_type': 'histogram', 'values': [2, 0, 1, 2, 5, 3, 4, 8, 16, 12, 18, 31, 36, 51, 67, 84, 120, 127, 154, 202, 221, 284, 339, 366, 450, 482, 558, 549, 652, 601, 702, 626, 747, 685, 754, 716, 707, 674, 630, 585, 570, 483, 451, 423, 365, 352, 266, 241, 202, 144, 117, 119, 86, 75, 57, 55, 31, 20, 20, 11, 13, 6, 3, 3], 'packedBins': {'min': -0.5266029238700867, 'size': 0.015437416266649961, 'count': 64}}",,,,3486.574613877,,,"{'_type': 'histogram', 'values': [1, 1, 1, 1, 1, 0, 0, 1, 1, 1, 3, 2, 4, 1, 0, 1, 1, 2, 1, 2, 0, 4, 3, 1, 1, 4, 4, 3, 1, 3, 5, 6, 7, 1, 1, 2, 6, 5, 4, 2, 3, 5, 6, 2, 3, 3, 1, 2, 2, 1, 0, 0, 0, 0, 2, 0, 2, 1, 2, 1, 1, 1, 1, 1], 'packedBins': {'count': 64, 'min': -0.35793641209602356, 'size': 0.01086122216656804}}","{'values': [1, 0, 0, 0, 0, 0, 0, 1, 1, 0, 1, 0, 0, 3, 0, 5, 2, 5, 1, 2, 2, 4, 2, 3, 4, 2, 4, 0, 3, 3, 4, 1, 2, 2, 1, 2, 5, 3, 3, 3, 2, 3, 1, 1, 3, 4, 2, 2, 4, 1, 4, 3, 2, 0, 3, 1, 1, 2, 4, 1, 2, 2, 0, 5], 'packedBins': {'size': 0.0038842407520860434, 'count': 64, 'min': -0.13766023516654968}, '_type': 'histogram'}",,,"{'_type': 'histogram', 'values': [1, 0, 0, 2, 0, 1, 1, 0, 2, 0, 4, 3, 9, 12, 25, 33, 38, 62, 65, 90, 127, 168, 199, 281, 372, 380, 430, 506, 562, 686, 715, 749, 820, 862, 872, 878, 822, 799, 807, 764, 651, 608, 522, 513, 398, 391, 279, 231, 163, 135, 108, 78, 49, 32, 27, 17, 14, 4, 3, 7, 1, 3, 1, 2], 'packedBins': {'min': -0.6177880764007568, 'size': 0.017624356783926487, 'count': 64}}","{'_type': 'histogram', 'values': [1, 0, 0, 0, 0, 0, 0, 0, 0, 0, 0, 0, 0, 0, 0, 0, 0, 1, 0, 1, 0, 0, 0, 0, 0, 0, 0, 0, 0, 1, 0, 0, 0, 1, 0, 0, 0, 0, 0, 0, 0, 0, 0, 0, 0, 0, 1, 0, 0, 0, 1, 0, 0, 0, 0, 0, 0, 0, 0, 0, 0, 0, 0, 1], 'packedBins': {'size': 0.003489074297249317, 'count': 64, 'min': -0.08696934580802917}}","{'_type': 'histogram', 'values': [1, 2, 0, 6, 4, 2, 5, 3, 11, 4, 10, 8, 22, 27, 26, 42, 54, 61, 64, 85, 72, 105, 107, 133, 141, 145, 156, 163, 149, 157, 182, 151, 174, 166, 127, 148, 149, 116, 128, 98, 69, 82, 53, 56, 50, 46, 25, 38, 18, 21, 18, 9, 5, 5, 2, 1, 2, 3, 0, 2, 0, 2, 0, 1], 'packedBins': {'min': -0.4742569625377655, 'size': 0.01546041900292039, 'count': 64}}",,,,,,,,1758560661.463951,,,,"{'packedBins': {'min': -0.2128320187330246, 'size': 0.006427744869142771, 'count': 64}, '_type': 'histogram', 'values': [2, 0, 0, 2, 1, 0, 1, 1, 2, 4, 4, 3, 7, 15, 9, 17, 8, 14, 14, 16, 15, 24, 19, 21, 26, 32, 39, 32, 36, 41, 35, 30, 34, 40, 49, 34, 41, 24, 31, 26, 26, 26, 26, 28, 23, 22, 17, 20, 19, 12, 7, 7, 5, 12, 6, 5, 5, 5, 2, 1, 0, 0, 0, 1]}",
,,,,,,,,,21801,2482176.0,,,,,,,0.0001,,,,,,,,3531.610496333,,,,,,,,,,,,,,,,,1758560708.0571778,,,,,
,,,,,,,,,22135,2521088.0,,,,,,,,,,,,,,,3586.654579502,,,,,,,,,,,,,,,,1000.0,1758560763.247541,,,,,
,,,,,,,,,22140,2521088.0,,,,,,0.15,,,,,,,,,3586.654701116,,,,,,,,,,,,,,,,,1758560763.247599,,,,,
,,,,,,,,,23310,2654208.0,,,,,,0.15,,,,,,,,,3776.807613422,,,,,,,,,,,,,,,,,1758560951.6891112,,,,,
,,,,,,,,,23776,2707456.0,,,,,,,,,,,,,,,3851.861761885,,,,,,,,,,,,,,,0.0049861353,,1758561026.7967625,,,,,
,,,,,,,,,24087,2742272.0,,,,,,,0.0001,,,,,,,,3901.900050487,,,,,,,,,,,,,,,,,1758561075.9575427,,,,,
,,,,,,,,,26721,3043328.0,,,,,,,,,,,,,,,4332.215972275,0.064248264,,,,,,,,,,,,,,,,1758561504.537886,,,,,
,,,,,,,,,27020,3076096.0,,,,,,,,,,,,,,,4377.251923279,,,,,,,,,,,,,0.98590344,,,,1758561551.231161,,,,,
"{'packedBins': {'min': -0.04530045762658119, 'size': 0.0030918485135771334, 'count': 64}, '_type': 'histogram', 'values': [1, 1, 1, 0, 0, 0, 0, 0, 0, 0, 0, 0, 0, 0, 0, 0, 0, 1, 0, 1, 0, 0, 0, 0, 0, 0, 0, 0, 0, 0, 0, 0, 0, 0, 0, 0, 2, 0, 0, 0, 0, 0, 0, 0, 0, 0, 0, 0, 0, 0, 0, 0, 0, 0, 0, 0, 0, 0, 0, 0, 0, 0, 0, 1]}","{'_type': 'histogram', 'values': [3, 0, 2, 1, 1, 1, 0, 2, 2, 4, 8, 2, 1, 4, 5, 7, 5, 3, 4, 3, 1, 3, 0, 1, 1, 0, 3, 0, 0, 0, 1, 0, 0, 0, 0, 0, 0, 1, 2, 4, 5, 4, 1, 6, 2, 2, 8, 3, 3, 3, 2, 1, 1, 0, 3, 1, 3, 1, 1, 1, 0, 1, 0, 1], 'packedBins': {'min': -0.18953052163124084, 'size': 0.006283950759097934, 'count': 64}}",,,,,"{'_type': 'histogram', 'values': [1, 0, 0, 0, 0, 0, 0, 0, 1, 0, 0, 1, 1, 2, 1, 2, 4, 10, 7, 10, 7, 17, 19, 26, 29, 40, 61, 66, 92, 111, 159, 141, 192, 197, 258, 232, 271, 283, 225, 212, 197, 186, 136, 126, 112, 73, 42, 45, 30, 22, 19, 11, 14, 6, 1, 4, 3, 1, 0, 1, 1, 2, 1, 1], 'packedBins': {'count': 64, 'min': -0.7175950407981873, 'size': 0.019700894132256508}}",,,27314,3110912.0,,"{'packedBins': {'min': -0.13980528712272644, 'size': 0.004579832311719656, 'count': 64}, '_type': 'histogram', 'values': [1, 0, 0, 1, 0, 1, 1, 2, 0, 1, 3, 2, 2, 1, 0, 3, 1, 1, 7, 4, 4, 1, 1, 3, 5, 3, 4, 1, 0, 4, 2, 4, 3, 3, 6, 4, 4, 4, 4, 4, 3, 4, 5, 6, 1, 0, 1, 3, 2, 2, 0, 1, 1, 1, 1, 0, 0, 0, 0, 0, 0, 0, 0, 2]}","{'_type': 'histogram', 'values': [1], 'bins': [0.12209215015172958, 0.12209215015172958]}",0.0,,,,,"{'_type': 'histogram', 'values': [2, 0, 0, 1, 0, 0, 0, 1, 1, 1, 1, 0, 1, 3, 2, 2, 4, 4, 2, 4, 6, 7, 11, 6, 1, 3, 4, 2, 4, 1, 3, 8, 7, 5, 6, 3, 7, 0, 1, 3, 6, 0, 2, 0, 1, 0, 0, 0, 0, 1, 0, 0, 0, 0, 0, 0, 0, 0, 0, 0, 0, 0, 0, 1], 'packedBins': {'count': 64, 'min': -0.285192608833313, 'size': 0.010601680260151625}}",,"{'_type': 'histogram', 'values': [2, 1, 1, 3, 2, 6, 5, 8, 16, 14, 27, 33, 45, 64, 66, 103, 124, 146, 189, 210, 244, 317, 346, 418, 459, 510, 613, 616, 611, 666, 663, 670, 748, 701, 722, 746, 714, 667, 609, 526, 536, 471, 446, 396, 345, 275, 250, 215, 162, 130, 119, 99, 76, 63, 50, 32, 24, 19, 22, 9, 3, 7, 3, 1], 'packedBins': {'count': 64, 'min': -0.527987003326416, 'size': 0.015763678587973118}}",,,,4427.284445713,,,"{'_type': 'histogram', 'values': [1, 0, 0, 1, 1, 2, 0, 0, 0, 3, 2, 3, 2, 0, 4, 1, 0, 2, 1, 2, 0, 1, 3, 2, 3, 5, 0, 3, 4, 5, 4, 7, 3, 2, 2, 6, 1, 4, 1, 6, 6, 6, 1, 1, 2, 6, 2, 0, 1, 1, 2, 1, 1, 0, 2, 0, 0, 2, 3, 1, 1, 1, 0, 1], 'packedBins': {'count': 64, 'min': -0.3801940381526947, 'size': 0.011437948793172836}}","{'values': [1, 0, 0, 0, 0, 0, 0, 0, 3, 0, 3, 0, 2, 1, 5, 4, 3, 3, 3, 2, 2, 3, 4, 2, 2, 4, 2, 4, 3, 1, 5, 1, 1, 2, 6, 4, 4, 1, 0, 1, 4, 4, 6, 1, 3, 3, 0, 3, 4, 2, 1, 2, 2, 2, 0, 3, 1, 2, 2, 0, 0, 0, 0, 1], 'packedBins': {'count': 64, 'min': -0.1289384365081787, 'size': 0.004074090160429478}, '_type': 'histogram'}",,,"{'_type': 'histogram', 'values': [1, 0, 1, 1, 1, 0, 1, 0, 4, 2, 2, 8, 9, 24, 36, 42, 49, 63, 86, 135, 167, 191, 260, 354, 405, 429, 510, 562, 669, 694, 777, 829, 853, 879, 896, 860, 815, 773, 748, 691, 625, 538, 500, 403, 360, 284, 217, 178, 138, 96, 62, 47, 32, 25, 18, 14, 3, 6, 3, 2, 4, 0, 0, 2], 'packedBins': {'min': -0.6099632382392883, 'size': 0.017909932881593704, 'count': 64}}","{'_type': 'histogram', 'values': [1, 0, 0, 0, 0, 0, 0, 0, 0, 0, 0, 0, 0, 0, 0, 0, 1, 0, 0, 0, 1, 0, 0, 0, 0, 0, 1, 0, 0, 0, 0, 0, 1, 0, 0, 0, 0, 0, 0, 0, 0, 0, 0, 0, 0, 0, 0, 0, 0, 1, 0, 1, 0, 0, 0, 0, 0, 0, 0, 0, 0, 0, 0, 1], 'packedBins': {'size': 0.0032482275273650885, 'count': 64, 'min': -0.08103975653648376}}","{'_type': 'histogram', 'values': [3, 4, 2, 2, 3, 3, 8, 8, 7, 11, 10, 12, 23, 31, 34, 42, 67, 67, 86, 69, 93, 100, 120, 138, 123, 164, 156, 155, 135, 178, 173, 161, 163, 138, 145, 143, 129, 120, 117, 83, 91, 60, 51, 58, 46, 34, 27, 33, 23, 23, 7, 11, 6, 2, 2, 4, 3, 0, 1, 1, 0, 0, 1, 2], 'packedBins': {'min': -0.46471884846687317, 'size': 0.015408562030643225, 'count': 64}}",,,,,,,,1758561600.7765052,,,,"{'packedBins': {'min': -0.24879877269268036, 'size': 0.007128438912332058, 'count': 64}, '_type': 'histogram', 'values': [2, 0, 0, 0, 2, 0, 0, 1, 0, 5, 2, 4, 3, 5, 11, 8, 14, 8, 13, 19, 15, 16, 14, 18, 16, 25, 28, 40, 33, 36, 37, 43, 26, 30, 51, 35, 49, 37, 30, 30, 34, 22, 24, 23, 27, 21, 30, 20, 28, 20, 13, 4, 5, 8, 7, 8, 6, 4, 4, 4, 3, 1, 1, 1]}",
,,,,,,,,,28854,3284992.0,,,,,,0.15,,,,,,,,,4677.47625634,,,,,,,,,,,,,,,,,1758561849.685061,,,,,
,,,,,,,,,29871,3401728.0,,,,,,,,,,,,,,,4842.608045842,0.06424343,,,,,,,,,,,,,,,,1758562016.6968732,,,,,
,,,,,,,,,31371,3571712.0,,,,,,,,,,,,,,,5082.791186478,,,,,,,,,,,703.0,,,,,,1758562259.3031075,,,,,
,,,,,,,,,33778,3846144.0,,,,,,,,,,,,,,,5478.082062053,,,,,,0.25381595,,,,,,,,,,,1758562651.4586875,,,,,
,,,,,,,,,34108,3883008.0,,,,,,,,,,,,,,,5528.120746333,,,,,,,,,,,,,,,0.006565444,,1758562704.173265,,,,,
,,,,,,,,,34371,3913728.0,,,,,,,,,,,,,,,5573.150438169,0.06424728,,,,,,,,,,,,,,,,1758562748.385158,,,,,
,,,,,,,,,35063,3991552.0,,,,,,,,,,,,,,,5683.23681806,,0.014567058,,,,,,,,,,,,,,,1758562859.7755516,,,,,
,,,,,,,,,36112,4110336.0,,,,,,,,,,,,,,,5853.359584852,,,,,,,,,,,,,,,,,1758563028.7252672,,-0.065680996,,,
,,,,,,,1.1318173,,37428,4259840.0,,,,,,,,,,,,,,,6068.529486403,,,,,,,,,,,,,,,,,1758563241.3315828,,,,,
,,,,,,,,,37853,4308992.0,,,,,,,,,,,,,,,6138.586717204,,0.06131999,,,,,,,,,,,,,,,1758563311.815609,,,,,
,,,,,,,,,40042,4558848.0,,,,,,,,,,,,,,,6493.859300143,,,,,,7.40727,,,,,,,,,,,1758563669.087157,,,,,
,,,,,,,,,41000,4667392.0,,,,,,,,,,,,,,,6648.973060882,,,,,17476.78,,,,,,,,,,,,1758563823.5775824,,,,,
,,,,,,,,,41068,4675584.0,,,,,,,,,,,,,,,6658.981644505,,,,,,4.4780626,,,,,,,,,,,1758563835.2200124,,,,,
,,,,,,,,,41164,4685824.0,,,,,,,,,,,,,,,6673.992957428,,,,,,,,,,,,,,,0.0059479983,,1758563849.7491775,,,,,
"{'packedBins': {'size': 0.004862223312784408, 'count': 64, 'min': 0.00010439583275001496}, '_type': 'histogram', 'values': [1, 0, 0, 0, 0, 0, 0, 0, 0, 0, 0, 0, 1, 0, 0, 0, 0, 1, 0, 0, 1, 0, 0, 0, 0, 0, 0, 0, 0, 0, 0, 0, 0, 0, 0, 0, 1, 0, 0, 0, 0, 1, 0, 0, 0, 0, 0, 1, 0, 0, 0, 0, 0, 0, 0, 0, 0, 0, 0, 0, 0, 0, 0, 1]}","{'packedBins': {'min': -0.23244856297969818, 'size': 0.007309659151360393, 'count': 64}, '_type': 'histogram', 'values': [1, 1, 3, 0, 2, 1, 1, 0, 1, 2, 0, 1, 2, 7, 3, 1, 4, 5, 3, 3, 2, 6, 2, 3, 4, 1, 1, 2, 1, 1, 2, 1, 3, 2, 2, 0, 3, 1, 4, 5, 4, 0, 3, 2, 1, 1, 5, 2, 5, 1, 2, 3, 2, 1, 1, 0, 3, 0, 2, 1, 1, 0, 0, 1]}",,,,,"{'_type': 'histogram', 'values': [1, 0, 0, 0, 0, 0, 0, 0, 0, 1, 0, 1, 1, 1, 0, 2, 5, 5, 5, 6, 9, 11, 9, 11, 22, 34, 46, 55, 78, 100, 138, 154, 180, 228, 249, 307, 290, 303, 297, 219, 192, 192, 155, 118, 77, 58, 33, 42, 16, 17, 11, 6, 5, 5, 5, 2, 2, 1, 0, 3, 1, 0, 0, 3], 'packedBins': {'min': -0.8207128643989563, 'size': 0.022476723417639732, 'count': 64}}",,,41174,4687872.0,,"{'values': [2, 0, 0, 0, 0, 0, 1, 3, 3, 1, 0, 1, 3, 1, 1, 4, 0, 1, 5, 3, 1, 2, 5, 1, 5, 2, 3, 2, 3, 4, 4, 3, 5, 5, 4, 3, 5, 1, 4, 4, 7, 4, 3, 2, 3, 2, 1, 3, 3, 1, 0, 1, 1, 0, 0, 0, 0, 0, 0, 0, 0, 0, 1, 1], 'packedBins': {'min': -0.15250076353549957, 'size': 0.005021102260798216, 'count': 64}, '_type': 'histogram'}","{'values': [1], 'bins': [0.12777698040008545, 0.12777698040008545], '_type': 'histogram'}",0.0,,,,,"{'_type': 'histogram', 'values': [1, 0, 1, 0, 0, 0, 2, 1, 0, 0, 0, 2, 2, 1, 2, 1, 1, 2, 5, 4, 7, 4, 7, 9, 4, 6, 2, 4, 3, 5, 1, 11, 6, 7, 6, 0, 4, 3, 5, 2, 1, 0, 3, 0, 0, 0, 0, 1, 0, 1, 0, 0, 0, 0, 0, 0, 0, 0, 0, 0, 0, 0, 0, 1], 'packedBins': {'min': -0.2766317129135132, 'size': 0.010170676279813051, 'count': 64}}",,"{'packedBins': {'min': -0.5555466413497925, 'size': 0.016682865098118782, 'count': 64}, '_type': 'histogram', 'values': [1, 0, 2, 1, 3, 5, 3, 5, 11, 9, 27, 24, 40, 55, 68, 93, 108, 148, 175, 200, 257, 288, 378, 428, 486, 531, 572, 627, 667, 688, 676, 754, 719, 763, 762, 765, 707, 700, 597, 547, 521, 473, 414, 403, 313, 267, 221, 183, 169, 109, 93, 87, 65, 47, 44, 23, 20, 19, 9, 6, 5, 2, 0, 1]}",,,,6678.994861526,,,"{'_type': 'histogram', 'values': [1, 0, 1, 0, 0, 1, 0, 2, 1, 2, 2, 1, 2, 4, 1, 1, 2, 3, 0, 2, 3, 1, 4, 4, 3, 2, 0, 4, 5, 2, 0, 5, 1, 8, 5, 3, 2, 4, 2, 4, 1, 1, 2, 4, 4, 1, 4, 1, 1, 1, 0, 2, 3, 2, 4, 2, 3, 2, 0, 0, 1, 0, 0, 1], 'packedBins': {'min': -0.4001375138759613, 'size': 0.011960641946643591, 'count': 64}}","{'_type': 'histogram', 'values': [1, 0, 0, 0, 0, 1, 0, 1, 1, 1, 0, 1, 2, 2, 2, 6, 2, 3, 3, 4, 4, 3, 2, 3, 1, 2, 3, 3, 6, 2, 5, 4, 9, 4, 4, 3, 2, 3, 3, 1, 8, 2, 3, 0, 1, 4, 2, 0, 3, 1, 1, 1, 0, 0, 3, 1, 0, 0, 0, 0, 0, 0, 0, 1], 'packedBins': {'size': 0.004966526525095105, 'count': 64, 'min': -0.1458434760570526}}",,,"{'_type': 'histogram', 'values': [1, 0, 0, 2, 0, 0, 1, 1, 0, 4, 6, 8, 7, 19, 27, 34, 50, 64, 79, 120, 167, 206, 259, 336, 404, 420, 515, 557, 653, 733, 806, 807, 908, 862, 910, 827, 836, 846, 762, 647, 597, 625, 456, 413, 326, 266, 227, 166, 133, 89, 65, 41, 31, 20, 15, 11, 2, 4, 5, 3, 2, 2, 0, 1], 'packedBins': {'min': -0.629122793674469, 'size': 0.01847858726978302, 'count': 64}}","{'_type': 'histogram', 'values': [1, 0, 0, 0, 0, 0, 0, 0, 0, 0, 1, 0, 0, 0, 0, 0, 0, 0, 0, 0, 0, 0, 0, 0, 0, 1, 0, 0, 0, 1, 0, 0, 0, 0, 0, 1, 0, 0, 0, 0, 0, 0, 0, 0, 0, 0, 0, 0, 0, 2, 0, 0, 0, 0, 0, 0, 0, 0, 0, 0, 0, 0, 0, 1], 'packedBins': {'size': 0.0036384875420480967, 'count': 64, 'min': -0.09228357672691345}}","{'_type': 'histogram', 'values': [4, 0, 5, 0, 5, 3, 5, 3, 8, 9, 9, 12, 20, 28, 32, 42, 46, 65, 66, 88, 68, 88, 102, 132, 143, 135, 145, 147, 156, 172, 141, 179, 181, 150, 150, 143, 116, 131, 128, 99, 96, 65, 67, 60, 55, 39, 31, 32, 34, 19, 8, 16, 11, 6, 6, 1, 1, 1, 4, 1, 0, 1, 0, 2], 'packedBins': {'size': 0.015564399771392345, 'count': 64, 'min': -0.4809831380844116}}",,,,,,,,1758563852.6741564,,,,"{'packedBins': {'count': 64, 'min': -0.31231993436813354, 'size': 0.008352683624252677}, '_type': 'histogram', 'values': [1, 0, 1, 0, 1, 0, 0, 1, 0, 0, 0, 3, 2, 2, 2, 6, 5, 4, 10, 9, 6, 13, 18, 16, 24, 16, 17, 24, 22, 29, 31, 27, 51, 41, 41, 37, 56, 43, 42, 31, 42, 34, 34, 22, 24, 22, 23, 27, 23, 26, 18, 16, 19, 11, 6, 9, 8, 6, 8, 3, 1, 4, 3, 3]}",
,,0.61608356,,,,,,,41448,4718592.0,,,,,,,,,,,,,,,6719.025613542,,,,,,,,,,,,,,,,,1758563896.0244823,,,,,
,,,,,,,,,42352,4820992.0,,,,,,,,,,,,,,,6869.133843401,,,,,,,,,,,,,,,0.0067414464,,1758564042.060756,,,,,
,,,,,,,,,42783,4870144.0,,,,,,,,,,,,,,,6939.185504921,,,,,,,,,,,702.0,,,,,,1758564112.1494565,,,,,
,,-0.18889537,,,,,,,43194,4917248.0,,,,,,,,,,,,,,,7004.232218325,,,,,,,,,,,,,,,,,1758564179.8159173,,,,,
,,0.006475898,,,,,,,43500,4952064.0,,,,,,,,,,,,,,,7054.272214064,,,,,,,,,,,,,,,,,1758564229.8954391,,,,,
,,,,,,,,,45669,5197824.0,,,,,,,0.0001,,,,,,,,7404.527160789,,,,,,,,,,,,,,,,,1758564580.7866924,,,,,
,,,,,,,,,46161,5255168.0,,,,,,,,,,,,,,,7489.588886907,0.06426262,,,,,,,,,,,,,,,,1758564663.4944875,,,,,
,,,,,,,,,46929,5341184.0,,,,,,,0.0001,,,,,,,,7614.676801806,,,,,,,,,,,,,,,,,1758564786.9909635,,,,,
,,,,,,,,,47470,5402624.0,,,,,,,,,,,,,,,7699.733765409,,,,,,,,,,,,,,,,,1758564875.2982626,,-0.0812704,,,
,,0.012372762,,,,,,,47820,5443584.0,,,,,,,,,,,,,,,7759.779680754,,,,,,,,,,,,,,,,,1758564934.032714,,,,,
,,,,,,,,,48554,5527552.0,,,,0.0,,,,,,,,,,,7879.868368783,,,,,,,,,,,,,,,,,1758565054.7949553,,,,,
,,,,,,,,,48616,5533696.0,,,,,,,,,,,,,,,7889.875973423,,,,,,,,,,,,,,,0.004110324,,1758565063.6671581,,,,,
,,,,,,,,,48950,5572608.0,,,,0.0,,,,,,,,,,,7944.917757467,,,,,,,,,,,,,,,,,1758565119.5887868,,,,,
,,,,,,,,,49552,5640192.0,,,,,,,,,,,,,,,8039.991172684,,,,,,,,,,,,,,,0.0029973327,,1758565216.7231264,,,,,
,,,,,,,,,50008,5691392.0,,,,,,,,,,,,,,,8115.046547256,,,,,,,,,,,,,,,,,1758565290.894035,,-0.07356236,,,
,,,,,,,,,50888,5791744.0,,,,,,,,,,,,,,,8260.156493728,,,,,,,,,,,,,-0.8417057,,,,1758565435.844092,,,,,
,,,,,,,,,51741,5890048.0,,,,,,,,,,,,,,,8405.263499113,0.0642122,,,,,,,,,,,,,,,,1758565577.9626439,,,,,
,,,,,,,,,52915,6023168.0,,,,,,,,,,,,,,,8595.400866474,,,,,,,,,,,,,,,,1000.0,1758565769.4482214,,,,,
,,,,,,,,,53266,6062080.0,,,,,,,,,,,,,,,8650.442002113,,,,,,,,,,,,,,,,,1758565824.9825747,,-0.06950013,,,
,,,,,,,,,54153,6164480.0,,,,,,,,,,,,,,,8795.548480099,0.15127827,,,,,,,,,,,,,,,,1758565971.0315633,,,,,
,,,,,,,1.3249785,,55608,6328320.0,,,,,,,,,,,,,,,9030.732718866,,,,,,,,,,,,,,,,,1758566203.9924033,,,,,
,,,,,,,,,55905,6363136.0,,,,,,,,,,,,,,,9080.767543838,,,,,,,,,,,701.0,,,,,,1758566253.6374133,,,,,
,,0.6488518,,,,,,,56244,6402048.0,,,,,,,,,,,,,,,9135.812140366,,,,,,,,,,,,,,,,,1758566308.898074,,,,,
,,,,,,,,,57386,6531072.0,,,,,,,,,,,,,,,9320.93772135,,,,,,,,,,,,,0.99320734,,,,1758566493.5956929,,,,,
,,0.32846802,,,,,,,58098,6612992.0,,,,,,,,,,,,,,,9436.018795282,,,,,,,,,,,,,,,,,1758566610.882348,,,,,
,,,,,,,,,58275,6633472.0,,,,,,,,,,,,,,,9466.0386626,0.06426601,,,,,,,,,,,,,,,,1758566640.0998397,,,,,
,,,,,,,,,59734,6799360.0,,,,,,,,,,,,,,,9701.211182047,,,,,,1.51448,,,,,,,,,,,1758566878.00242,,,,,
,,,,,,,,,59738,6799360.0,,,,,,,,,,,,,,,9701.211283783,,,,,149110.7,,,,,,,,,,,,1758566878.0024686,,,,,
,,,,,,,,,60281,6860800.0,,,,,,,,,,,,,,,9791.277086498,,0.04951986,,,,,,,,,,,,,,,1758566966.3138018,,,,,
,,,,,,,,,60941,6936576.0,,,,,,,,,,,,,,,9901.352541577,,,,,,,,,,,,-0.0012749677,,,,,1758567074.5606632,,,,,
,,,,,,,,,61337,6981632.0,,,,,,,,,,,,,,,9966.40263,,,,,,,,,,,,-0.0076998714,,,,,1758567139.3922846,,,,,
,,,,,,,,,61658,7018496.0,,,,0.0,,,,,,,,,,,10016.436842054,,,,,,,,,,,,,,,,,1758567192.8033683,,,,,
,,,,,,,1.399169,,61800,7032832.0,,,,,,,,,,,,,,,10041.453947588,,,,,,,,,,,,,,,,,1758567213.4839404,,,,,
,,,,,,,,,61939,7049216.0,-13.988721,,,,,,,,,,,,,,10061.471188561,,,,,,,,,,,,,,,,,1758567237.135865,,,,,
,,,,,,,,,62588,7122944.0,,,,,,,,,,,,,,,10166.551627342,,,,,,,,,,,,,0.93700427,,,,1758567343.2883182,,,,,
,,,,,,,,,62644,7129088.0,,,,,,,,,,,,,,,10176.558494081,,,,,,,,,,,,,,,,,1758567352.192547,,-0.08821538,,,
,,,,,,,1.4184146,,62862,7153664.0,,,,,,,,,,,,,,,10211.581925261,,,,,,,,,,,,,,,,,1758567387.5906239,,,,,
,,,,,,,1.4330268,,63492,7225344.0,,,,,,,,,,,,,,,10316.659281382,,,,,,,,,,,,,,,,,1758567490.6742275,,,,,
,,,,,,,,,63970,7280640.0,,,,,,,,,,,,,,,10396.720186321,,,,,,,,,,,,,,,0.005139547,,1758567570.2716918,,,,,
,,4.637846,,,,,,,64272,7315456.0,,,,,,,,,,,,,,,10446.756102575,,,,,,,,,,,,,,,,,1758567619.8962743,,,,,
,,,,,,,,,64361,7325696.0,,,,,,,,,,,,,,,10461.768414887,,,,,,,,,,,,0.0008437735,,,,,1758567634.6706066,,,,,
,,,,,,,,,65144,7413760.0,,,,,,,,,,,,,,,10586.859580198,,,,,,,,,,,,,0.9708447,,,,1758567761.4793203,,,,,
,,,,,,,,,65329,7434240.0,,,,,,,,0.029998945,,,,,,,10616.882584498,,,,,,,,,,,,,,,,,1758567790.7563593,,,,,
,,,,,,,,,65949,7505920.0,,,,,,,,,,,,,,,10716.959526513,,,,,,,,,,,700.0,,,,,,1758567893.1185799,,,,,
,,,,,,,,,66364,7553024.0,,,,,,,,,,,,,,,10787.013531383,,,,,,,,,,,,,,,0.00248464,,1758567961.0077193,,,,,
,,,,,,,,,66979,7622656.0,-14.454635,,,,,,,,,,,,,,10887.089856077,,,,,,,,,,,,,,,,,1758568061.8053095,,,,,
,,,,,,,,,68642,7813120.0,,,,0.0,,,,,,,,,,,11162.30165922,,,,,,,,,,,,,,,,,1758568336.2171538,,,,,
,,,,,,,,,69236,7880704.0,,,,0.0,,,,,,,,,,,11257.37350892,,,,,,,,,,,,,,,,,1758568432.6914015,,,,,
,,,,,,,,,69985,7964672.0,-14.630857,,,,,,,,,,,,,,11377.461773625,,,,,,,,,,,,,,,,,1758568551.796495,,,,,
,,,,,,,,,70768,8054784.0,,,,,,,,,,,,,,,11507.55834132,,,,,,0.5205594,,,,,,,,,,,1758568679.9596016,,,,,
,,,,,,,,,71075,8089600.0,,,,,,,,,,,,,,,11557.595814733,,,,,,,,,,,,0.011370444,,,,,1758568729.6522963,,,,,
,,,,,,,,,71237,8108032.0,,,,,,,,,,,,,,,11582.613804282,,,,,,,,,,,,0.012101043,,,,,1758568756.0573456,,,,,
,,,,,,,,,72645,8267776.0,,,,,,,,,,,,,,,11807.779251282,,,,,,,,,,,700.0,,,,,,1758568984.1252415,,,,,
,,,,,,,,,72872,8294400.0,,,,0.0,,,,,,,,,,,11847.807532592,,,,,,,,,,,,,,,,,1758569021.9219198,,,,,
,,,,,,,,,73138,8323072.0,,,,,,,,,,,,,,,11887.835584132,,,,,,,,,,,,,,,,,1758569062.577727,,-0.08886799,,,
,,1.6125513,,,,,,,74316,8458240.0,,,,,,,,,,,,,,,12082.980724838,,,,,,,,,,,,,,,,,1758569255.2993119,,,,,
,,,,,,,,,75305,8570880.0,,,,,,,,,,,,,,,12243.095017952,,,,,,,,,,,,0.18613154,,,,,1758569416.4844327,,,,,
,,,,,,,,,77006,8763392.0,,,,,,,,,,,,,,,12518.299324827,,,,,,,,,,,,,0.9160522,,,,1758569692.2557158,,,,,
,,,,,,,,,77582,8828928.0,,,,,,,,,,,,,,,12613.371472616,,,,,,,,,,,,,0.92714477,,,,1758569786.5550556,,,,,
,,,,,,,,,78334,8914944.0,,,,,,,,,,,,,,,12733.461150888,,,,,,,,,,,,,,,0.0044086166,,1758569909.9375339,,,,,
,,,,,,,,,78814,8970240.0,,,,,,,,,,,,,,,12813.523880029,,,,,,0.71364456,,,,,,,,,,,1758569990.2865906,,,,,
,,,,,,,,,79031,8994816.0,,,,,,,,,,,,,,,12853.552969556,,,,,,,,,,,,0.0026066203,,,,,1758570026.0148826,,,,,
,,,,,,,1.6423047,,79764,9076736.0,,,,,,,,,,,,,,,12968.634756398,,,,,,,,,,,,,,,,,1758570144.1689107,,,,,
,,,,,,,,,80007,9105408.0,,,,,,,,,,,,,,,13008.663250754,,,,,,,,,,,700.0,,,,,,1758570185.1291475,,,,,
,,,,,,,,,80311,9140224.0,,,,,,,,,,,,,,,13058.699937814,,,,,,,,,,,,,,,,1000.0,1758570234.7887485,,,,,
,,,,,,,,,80624,9175040.0,,,,,,,,,,,,,,,13108.739609171,,,,,,,,,,,,,-0.4663024,,,,1758570284.6218498,,,,,
,,,,,,,,,81952,9326592.0,,,,,,,,,,,,,,,13328.901767892,,,,,,,,,,,,,,,0.003401021,,1758570501.239389,,,,,
,,,,,,,,,82879,9431040.0,,,,,,,,0.05701539,,,,,,,13474.010916768,,,,,,,,,,,,,,,,,1758570650.6510987,,,,,
,,,,,,,1.6767461,,83454,9496576.0,,,,,,,,,,,,,,,13569.082136545,,,,,,,,,,,,,,,,,1758570743.8776107,,,,,
,,,,,,,,,84290,9592832.0,,,,,,,,,,,,,,,13709.181937666,,,,,35684.29,,,,,,,,,,,,1758570881.4719262,,,,,
,,,,,,,,,84549,9621504.0,,,,,,,0.0001,,,,,,,,13749.212454518,,,,,,,,,,,,,,,,,1758570922.6642945,,,,,
,,,,,,,,,84777,9648128.0,,,,,,,,,,,,,,,13784.23601569,,,,,,,,,,,700.0,,,,,,1758570960.8061156,,,,,
,,,,,,,,,85256,9703424.0,,,,0.0,,,,,,,,,,,13864.291594306,,,,,,,,,,,,,,,,,1758571040.2901897,,,,,
,,,,,,,,,85353,9713664.0,,,,,,,,,,,,,,,13879.302407925,,,,,,,,,,,700.0,,,,,,1758571054.8427937,,,,,
,,,,,,,1.6940801,,85380,9715712.0,,,,,,,,,,,,,,,13884.306053462,,,,,,,,,,,,,,,,,1758571057.7558157,,,,,
,,,,,,,,,85424,9721856.0,,,,,,,,,,,,,,,13894.311841983,,,,,105022.67,,,,,,,,,,,,1758571066.5177188,,,,,
,,,,,,,,,86799,9877504.0,,,,,,,0.0001,,,,,,,,14114.470623136,,,,,,,,,,,,,,,,,1758571289.6930578,,,,,
,,,,,,,,,87388,9945088.0,,,,,,,,,,,,,,,14214.548305737,,,,,,,,,,,,,,,0.0039692675,,1758571387.1397972,,,,,
,,,,,,,,,87457,9953280.0,,,,,,,,,,,,,,,14224.556702495,,,,,,,,,,,,,,,,1000.0,1758571399.0754344,,,,,
,,,,,,,,,87574,9965568.0,,,,,,,,,,,,,,,14244.570444024,,,,,,,,,,,,,,,,,1758571416.879294,,-0.09051165,,,
,,,,,,,,,87777,9990144.0,,,,,,,,,,,,,,,14279.598391788,0.06424374,,,,,,,,,,,,,,,,1758571452.2019792,,,,,
,,,,,,,,,88036,10018816.0,,,,,,,,,,,,,,,14319.628262935,,,,,,,,,,,,,,,0.0036595205,,1758571493.635524,,,,,
,,,,,,,,,88492,10070016.0,,,,,,,,,,,,,,,14394.680004814,,,,,,,,,,,,,,,,,1758571566.7887187,,-0.09155064,,,
,,,,,,,,,88601,10082304.0,,,,,,,,,,,,,,,14433.170958449,,,,,,,,,,,,,,,,,1758571584.5700655,,,,,-0.0077511696
,,0.3452253,,,,,,,88608,10084352.0,,,,,,,,,,,,,,,14433.176499792,,,,,,,,,,,,,,,,,1758571587.5074131,,,,,
,,,,,,,,,88928,10121216.0,,,,0.0,,,,,,,,,,,14478.047023016,,,,,,,,,,,,,,,,,1758571640.8305264,,,,,
,,-0.22485122,,,,,,,89274,10160128.0,,,,,,,,,,,,,,,14524.980069395,,,,,,,,,,,,,,,,,1758571696.929259,,,,,
,,,,,,,,,89910,10231808.0,,,,,,0.15,,,,,,,,,14625.054459854,,,,,,,,,,,,,,,,,1758571799.6980784,,,,,
,,,,,,,,,91245,10383360.0,,,,,,,0.0001,,,,,,,,14845.226493515,,,,,,,,,,,,,,,,,1758572018.8137789,,,,,
,,,,,,,,,91817,10448896.0,,,,,,,,,,,,,,,14940.300024477,,0.005859375,,,,,,,,,,,,,,,1758572113.7727675,,,,,
,,,,,,,,,92061,10477568.0,,,,,,,,,,,,,,,14980.328538363,0.14503874,,,,,,,,,,,,,,,,1758572155.0213385,,,,,
,,2.619043,,,,,,,92064,10477568.0,,,,,,,,,,,,,,,14980.328630765,,,,,,,,,,,,,,,,,1758572155.0213828,,,,,
,,,,,,,,,92308,10504192.0,,,,,,,,,,,,,,,15020.356892591,,,,,,,,,,,,,,,,,1758572193.1598217,,-0.085197486,,,
,,,,,,,,,92650,10543104.0,,,,,,,,,,,,,,,15075.396687604,,,,,,,,,,,,,,,,,1758572248.9236524,,-0.09267287,,,
,,,,,,,,,92750,10555392.0,,,,,,,,,,,,,,,15090.407304306,,,,,36045.73,,,,,,,,,,,,1758572266.732006,,,,,
,,,,,,,,,93003,10584064.0,,,,,,,,,,,,,,,15135.440680081,,,,,,,,,,,699.0,,,,,,1758572308.2666383,,,,,
,,,,,,,,,93726,10665984.0,,,,,,0.15,,,,,,,,,15250.526881373,,,,,,,,,,,,,,,,,1758572426.732518,,,,,
,,0.24508297,,,,,,,94908,10801152.0,,,,,,,,,,,,,,,15445.67641768,,,,,,,,,,,,,,,,,1758572622.6256757,,,,,
,,,,,,,,,95115,10823680.0,,,,,,,0.0001,,,,,,,,15480.701530996,,,,,,,,,,,,,,,,,1758572654.993409,,,,,
,,,,,,,,,95138,10827776.0,,,,0.0,,,,,,,,,,,15485.705556874,,,,,,,,,,,,,,,,,1758572660.8019881,,,,,
,,,,,,,,,95265,10842112.0,,,,,,,,,,,,,,,15505.725566586,0.12940778,,,,,,,,,,,,,,,,1758572681.3857718,,,,,
,,,,,,,,,96089,10934272.0,,,,,,,,,,,,,,,15640.83530015,,,,,,,,,,,,,,,,,1758572813.363018,,,,,-0.0068772053
,,,,,,,,,96267,10954752.0,,,,,,,0.0001,,,,,,,,15665.856262115,,,,,,,,,,,,,,,,,1758572842.7268677,,,,,
,,,,,,,,,97167,11057152.0,,,,,,,0.0001,,,,,,,,15815.967236828,,,,,,,,,,,,,,,,,1758572989.1319518,,,,,
,,,,,,,,,97784,11128832.0,,,,0.0,,,,,,,,,,,15916.038080992,,,,,,,,,,,,,,,,,1758573092.1304374,,,,,
,,,,,,,,,97853,11134976.0,,,,,,,,,,,,,,,15926.046465817,,,,,,,,,,,,,,,,,1758573101.0017977,,,,,-0.008674063
,,,,,,,,,97893,11141120.0,,,,,,,,,,,,,,,15936.055810703,0.064258605,,,,,,,,,,,,,,,,1758573109.928989,,,,,
,,,,,,,,,97958,11147264.0,,,,,,,,,,,,,,,15946.063794245,,,,,,,,,,,,,0.92236626,,,,1758573118.8029487,,,,,
,,,,,,,,,98825,11245568.0,,,,,,,,,,,,,,,16086.164655273,,,,,,,,,,,,,,,,,1758573259.9739404,,,,,-0.0072079375
,,,,,,,,,99057,11272192.0,,,,,,,0.0001,,,,,,,,16121.189306111,,,,,,,,,,,,,,,,,1758573297.9951007,,,,,
,,,,,,,,,99416,11313152.0,,,,,,,,,,,,,,,16181.22867774,,,,,,,,,,,,,0.964681,,,,1758573356.9970944,,,,,
,,,,,,,,,100281,11411456.0,,,,,,,0.0001,,,,,,,,16321.325583279,,,,,,,,,,,,,,,,,1758573498.0567136,,,,,
,,,,,,,,,100579,11446272.0,,,,,,,,,,,,,,,16376.361383731,,,,,,,,,,,,,,,,1000.0,1758573548.480687,,,,,
,,,,,,,,,100594,11448320.0,,,,,,,,,,,,,,,16376.361752569,,,,,,0.23637366,,,,,,,,,,,1758573551.4267755,,,,,
,,,,,,,,,100768,11466752.0,,,,,,,,,,,,,,,16401.379558133,,,,,,,,,,,,,,,,,1758573578.0394566,,-0.100977935,,,
,,,,,,,,,100827,11474944.0,,,,,,,,,,,,,,,16416.388414196,0.064242594,,,,,,,,,,,,,,,,1758573589.8602417,,,,,
,,,,,,,,,101054,11499520.0,,,,,,,,,,,,,,,16451.415108097,,,,,,,,,,,,,0.76274264,,,,1758573625.4940448,,,,,
,,,,,,,,,101968,11603968.0,,,,,,,,,,,,,,,16601.520130725,,,,,,,,,,,,,,,0.0053264834,,1758573775.282936,,,,,
,,,,,,,,,102070,11616256.0,,,,,,,,,,,,,,,16616.530961425,,,,,,0.841156,,,,,,,,,,,1758573792.9816594,,,,,
,,,,,,,,,102477,11661312.0,,,,,,,0.0001,,,,,,,,16681.577398728,,,,,,,,,,,,,,,,,1758573857.7522457,,,,,
,,,,,,,,,102481,11661312.0,,,,,,,,0.00064767926,,,,,,,16681.577499847,,,,,,,,,,,,,,,,,1758573857.7551215,,,,,
,,,,,,,,,103442,11771904.0,,,,,,,,,,,,,,,16846.691989115,,,,,-5954.8115,,,,,,,,,,,,1758574018.8277323,,,,,
,,,,,,,,,103950,11829248.0,,,,,,0.15,,,,,,,,,16926.758030839,,,,,,,,,,,,,,,,,1758574101.0505502,,,,,
,,,,,,,,,104219,11859968.0,,,,,,,,,,,,,,,16971.788402733,,0.06258138,,,,,,,,,,,,,,,1758574145.7835646,,,,,
,,0.0057628443,,,,,,,104250,11864064.0,,,,,,,,,,,,,,,16976.7916909,,,,,,,,,,,,,,,,,1758574151.7436287,,,,,
,,,,,,,,,104429,11884544.0,,,,,,,,,,,,,,,17006.816258867,,,,,,,,,,,,0.013972982,,,,,1758574181.5125246,,,,,
,,,,,,,,,104735,11919360.0,,,,,,,,,,,,,,,17056.855276393,,,,,,,,,,,,-0.005247124,,,,,1758574232.1212041,,,,,
,,,,,,,,,105741,12034048.0,,,,,,,,,,,,,,,17221.978410449,0.14240207,,,,,,,,,,,,,,,,1758574396.2227418,,,,,
,,,,,,,,,106524,12122112.0,,,,,,0.15,,,,,,,,,17347.075531196,,,,,,,,,,,,,,,,,1758574523.5718,,,,,
,,,,,,,,,106778,12150784.0,,,,,,,,,,,,,,,17392.105235218,,,,,,,,,,,,,0.97388864,,,,1758574564.6430347,,,,,
,,,,,,,,,106865,12161024.0,,,,,,,,,,,,,,,17407.117160235,,0.041381836,,,,,,,,,,,,,,,1758574579.4757013,,,,,
,,,,,,,,,107435,12226560.0,,,,,,,,,,,,,,,17497.187477234,,,,,,,,,,,,0.0024646905,,,,,1758574674.1903207,,,,,
,,,,,,,,,107971,12285952.0,,,,,,,,0.0020441723,,,,,,,17587.25520558,,,,,,,,,,,,,,,,,1758574760.365571,,,,,
,,,,,,,,,108262,12320768.0,,,,,,,,,,,,,,,17637.293373158,,,,,,0.09539558,,,,,,,,,,,1758574810.6883671,,,,,
,,,,,,,,,110833,12611584.0,,,,,,,,0.034641918,,,,,,,18057.600680666,,,,,,,,,,,,,,,,,1758575231.3302734,,,,,
,,,,,,,,,111175,12650496.0,,,,,,,,0.02417003,,,,,,,18112.640389045,,,,,,,,,,,,,,,,,1758575287.8100178,,,,,
,,,,,,,,,111421,12679168.0,-16.927677,,,,,,,,,,,,,,18152.668942878,,,,,,,,,,,,,,,,,1758575329.1829157,,,,,
,,,,,,,,,112541,12806144.0,,,,,,,,,,,,,,,18337.803241531,,,,,,,,,,,,,,,,,1758575513.6639733,,,,,-0.0053355433
,,,,,,,,,113411,12906496.0,,,,,,,,,,,,,,,18482.914164647,,,,,,,,,,,,-0.005439131,,,,,1758575658.7220256,,,,,
,,,,,,,,,113495,12914688.0,,,,,,,,,,,,,,,18497.925700272,,,,,,,,,,,,,,,,,1758575670.6432407,,,,,-0.0076911882
,,,,,,,,,113719,12941312.0,,,,,,,,,,,,,,,18532.95428092,,,,,,,,,,,,,,,,1000.0,1758575709.1748207,,,,,
,,0.053539008,,,,,,,114330,13010944.0,,,,,,,,,,,,,,,18633.028086481,,,,,,,,,,,,,,,,,1758575809.1428046,,,,,
,,,,,,,,,114585,13039616.0,,,,,,,,,,,,,,,18678.061651368,,,,,,,,,,,698.0,,,,,,1758575851.111246,,,,,
,,,,,,,2.116216,,115332,13123584.0,,,,,,,,,,,,,,,18798.161876957,,,,,,,,,,,,,,,,,1758575972.990585,,,,,
,,,,,,,,,116243,13228032.0,,,,,,,,,,,,,,,18948.273482732,,0.012532553,,,,,,,,,,,,,,,1758576123.938987,,,,,
,,,,,,,,,116759,13287424.0,,,,,,,,,,,,,,,19033.345298248,,,,,,,,,,,,0.005712389,,,,,1758576210.277574,,,,,
,,,,,,,,,116809,13291520.0,,,,,,,,0.0014791598,,,,,,,19043.351977149,,,,,,,,,,,,,,,,,1758576216.2123983,,,,,
,,,,,,,,,117939,13420544.0,,,,,,,0.0001,,,,,,,,19228.499195558,,,,,,,,,,,,,,,,,1758576403.196469,,,,,
,,,,,,,,,118555,13490176.0,,,,,,,,0.0025317206,,,,,,,19328.570075889,,,,,,,,,,,,,,,,,1758576503.8993945,,,,,
,,,,,,,,,120672,13731840.0,,,,,,0.15,,,,,,,,,19678.843365263,,,,,,,,,,,,,,,,,1758576852.5279562,,,,,
,,,,,,,,,121090,13778944.0,,,,,,,,,,,,,,,19743.894370973,,,,,,,,,,,,,,,,,1758576920.041342,,-0.061335884,,,
,,,,,,,,,121753,13854720.0,-17.597588,,,,,,,,,,,,,,19853.97651312,,,,,,,,,,,,,,,,,1758577028.137466,,,,,
,,,,,,,,,121829,13862912.0,,,,,,,,,,,,,,,19863.987739747,,,,,,,,,,,,,,,,,1758577039.8398883,,,,,-0.008425566
,,,,,,,,,123728,14080000.0,,,,,,,,,,,,,,,20179.228570427,,,,,45379.793,,,,,,,,,,,,1758577352.7081397,,,,,
,,,,,,,,,123897,14098432.0,,,,,,,0.0001,,,,,,,,20204.247244638,,,,,,,,,,,,,,,,,1758577379.2926373,,,,,
,,,,,,,,,125100,14235648.0,,,,,,0.15,,,,,,,,,20404.391015686,,,,,,,,,,,,,,,,,1758577577.0698495,,,,,
,,,,,,,,,125115,14237696.0,,,,,,,,,,,,,,,20404.39137687,,,,,,,,,,,697.0,,,,,,1758577579.9883068,,,,,
,,,,,,,,,125163,14243840.0,,,,,,,,,,,,,,,20414.398173731,0.1564394,,,,,,,,,,,,,,,,1758577588.7883005,,,,,
,,,,,,,,,125197,14245888.0,,,,,,,,0.03352768,,,,,,,20419.401792878,,,,,,,,,,,,,,,,,1758577591.724487,,,,,
,,,,,,,,,127785,14540800.0,,,,,,,0.0001,,,,,,,,20844.735743989,,,,,,,,,,,,,,,,,1758578018.1557963,,,,,
,,,,,,,,,128768,14653440.0,,,,,,,,,,,,,,,21004.849912824,,,,,46059.133,,,,,,,,,,,,1758578180.1707428,,,,,
,,,,,,,,,128852,14663680.0,,,,0.0,,,,,,,,,,,21019.860356575,,,,,,,,,,,,,,,,,1758578195.0645096,,,,,
,,,,,,,,,129592,14747648.0,,,,,,,,,,,,,,,21139.94769667,,,,,,5.242394,,,,,,,,,,,1758578315.9717064,,,,,
,,,,,,,,,129989,14792704.0,,,,,,,,,,,,,,,21204.998018476,,,,,,,,,,,,0.006116033,,,,,1758578380.9199302,,,,,
,,,,,,,,,130721,14874624.0,,,,,,,,,,,,,,,21325.082626685,,,,,,,,,,,,,,,,,1758578499.2874682,,,,,-0.008128555
,,,,,,,,,131755,14993408.0,,,,,,,,,,,,,,,21495.202159851,,,,,,,,,,,,,,,,1000.0,1758578670.9585214,,,,,
,,,,,,,,,132110,15034368.0,,,,0.0,,,,,,,,,,,21555.244157735,,,,,,,,,,,,,,,,,1758578730.392214,,,,,
,,,,,,,,,132949,15128576.0,-18.357216,,,,,,,,,,,,,,21690.347448329,,,,,,,,,,,,,,,,,1758578866.969165,,,,,
,,,,,,,,,134181,15269888.0,,,,,,,,,,,,,,,21895.49544515,0.06424773,,,,,,,,,,,,,,,,1758579071.6889834,,,,,
,,-0.15095116,,,,,,,135606,15431680.0,,,,,,,,,,,,,,,22130.670016058,,,,,,,,,,,,,,,,,1758579304.256638,,,,,
,,,,,,,,,135764,15450112.0,,,,0.0,,,,,,,,,,,22155.687016352,,,,,,,,,,,,,,,,,1758579330.8785112,,,,,
,,,,,,,,,135803,15454208.0,,,,,,,,,,,,,,,22160.690279876,,,,,,,,,,,,-0.008199164,,,,,1758579336.8106642,,,,,
,,,,,,,,,136151,15493120.0,,,,,,,,,,,,,,,22220.728083607,,0.05126953,,,,,,,,,,,,,,,1758579392.8551571,,,,,
,,,,,,,,,136597,15544320.0,,,,,,,,,,,,,,,22290.784146103,,,,,,,,,,,,,,,,1000.0,1758579466.5273886,,,,,
"{'packedBins': {'size': 0.010148732922971249, 'count': 64, 'min': 0.5835756659507751}, '_type': 'histogram', 'values': [1, 0, 0, 0, 0, 0, 0, 0, 0, 0, 0, 0, 0, 0, 0, 0, 1, 0, 0, 0, 0, 0, 0, 0, 0, 1, 0, 1, 0, 0, 0, 1, 0, 0, 0, 0, 0, 0, 0, 0, 0, 0, 0, 0, 0, 1, 0, 1, 0, 0, 0, 0, 0, 0, 0, 0, 0, 0, 0, 0, 0, 0, 0, 1]}","{'_type': 'histogram', 'values': [2, 0, 0, 1, 0, 0, 0, 2, 1, 1, 0, 2, 0, 1, 1, 0, 2, 2, 2, 3, 1, 2, 6, 4, 6, 3, 3, 8, 6, 3, 3, 4, 4, 2, 4, 4, 3, 5, 1, 2, 3, 2, 3, 2, 2, 1, 2, 0, 1, 2, 4, 1, 2, 1, 2, 1, 0, 0, 1, 1, 0, 1, 1, 1], 'packedBins': {'size': 0.010110714938491583, 'count': 64, 'min': -0.3361579179763794}}",,,,,"{'_type': 'histogram', 'values': [1, 0, 0, 0, 0, 0, 0, 0, 0, 0, 1, 2, 1, 3, 4, 3, 2, 2, 3, 6, 7, 10, 17, 21, 31, 26, 57, 59, 89, 90, 136, 171, 219, 280, 319, 347, 377, 283, 236, 209, 169, 131, 97, 97, 67, 29, 22, 18, 19, 17, 10, 2, 3, 2, 4, 2, 1, 2, 2, 2, 1, 0, 1, 2], 'packedBins': {'min': -1.02560293674469, 'size': 0.0286992359906435, 'count': 64}}",,,137348,15630336.0,,"{'values': [1, 0, 0, 0, 1, 2, 0, 1, 1, 0, 1, 1, 1, 1, 1, 7, 3, 3, 3, 0, 1, 3, 3, 5, 4, 5, 5, 4, 1, 4, 6, 4, 5, 1, 4, 4, 4, 2, 1, 3, 4, 2, 3, 1, 2, 3, 2, 0, 3, 1, 2, 1, 1, 0, 1, 0, 1, 0, 2, 1, 1, 0, 0, 1], 'packedBins': {'size': 0.007192774908617139, 'count': 64, 'min': -0.22335892915725708}, '_type': 'histogram'}","{'bins': [0.1441710740327835, 0.1441710740327835], '_type': 'histogram', 'values': [1]}",0.0,,,,,"{'_type': 'histogram', 'values': [1, 0, 0, 0, 0, 0, 1, 0, 2, 2, 0, 3, 0, 0, 3, 1, 2, 4, 5, 2, 9, 5, 4, 7, 6, 2, 2, 6, 7, 2, 3, 7, 7, 1, 6, 3, 5, 4, 2, 2, 3, 3, 1, 0, 1, 2, 0, 0, 0, 0, 0, 0, 1, 0, 0, 0, 0, 0, 0, 0, 0, 0, 0, 1], 'packedBins': {'count': 64, 'min': -0.2734322249889374, 'size': 0.009855478070676327}}",,"{'_type': 'histogram', 'values': [1, 2, 0, 3, 3, 8, 12, 16, 23, 27, 49, 54, 52, 87, 96, 133, 160, 184, 279, 298, 358, 442, 496, 553, 568, 640, 664, 709, 717, 725, 739, 780, 798, 774, 720, 680, 623, 600, 490, 503, 382, 367, 315, 254, 207, 193, 137, 115, 87, 70, 57, 40, 26, 22, 21, 5, 7, 4, 3, 2, 1, 1, 1, 1], 'packedBins': {'min': -0.601720929145813, 'size': 0.019276602193713188, 'count': 64}}",,,,22415.87118198,,,"{'packedBins': {'size': 0.018785611726343632, 'count': 64, 'min': -0.6291623711585999}, '_type': 'histogram', 'values': [2, 0, 1, 1, 0, 0, 2, 0, 2, 2, 1, 3, 1, 2, 1, 1, 1, 4, 3, 2, 3, 3, 1, 3, 2, 2, 1, 3, 3, 2, 5, 2, 2, 4, 3, 3, 0, 2, 2, 2, 4, 1, 5, 4, 3, 2, 6, 1, 1, 2, 1, 2, 3, 3, 4, 2, 0, 1, 1, 0, 2, 1, 1, 1]}","{'values': [1, 0, 1, 0, 0, 0, 0, 0, 1, 1, 0, 1, 3, 3, 2, 1, 5, 1, 3, 5, 3, 1, 2, 1, 3, 4, 5, 2, 4, 4, 4, 6, 2, 3, 2, 3, 2, 4, 3, 3, 3, 3, 6, 0, 3, 1, 5, 3, 3, 2, 1, 2, 2, 0, 1, 0, 2, 0, 1, 0, 0, 0, 0, 1], 'packedBins': {'size': 0.009648343082517385, 'count': 64, 'min': -0.299734503030777}, '_type': 'histogram'}",,,"{'values': [2, 0, 1, 2, 3, 2, 1, 6, 5, 15, 17, 30, 38, 34, 70, 106, 114, 153, 197, 258, 283, 405, 389, 481, 560, 602, 694, 698, 791, 885, 864, 830, 858, 830, 848, 744, 685, 647, 596, 471, 453, 392, 297, 238, 193, 164, 116, 96, 70, 39, 33, 27, 14, 10, 10, 6, 4, 4, 0, 1, 0, 0, 1, 1], 'packedBins': {'min': -0.6545727849006653, 'size': 0.02075432427227497, 'count': 64}, '_type': 'histogram'}","{'_type': 'histogram', 'values': [1, 0, 0, 0, 0, 0, 0, 0, 0, 0, 0, 0, 0, 0, 0, 0, 0, 0, 0, 0, 0, 0, 0, 0, 0, 1, 0, 0, 0, 1, 0, 0, 0, 0, 0, 0, 0, 0, 0, 0, 0, 0, 0, 0, 0, 0, 0, 0, 1, 0, 1, 1, 0, 0, 1, 0, 0, 0, 0, 0, 0, 0, 0, 1], 'packedBins': {'size': 0.004478277289308608, 'count': 64, 'min': -0.12456720322370529}}","{'_type': 'histogram', 'values': [1, 1, 3, 3, 2, 0, 4, 5, 3, 11, 10, 12, 25, 19, 24, 21, 38, 54, 51, 57, 63, 87, 83, 90, 112, 141, 142, 131, 173, 149, 156, 170, 174, 167, 160, 160, 144, 134, 126, 123, 79, 90, 87, 62, 68, 55, 43, 36, 41, 31, 13, 18, 17, 7, 9, 6, 5, 6, 3, 1, 1, 2, 0, 3], 'packedBins': {'min': -0.5538968443870544, 'size': 0.017144653014838696, 'count': 64}}",,,,,,,,1758579590.500616,,,,"{'packedBins': {'min': -0.5924354195594788, 'size': 0.016357806976884604, 'count': 64}, '_type': 'histogram', 'values': [1, 0, 0, 0, 1, 0, 0, 0, 1, 2, 0, 0, 1, 1, 5, 3, 6, 10, 7, 12, 9, 13, 13, 14, 17, 14, 33, 22, 42, 34, 29, 43, 45, 40, 49, 45, 57, 46, 39, 48, 30, 42, 34, 32, 29, 18, 24, 16, 12, 11, 18, 14, 8, 7, 4, 5, 3, 1, 4, 3, 4, 0, 2, 1]}",
,,,,,,,,,137635,15661056.0,,,,,,,,0.001119788,,,,,,,22460.904903689,,,,,,,,,,,,,,,,,1758579634.5274425,,,,,
,,,,,,,,,138682,15781888.0,,,,,,,,,,,,,,,22636.027705507,,,,,,7.1894116,,,,,,,,,,,1758579808.449999,,,,,
,,,,,,,,,139045,15822848.0,,,,,,,,,,,,,,,22691.069472089,,,,,,,,,,,,,,,,1000.0,1758579867.4568589,,,,,
,,,,,,,,,139403,15863808.0,,,,,,,,,,,,,,,22751.114787911,,,,,,,,,,,,0.068849355,,,,,1758579926.2733738,,,,,
,,,,,,,,,139798,15908864.0,,,,,,,,,,,,,,,22816.163674742,,,,,,0.1818854,,,,,,,,,,,1758579990.9786255,,,,,
,,,,,,,,,141133,16060416.0,,,,,,,,,,,,,,,23036.32791274,,,,,,,,,,,,,,,,1000.0,1758580209.5278273,,,,,
,,,,,,,,,141595,16111616.0,,,,,,,,0.0580373,,,,,,,23106.377104528,,,,,,,,,,,,,,,,,1758580283.0713413,,,,,
,,,,,,,,,141681,16121856.0,,,,,,,0.0001,,,,,,,,23121.387019766,,,,,,,,,,,,,,,,,1758580297.502476,,,,,
,,,,,,,,,142378,16201728.0,,,,,,,,,,,,,,,23236.471184614,,,,,,,,,,,,,,,0.0053664944,,1758580412.3001003,,,,,
,,,,,,,,,142928,16265216.0,,,,0.0,,,,,,,,,,,23326.542770623,,,,,,,,,,,,,,,,,1758580503.5245192,,,,,
,,,,,,,,,143415,16320512.0,,,,,,,,,,,,,,,23406.608308815,0.06427319,,,,,,,,,,,,,,,,1758580583.300052,,,,,
,,,,,,,,,143560,16336896.0,,,,,,,,,,,,,,,23431.624990392,,,,,,0.2564698,,,,,,,,,,,1758580606.9922788,,,,,
,,,,,,,,,143612,16343040.0,,,,0.0,,,,,,,,,,,23441.631527967,,,,,,,,,,,,,,,,,1758580615.8900611,,,,,
,,,,,,,,,143757,16359424.0,,,,,,,,,,,,,,,23466.649203335,0.064274326,,,,,,,,,,,,,,,,1758580639.5925758,,,,,
,,-0.0010580759,,,,,,,143814,16365568.0,,,,,,,,,,,,,,,23471.653998622,,,,,,,,,,,,,,,,,1758580648.5332987,,,,,
,,,,,,,,,145661,16574464.0,,,,,,,,,,,,,,,23776.878522932,,,,,,,,,,,,,,,,,1758580951.535846,,,,,-0.0061432193
,,,,,,,,,146083,16623616.0,,,,,,,,,,,,,,,23846.934676705,,,,,,,,,,,,,,,,1000.0,1758581022.7913642,,,,,
,,,,,,,,,146673,16691200.0,,,,,,,,,,,,,,,23947.005297121,0.06427191,,,,,,,,,,,,,,,,1758581120.600401,,,,,
,,,,,,,,,147681,16805888.0,,,,,,,,,,,,,,,24112.127386796,0.06426122,,,,,,,,,,,,,,,,1758581285.7121637,,,,,
,,,,,,,,,148411,16887808.0,-19.364573,,,,,,,,,,,,,,24232.213004808,,,,,,,,,,,,,,,,,1758581404.278654,,,,,
,,,,,,,,,149373,16998400.0,,,,,,,,,,,,,,,24387.330585825,0.15176558,,,,,,,,,,,,,,,,1758581563.0213175,,,,,
,,,,,,,,,149608,17025024.0,,,,,,,,,,,,,,,24427.359139116,,,,,,0.36047447,,,,,,,,,,,1758581601.5021498,,,,,
,,,,,,,,,149636,17027072.0,,,,,,,,,,,,,,,24432.364144672,,,,,,,,,,,,,0.75082016,,,,1758581604.456557,,,,,
,,,,,,,,,150530,17129472.0,,,,,,,,,,,,,,,24577.47002101,,,,,78059.96,,,,,,,,,,,,1758581751.3563352,,,,,
,,,,,,,,,150970,17178624.0,,,,,,,,,,,,,,,24647.526811837,,,,,,,,,,,,,,,,,1758581821.2849793,,-0.078720294,,,
,,,,,,,,,151893,17285120.0,,,,,,,,,,,,,,,24797.642429514,0.06427225,,,,,,,,,,,,,,,,1758581974.553149,,,,,
,,,,,,,,,152019,17299456.0,,,,,,,,,,,,,,,24822.662503412,0.064267,,,,,,,,,,,,,,,,1758581995.4060056,,,,,
,,,,,,,,,152379,17340416.0,,,,,,,,,,,,,,,24882.70664899,0.0642478,,,,,,,,,,,,,,,,1758582055.0876112,,,,,
,,,,,,,,,152381,17340416.0,,,,,,,,,,,,,,,24882.706737186,,,,,,,,,,,,-0.0068478775,,,,,1758582055.0876303,,,,,
,,,,,,,,,152401,17342464.0,,,,,,,,,,,,,,,24882.708170201,,,,,,,,,,,,,,,,1000.0,1758582058.0338926,,,,,
,,,,,,,,,152482,17350656.0,,,,,,,,,,,,,,,24897.717684247,,,,,,,,,,,,,,,,,1758582069.8465068,,-0.108461015,,,
,,,,,,,,,152578,17362944.0,,,,,,,,,,,,,,,24912.729273947,,,,,,0.6096207,,,,,,,,,,,1758582087.5768697,,,,,
,,,,,,,,,152989,17408000.0,,,,,,,,0.0017524122,,,,,,,24977.77787043,,,,,,,,,,,,,,,,,1758582152.7317724,,,,,
,,,,,,,,,153033,17414144.0,,,,,,,,,,,,,,,24987.785753175,,,,,,,,,,,697.0,,,,,,1758582161.5638585,,,,,
,,,,,,,,,153272,17440768.0,,,,,,,,,,,,,,,25027.812119422,,,,,,,,,,,,,0.96523666,,,,1758582200.027422,,,,,
,,,,,,,,,153990,17522688.0,,,,,,0.15,,,,,,,,,25142.896784483,,,,,,,,,,,,,,,,,1758582318.306915,,,,,
,,,,,,,,,154161,17543168.0,,,,,,,,,,,,,,,25172.915627017,0.06423883,,,,,,,,,,,,,,,,1758582347.9514472,,,,,
,,,,,,,,,155572,17702912.0,,,,,,,,,,,,,,,25403.094012847,,,,,,,,,,,,,,,0.0020177695,,1758582578.0954087,,,,,
,,,,,,,,,155625,17709056.0,,,,,,,,,,,,,,,25413.102284345,,,,,,,,,,,697.0,,,,,,1758582587.0174594,,,,,
,,,,,,,,,156091,17762304.0,,,,,,,,,,,,,,,25488.158402946,,,,,,,,,,,,,,,,1000.0,1758582664.5037508,,,,,
,,,,,,,,,156502,17809408.0,,,,,,,,,,,,,,,25558.211501533,,,,,,0.035294693,,,,,,,,,,,1758582732.0650127,,,,,
,,,,,,,,,156611,17821696.0,,,,,,,,,,,,,,,25573.224270977,,,,,,,,,,,,0.0034834493,,,,,1758582749.7748976,,,,,
,,,,,,,,,156935,17858560.0,,,,,,,,,,,,,,,25628.265109401,,,,,,,,,,,,-0.010821902,,,,,1758582802.6735759,,,,,
,,,,,,,,,157518,17924096.0,,,,,,0.15,,,,,,,,,25723.33892094,,,,,,,,,,,,,,,,,1758582896.6033924,,,,,
,,,,,,,,,158095,17989632.0,-19.950901,,,,,,,,,,,,,,25818.414931725,,,,,,,,,,,,,,,,,1758582990.670381,,,,,
,,,,,,,,,159082,18102272.0,,,,,,,,,,,,,,,25978.538029497,,,,,,,,,,,,,,,0.0027493886,,1758583152.0389698,,,,,
,,1.9667759,,,,,,,160194,18229248.0,,,,,,,,,,,,,,,26158.676422077,,,,,,,,,,,,,,,,,1758583335.4555123,,,,,
,,,,,,,,,160721,18288640.0,,,,,,,,,,,,,,,26248.746081672,,0.032999676,,,,,,,,,,,,,,,1758583421.2065527,,,,,
,,,,,,,,,162637,18505728.0,,,,,,,,0.07988183,,,,,,,26558.983444565,,,,,,,,,,,,,,,,,1758583734.6175823,,,,,
,,,,,,,,,162704,18513920.0,,,,,,,,,,,,,,,26573.99361902,,,,,,,,,,,,,0.93213123,,,,1758583746.2954445,,,,,
,,,,,,,,,163853,18644992.0,,,,,,,,,,,,,,,26759.13436778,,0.03975423,,,,,,,,,,,,,,,1758583935.0041392,,,,,
,,,,,,,,,163900,18651136.0,,,,,,,,,,,,,,,26769.142432422,,,,,,0.24229494,,,,,,,,,,,1758583943.786325,,,,,
,,,,,,,,,164386,18706432.0,,,,,,,,,,,,,,,26849.203846101,,,,,,0.015016198,,,,,,,,,,,1758584023.7557895,,,,,
,,,,,,,,,165950,18884608.0,,,,0.0,,,,,,,,,,,27104.392091719,,,,,,,,,,,,,,,,,1758584281.1406696,,,,,
,,,,,,,3.193996,,166722,18970624.0,,,,,,,,,,,,,,,27229.487625827,,,,,,,,,,,,,,,,,1758584405.1616528,,,,,
,,,,,,,,,169636,19302400.0,,,,,,,,,,,,,,,27709.851466876,,,,,,,,,,,,,,,,,1758584882.7105308,,-0.097372085,,,
,,,,,,,,,169706,19310592.0,,,,,,,,,,,,,,,27719.859380582,,,,,,,,,,,,,0.62942445,,,,1758584894.4286368,,,,,
,,,,,,,3.2847428,,170178,19363840.0,,,,,,,,,,,,,,,27794.912235761,,,,,,,,,,,,,,,,,1758584970.467286,,,,,
,,,,,,,,,171058,19464192.0,,,,,,,,,,,,,,,27940.013651494,,,,,,,,,,,,,,,,,1758585113.2846916,,-0.0915502,,,
,,,,,,,,,171279,19490816.0,,,,,,,,,,,,,,,27975.039801847,0.06425392,,,,,,,,,,,,,,,,1758585151.276662,,,,,
,,,,,,,,,171299,19492864.0,,,,,,,,,,,,,,,27980.042452481,,,,,,,,,,,,0.0055998736,,,,,1758585154.2738597,,,,,
,,,,,,,,,171311,19492864.0,,,,,,,,,,,,,,,27980.042749716,,,,,,,,,,,,,,,,,1758585154.2775674,,,,,-0.006911978
,,,,,,,,,171395,19503104.0,,,,,,,,,,,,,,,27995.054684763,,0.019571941,,,,,,,,,,,,,,,1758585169.1816602,,,,,
,,,,,,,,,171889,19558400.0,,,,,,,,0.07036021,,,,,,,28075.11594527,,,,,,,,,,,,,,,,,1758585248.2767887,,,,,
,,,,,,,,,173097,19697664.0,,,,,,,,,,,,,,,28275.25831488,0.15573224,,,,,,,,,,,,,,,,1758585447.4289544,,,,,
,,,,,,,,,173326,19722240.0,,,,,,,,,,,,,,,28310.28010092,,,,,,,,,,,,,,,,,1758585482.6845443,,-0.093779415,,,
,,,,,,,,,174769,19886080.0,,,,,,,,0.042838376,,,,,,,28540.438422901,,,,,,,,,,,,,,,,,1758585716.7580068,,,,,
,,,,,,,,,174833,19894272.0,,,,,,,,,,,,,,,28555.446564518,,0.030029297,,,,,,,,,,,,,,,1758585728.350666,,,,,
,,,,,,,,,174988,19912704.0,,,,,,,,,,,,,,,28580.464859205,,,,,,1.3059186,,,,,,,,,,,1758585754.5356197,,,,,
,,,,,,,,,176571,20092928.0,,,,,,,,,,,,,,,28835.64725411,0.14138326,,,,,,,,,,,,,,,,1758586012.2359324,,,,,
,,,,,,,,,176749,20111360.0,,,,,,,,0.14858957,,,,,,,28865.666667019,,,,,,,,,,,,,,,,,1758586038.592407,,,,,
,,,,,,,,,176828,20121600.0,,,,,,,,,,,,,,,28880.676639625,,,,,62970.26,,,,,,,,,,,,1758586053.2237592,,,,,
,,,,,,,,,180319,20518912.0,,,,,,,,,,,,,,,29446.386442574,,,,,,,,,,,,,,,,1000.0,1758586622.1488857,,,,,
,,,,,,,,,180548,20545536.0,,,,0.0,,,,,,,,,,,29486.099417743,,,,,,,,,,,,,,,,,1758586660.7930577,,,,,
,,,,,,,,,181094,20606976.0,,,,,,,,,,,,,,,29576.162172418,,,,,-1632.371,,,,,,,,,,,,1758586750.1183271,,,,,
,,,,,,,,,181187,20617216.0,,,,,,,,,,,,,,,29591.170803722,,0.010131836,,,,,,,,,,,,,,,1758586765.0664725,,,,,
,,,,,,,,,181979,20707328.0,,,,,,,,,,,,,,,29721.266205529,,0.04288737,,,,,,,,,,,,,,,1758586895.261033,,,,,
,,,,,,,,,183025,20826112.0,-21.112202,,,,,,,,,,,,,,29891.384347117,,,,,,,,,,,,,,,,,1758587067.0937414,,,,,
,,,,,,,3.4720533,,183120,20836352.0,,,,,,,,,,,,,,,29906.395274708,,,,,,,,,,,,,,,,,1758587081.97946,,,,,
,,,,,,,,,183783,20912128.0,,,,,,,0.0001,,,,,,,,30016.476771959,,,,,,,,,,,,,,,,,1758587191.9296358,,,,,
,,,,,,,,,184003,20936704.0,,,,,,,,0.0015917482,,,,,,,30051.501828459,,,,,,,,,,,,,,,,,1758587227.3239481,,,,,
,,,,,,,,,184769,21024768.0,,,,,,,,,,,,,,,30181.58592415,,0.017903646,,,,,,,,,,,,,,,1758587354.5651133,,,,,
,,,,,,,,,185197,21073920.0,,,,,,,,,,,,,,,30251.634225559,,,,,,,,,,,,,,,,1000.0,1758587424.6514175,,,,,
,,,,,,,3.5221207,,185928,21155840.0,,,,,,,,,,,,,,,30366.717920023,,,,,,,,,,,,,,,,,1758587542.1911426,,,,,
,,,,,,,,,186181,21184512.0,,,,,,,,0.0014548614,,,,,,,30406.745289295,,,,,,,,,,,,,,,,,1758587583.4842558,,,,,
,,,,,,,,,186898,21266432.0,,,,,,,,,,,,,,,30526.829870476,,,,,,,,,,,,,,,,,1758587702.3270986,,-0.11993005,,,
,,,,,,,,,186915,21268480.0,,,,,,,0.0001,,,,,,,,30531.833270784,,,,,,,,,,,,,,,,,1758587705.3115993,,,,,
,,,,,,,,,187309,21313536.0,-21.243252,,,,,,,,,,,,,,30596.880476918,,,,,,,,,,,,,,,,,1758587770.424296,,,,,
,,,,,,,,,187501,21336064.0,,,,,,,,,,,,,,,30626.903406383,,,,,,,,,,,,,,,,1000.0,1758587803.078597,,,,,
,,,,,,,,,188539,21452800.0,,,,,,,,0.022676473,,,,,,,30797.024949462,,,,,,,,,,,,,,,,,1758587972.052073,,,,,
,,,,,,,,,189572,21571584.0,,,,,,,,,,,,,,,30967.146439149,,,,,13416.641,,,,,,,,,,,,1758588143.5159929,,,,,
,,,,,,,,,190215,21645312.0,,,,,,,,,,,,,,,31077.219538451,0.064264216,,,,,,,,,,,,,,,,1758588249.7622225,,,,,
,,,,,,,,,190615,21690368.0,,,,,,,,,,,,,,,31142.265157715,,,,,,,,,,,,,,,,1000.0,1758588315.5361483,,,,,
,,,,,,,,,190635,21692416.0,,,,,,,,,,,,,,,31142.26566531,,,,,,,,,,,696.0,,,,,,1758588318.5666463,,,,,
,,,,,,,,,191412,21780480.0,,,,,,0.15,,,,,,,,,31272.34970227,,,,,,,,,,,,,,,,,1758588446.2175918,,,,,
,,,,,,,,,191606,21803008.0,,,,,,,,,,,,,,,31302.370658075,,,,,17409.777,,,,,,,,,,,,1758588478.8862057,,,,,
,,,,,,,,,192006,21848064.0,,,,,,0.15,,,,,,,,,31367.420551131,,,,,,,,,,,,,,,,,1758588544.034621,,,,,
,,,,,,,,,193221,21987328.0,,,,,,,,,,,,,,,31572.56709212,0.064237945,,,,,,,,,,,,,,,,1758588744.687684,,,,,
,,,,,,,,,193300,21995520.0,,,,,,,,,,,,,,,31582.574484875,,,,,,,,,,,,,,,0.0038908853,,1758588756.5088768,,,,,
,,,,,,,,,193629,22032384.0,,,,,,,0.0001,,,,,,,,31637.613808896,,,,,,,,,,,,,,,,,1758588810.0325813,,,,,
,,,,,,,,,194024,22077440.0,,,,,,,,,,,,,,,31702.662258817,,,,,,,,,,,,,0.8782578,,,,1758588875.4555454,,,,,
,,,,,,,,,194957,22183936.0,,,,,,,,,,,,,,,31852.769876653,,0.022827148,,,,,,,,,,,,,,,1758589029.6534536,,,,,
,,,,,,,,,195295,22222848.0,,,,,,,,,,,,,,,31912.810521435,,,,,,,,,,,,,,,,1000.0,1758589085.6121316,,,,,
,,,,,,,,,195761,22276096.0,,,,,,,,,,,,,,,31987.864305052,,,,,,,,,,,,-0.004294163,,,,,1758589162.623408,,,,,
,,-0.3271899,,,,,,,196446,22353920.0,,,,,,,,,,,,,,,32102.948424888,,,,,,,,,,,,,,,,,1758589275.247071,,,,,
,,,,,,,,,197061,22423552.0,,,,,,,,,,,,,,,32203.024735564,,,,,,,,,,,696.0,,,,,,1758589376.4919846,,,,,
,,,,,,,,,198394,22575104.0,,,,,,,,,,,,,,,32418.188925165,,,,,,,,,,,,,,,0.003451276,,1758589593.9975586,,,,,
,,,,,,,,,198766,22618112.0,,,,,,,,,,,,,,,32483.232758964,,,,,,0.46618402,,,,,,,,,,,1758589656.0672238,,,,,
,,,,,,,,,199253,22673408.0,,,,,,,,,,,,,,,32563.291981509,,,,,,,,,,,,-0.018884737,,,,,1758589736.4260445,,,,,
,,,,,,,,,200033,22761472.0,,,,,,,,,,,,,,,32688.382122734,,0.010294597,,,,,,,,,,,,,,,1758589864.759064,,,,,
,,,,,,,,,200196,22779904.0,,,,,,0.15,,,,,,,,,32718.402147003,,,,,,,,,,,,,,,,,1758589891.622543,,,,,
,,,,,,,,,200332,22796288.0,,,,,,,,,,,,,,,32738.414003586,,,,,,0.13485296,,,,,,,,,,,1758589915.3185105,,,,,
,,,,,,,,,200348,22798336.0,,,,0.0,,,,,,,,,,,32743.416601373,,,,,,,,,,,,,,,,,1758589918.286816,,,,,
,,,,,,,,,200790,22847488.0,,,,,,0.15,,,,,,,,,32813.467644586,,,,,,,,,,,,,,,,,1758589989.2698197,,,,,
,,,,,,,,,201195,22894592.0,,,,,,,,,,,,,,,32883.514898055,0.06424436,,,,,,,,,,,,,,,,1758590057.561714,,,,,
,,,,,,,,,201338,22910976.0,,,,0.0,,,,,,,,,,,32908.531147929,,,,,,,,,,,,,,,,,1758590081.3962371,,,,,
,,,,,,,,,201567,22935552.0,,,,,,,0.0001,,,,,,,,32943.554390694,,,,,,,,,,,,,,,,,1758590117.1612022,,,,,
,,,,,,,,,202160,23003136.0,,,,,,,,,,,,,,,33038.626402864,,,,,,,,,,,,,0.97113633,,,,1758590214.993876,,,,,
,,0.19057438,,,,,,,202638,23058432.0,,,,,,,,,,,,,,,33118.682910872,,,,,,,,,,,,,,,,,1758590294.3065555,,,,,
,,3.7029743,,,,,,,202800,23076864.0,,,,,,,,,,,,,,,33148.706808019,,,,,,,,,,,,,,,,,1758590320.8456924,,,,,
,,,,,,,,,203228,23126016.0,,,,0.0,,,,,,,,,,,33218.755545397,,,,,,,,,,,,,,,,,1758590391.6858869,,,,,
,,,,,,,,,203559,23162880.0,,,,,,,,,,,,,,,33268.792177681,,,,,,,,,,,696.0,,,,,,1758590445.2081506,,,,,
,,,,,,,,,203653,23173120.0,-22.538822,,,,,,,,,,,,,,33283.802344056,,,,,,,,,,,,,,,,,1758590459.994214,,,,,
,,,,,,,,,203729,23181312.0,,,,,,,,,,,,,,,33298.814034587,,,,,,,,,,,,,,,,,1758590472.005075,,,,,-0.0068024504
,,,,,,,,,204050,23218176.0,,,,,,,,,,,,,,,33348.845368266,,,,,,,,,,,,,0.87324345,,,,1758590525.3973253,,,,,
,,,,,,,,,204311,23248896.0,,,,,,,,,,,,,,,33393.874534829,,,,,,,,,,,,-0.004337696,,,,,1758590569.840357,,,,,
,,,,,,,,,204317,23248896.0,,,,,,,,,,,,,,,33393.87468743,,0.0038248699,,,,,,,,,,,,,,,1758590569.840406,,,,,
,,1.0753808,,,,,,,204456,23265280.0,,,,,,,,,,,,,,,33418.892588788,,,,,,,,,,,,,,,,,1758590593.3709588,,,,,
,,,,,,,,,204469,23265280.0,,,,,,,,0.091470905,,,,,,,33418.892918448,,,,,,,,,,,,,,,,,1758590593.376666,,,,,
,,,,,,,4.1830864,,204486,23267328.0,,,,,,,,,,,,,,,33423.897545295,,,,,,,,,,,,,,,,,1758590596.307328,,,,,
,,,,,,,,,205207,23349248.0,,,,,,,,0.0013689836,,,,,,,33538.972743567,,,,,,,,,,,,,,,,,1758590715.4790952,,,,,
,,,,,,,,,205648,23400448.0,,,,,,,,,,,,,,,33614.028757698,,,,,,,,,,,,,,,0.00403938,,1758590789.8021102,,,,,
,,,,,,,,,205843,23422976.0,,,,,,,,,,,,,,,33649.050699696,,,,,,,,,,,,,,,,1000.0,1758590822.4021473,,,,,
,,,,,,,,,205865,23425024.0,,,,,,,,,,,,,,,33649.05124168,,0.0054117837,,,,,,,,,,,,,,,1758590825.3990116,,,,,
,,,,,,,,,206794,23531520.0,,,,,,,,,,,,,,,33804.166003073,,,,,,0.06119397,,,,,,,,,,,1758590979.628788,,,,,
,,,,,,,,,207065,23562240.0,,,,,,,,,,,,,,,33849.196419293,,,,,,,,,,,,0.0019564608,,,,,1758591024.0246546,,,,,
,,,,,,,,,207507,23611392.0,,,,,,,0.0001,,,,,,,,33919.251380445,,,,,,,,,,,,,,,,,1758591095.6673903,,,,,
,,,,,,,,,208311,23703552.0,,,,,,,,,,,,,,,34054.338985586,,,,,,,,,,,696.0,,,,,,1758591229.5966551,,,,,
,,,,,,,,,208577,23734272.0,,,,,,,,,,,,,,,34099.371011751,,,,,,,,,,,,-0.00063430157,,,,,1758591274.2602456,,,,,
,,,,,,,,,208617,23738368.0,,,,,,,,,,,,,,,34104.375107511,,,,,,,,,,,696.0,,,,,,1758591280.230777,,,,,
,,,,,,,,,208643,23740416.0,,,,,,,,,,,,,,,34109.379416055,,,,,,,,,,,,,,,,,1758591283.2534118,,,,,-0.0062576714
,,,,,,,,,208731,23750656.0,,,,,,,0.0001,,,,,,,,34124.388459104,,,,,,,,,,,,,,,,,1758591298.116772,,,,,
,,,,,,,,,208882,23769088.0,,,,,,,,,,,,,,,34149.406541249,,,,,,0.9176102,,,,,,,,,,,1758591324.7959204,,,,,
,,,,,,,,,209981,23894016.0,,,,,,,,,,,,,,,34329.536271045,,,,,,,,,,,,0.41043586,,,,,1758591505.7658637,,,,,
,,,,,,,,,210154,23912448.0,,,,,,,,,,,,,,,34359.557819981,,,,,,,,,,,,,,,,,1758591532.2463014,,-0.11257456,,,
,,,,,,,,,210259,23924736.0,-23.01596,,,,,,,,,,,,,,34374.569083724,,,,,,,,,,,,,,,,,1758591550.0762472,,,,,
,,,,,,,4.4165435,,210264,23924736.0,,,,,,,,,,,,,,,34374.569220767,,,,,,,,,,,,,,,,,1758591550.0805702,,,,,
,,,,,,,,,212112,24135680.0,,,,,,0.15,,,,,,,,,34679.779061789,,,,,,,,,,,,,,,,,1758591854.4992661,,,,,
,,7.3918905,,,,,,,212160,24141824.0,,,,,,,,,,,,,,,34689.786346975,,,,,,,,,,,,,,,,,1758591863.3493795,,,,,
,,,,,,,,,212400,24168448.0,,,,,,0.15,,,,,,,,,34729.813191873,,,,,,,,,,,,,,,,,1758591901.9073436,,,,,
,,0.6282997,,,,,,,212502,24180736.0,,,,,,,,,,,,,,,34744.82516793,,,,,,,,,,,,,,,,,1758591919.6695385,,,,,
,,,,,,,,,212522,24182784.0,,,,,,,,,,,,,,,34749.826477307,,,,,54251.293,,,,,,,,,,,,1758591922.6174548,,,,,
,,,,,,,,,213070,24244224.0,,,,,,,,,,,,,,,34834.888111518,,,,,,,,,,,,,,,,,1758592010.7909813,,-0.10008794,,,
,,,,,,,,,213493,24293376.0,,,,,,,,,,,,,,,34909.932072005,,,,,,,,,,,,,,,,1000.0,1758592082.0221174,,,,,
,,,,,,,,,214535,24412160.0,,,,,,,,,,,,,,,35080.060119927,,,,,,,,,,,,-1.792578e-05,,,,,1758592254.2791388,,,,,
,,,,,,,,,214869,24449024.0,,,,,,,0.0001,,,,,,,,35135.100264528,,,,,,,,,,,,,,,,,1758592307.8630533,,,,,
,,,,,,,,,215367,24506368.0,,,,,,,,,,,,,,,35215.163413472,,,,,,,,,,,696.0,,,,,,1758592390.8793108,,,,,
,,,,,,,,,215481,24518656.0,,,,,,,0.0001,,,,,,,,35235.17667885,,,,,,,,,,,,,,,,,1758592408.5261497,,,,,
,,,,,,,,,215831,24559616.0,,,,,,,,,,,,,,,35295.220795898,,,,,,,,,,,,-0.004454762,,,,,1758592468.066186,,,,,
,,,,,,,,,216739,24662016.0,-23.375456,,,,,,,,,,,,,,35440.32661933,,,,,,,,,,,,,,,,,1758592616.2416704,,,,,
,,,,,,,,,217231,24717312.0,,,,,,,,0.039123915,,,,,,,35520.38219698,,,,,,,,,,,,,,,,,1758592695.9121377,,,,,
,,,,,,,,,218080,24815616.0,,,,,,,,,,,,,,,35665.480149424,,,,,,1.0016217,,,,,,,,,,,1758592838.8641572,,,,,
,,,,,,,,,218960,24915968.0,,,,0.0,,,,,,,,,,,35810.581856138,,,,,,,,,,,,,,,,,1758592983.7822657,,,,,
,,,,,,,,,219165,24938496.0,,,,,,,,,,,,,,,35840.602099803,,,,,,,,,,,695.0,,,,,,1758593016.9155362,,,,,
,,,,,,,,,219261,24948736.0,,,,,,,0.0001,,,,,,,,35855.610695757,,,,,,,,,,,,,,,,,1758593031.8820221,,,,,
,,0.5354009,,,,,,,220764,25120768.0,,,,,,,,,,,,,,,36105.789749363,,,,,,,,,,,,,,,,,1758593281.6927636,,,,,
,,,,,,,,,221195,25169920.0,,,,,,,,,,,,,,,36180.850112128,,,,,,,,,,,,-0.0030853173,,,,,1758593353.3250704,,,,,
,,,,,,,,,221210,25171968.0,,,,0.0,,,,,,,,,,,36180.850507061,,,,,,,,,,,,,,,,,1758593356.3291333,,,,,
,,,,,,,,,221759,25233408.0,,,,,,,,,,,,,,,36270.913423617,,0.0064290366,,,,,,,,,,,,,,,1758593445.7334363,,,,,
,,,,,,,,,221917,25251840.0,,,,,,,,,,,,,,,36295.931458836,,,,,,,,,,,,,,,,1000.0,1758593472.5093625,,,,,
,,,,,,,,,222014,25262080.0,,,,,,,,,,,,,,,36310.941057191,,,,,,,,,,,,,-0.1733998,,,,1758593487.4282525,,,,,
,,,,,,,,,222028,25264128.0,,,,,,,,,,,,,,,36315.944513401,,,,,,,,,,,,,,,0.0022567413,,1758593490.4019814,,,,,
,,,,,,,,,222404,25307136.0,,,,,,,,,,,,,,,36375.9877344,,,,,916.8569,,,,,,,,,,,,1758593552.69223,,,,,
,,,,,,,,,223225,25399296.0,,,,,,,,0.021998808,,,,,,,36511.077146318,,,,,,,,,,,,,,,,,1758593685.7044883,,,,,
,,,,,,,,,223256,25403392.0,,,,,,,,,,,,,,,36516.079955274,,,,,,,,,,,,,0.86117125,,,,1758593691.6396253,,,,,
,,,,,,,,,223264,25405440.0,,,,,,,,,,,,,,,36521.083163621,,,,,,0.33072802,,,,,,,,,,,1758593694.5996761,,,,,
,,,,,,,,,223724,25456640.0,,,,,,,,,,,,,,,36596.129862925,,,,,,,,,,,,,0.8231832,,,,1758593768.7154284,,,,,
,,,,,,,,,224074,25497600.0,,,,,,,,,,,,,,,36656.173358864,,,,,,3.5228837,,,,,,,,,,,1758593828.2261055,,,,,
,,,,,,,,,224435,25538560.0,,,,,,,,,,,,,,,36711.210400279,,,,,,,,,,,,0.12838325,,,,,1758593887.2760808,,,,,
,,,,,,,,,224575,25552896.0,,,,,,,,0.0029625106,,,,,,,36731.226881166,,,,,,,,,,,,,,,,,1758593908.0018182,,,,,
,,,,,,,,,224823,25581568.0,,,,,,,0.0001,,,,,,,,36776.257319923,,,,,,,,,,,,,,,,,1758593949.6792948,,,,,
,,,,,,,,,224827,25581568.0,,,,,,,,0.0021575761,,,,,,,36776.257415477,,,,,,,,,,,,,,,,,1758593949.6821818,,,,,
,,,,,,,,,224975,25600000.0,,,,,,,,,,,,,,,36801.277856603,,,,,,,,,,,,3.6688344,,,,,1758593976.2040973,,,,,
,,,,,,,,,225741,25686016.0,,,,,,,0.0001,,,,,,,,36926.362339727,,,,,,,,,,,,,,,,,1758594100.2501607,,,,,
,,,,,,,,,226224,25741312.0,,,,,,0.15,,,,,,,,,37006.418059329,,,,,,,,,,,,,,,,,1758594180.4425871,,,,,
,,,,,,,,,226255,25745408.0,,,,,,,,,,,,,,,37011.4208969,,,,,,,,,,,,,,,,1000.0,1758594186.4103239,,,,,
,,,,,,,,,226613,25786368.0,,,,,,,,,,,,,,,37071.465473526,,,,,,,,,,,,-0.008116422,,,,,1758594245.5434384,,,,,
,,,,,,,,,226782,25804800.0,,,,,,0.15,,,,,,,,,37096.587334285,,,,,,,,,,,,,,,,,1758594272.0827785,,,,,
,,,,,,,,,228287,25976832.0,,,,,,,,,,,,,,,37346.67006993,,,,,,,,,,,,-0.09446054,,,,,1758594521.0569508,,,,,
,,,,,,,,,229681,26134528.0,-24.226192,,,,,,,,,,,,,,37576.833746676,,,,,,,,,,,,,,,,,1758594749.0712116,,,,,
,,0.24872075,,,,,,,230196,26193920.0,,,,,,,,,,,,,,,37661.891170631,,,,,,,,,,,,,,,,,1758594834.7328985,,,,,
,,,,,,,,,231390,26329088.0,,,,,,0.15,,,,,,,,,37857.036901085,,,,,,,,,,,,,,,,,1758595030.376026,,,,,
,,,,,,,,,231750,26370048.0,,,,,,0.15,,,,,,,,,37917.082291675,,,,,,,,,,,,,,,,,1758595089.6947253,,,,,
,,,,,,,,,231847,26380288.0,,,,,,,,0.012561057,,,,,,,37932.092143082,,,,,,,,,,,,,,,,,1758595104.5448694,,,,,
,,,,,,,,,231967,26394624.0,-24.364998,,,,,,,,,,,,,,37952.104859358,,,,,,,,,,,,,,,,,1758595125.2285542,,,,,
,,,,,,,,,232629,26470400.0,,,,,,,,,,,,,,,38062.18411155,,,,,,,,,,,695.0,,,,,,1758595235.1068501,,,,,
,,1.2250357,,,,,,,232752,26484736.0,,,,,,,,,,,,,,,38082.197333858,,,,,,,,,,,,,,,,,1758595255.9106843,,,,,
,,,,,,,,,233564,26576896.0,,,,,,,,,,,,,,,38217.292647629,,,,,28246.973,,,,,,,,,,,,1758595389.3610115,,,,,
,,,,,,,,,233819,26605568.0,,,,,,,,,,,,,,,38257.31979284,,0.0032145183,,,,,,,,,,,,,,,1758595430.8786123,,,,,
,,,,,,,,,234525,26685440.0,,,,,,,0.0001,,,,,,,,38372.402980932,,,,,,,,,,,,,,,,,1758595546.6332488,,,,,
,,,,,,,,,234939,26732544.0,,,,,,,0.0001,,,,,,,,38442.452360794,,,,,,,,,,,,,,,,,1758595614.8250387,,,,,
,,,,,,,,,235368,26781696.0,,,,,,0.15,,,,,,,,,38512.505313282,,,,,,,,,,,,,,,,,1758595685.8397682,,,,,
,,,,,,,,,235427,26787840.0,,,,,,,,,,,,,,,38522.513025119,,,,,,,,,,,,,,,,,1758595694.802546,,,,,-0.004636601
,,,,,,,,,235651,26814464.0,,,,,,,,,,,,,,,38557.538456972,,,,,,,,,,,,,,,,1000.0,1758595733.5046146,,,,,
,,,,,,,,,235730,26822656.0,,,,,,,,,,,,,,,38572.548111556,,,,,,,,,,,,,0.37958622,,,,1758595745.3729486,,,,,
,,,,,,,,,236483,26908672.0,,,,,,,,,,,,,,,38697.637430728,,0.0013020834,,,,,,,,,,,,,,,1758595869.645924,,,,,
,,,,,,,,,236702,26933248.0,,,,,,,,,,,,,,,38732.660777239,,,,,,,,,,,,,0.91147953,,,,1758595905.2749963,,,,,
,,,,,,,5.456845,,237714,27047936.0,,,,,,,,,,,,,,,38897.779778106,,,,,,,,,,,,,,,,,1758596070.8296428,,,,,
,,,,,,,,,238636,27154432.0,,,,,,,,,,,,,,,39052.887721842,,,,,,2.5854068,,,,,,,,,,,1758596224.9694715,,,,,
,,,,,,,,,239065,27201536.0,,,,,,,,0.0073159114,,,,,,,39117.936345065,,,,,,,,,,,,,,,,,1758596293.1562471,,,,,
,,,,,,,,,239803,27285504.0,,,,,,,,0.00022408352,,,,,,,39238.029589975,,,,,,,,,,,,,,,,,1758596414.359155,,,,,
,,,,,,,,,240046,27314176.0,,,,,,,,,,,,,,,39283.061389655,,,,,,,,,,,,,,,0.0018301248,,1758596455.921583,,,,,
,,,,,,,5.6268983,,241206,27445248.0,,,,,,,,,,,,,,,39473.199911619,,,,,,,,,,,,,,,,,1758596645.9723282,,,,,
,,,,,,,,,241504,27480064.0,,,,,,,,,,,,,,,39523.237616324,,,,,,,,,,,,,,,0.0008219127,,1758596696.5131814,,,,,
,,,,,,,5.6562357,,241656,27496448.0,,,,,,,,,,,,,,,39548.252241065,,,,,,,,,,,,,,,,,1758596720.292847,,,,,
,,,,,,,5.6976047,,242268,27566080.0,,,,,,,,,,,,,,,39648.317959762,,,,,,,,,,,,,,,,,1758596821.3602252,,,,,
,,,,,,,5.7194095,,242718,27617280.0,,,,,,,,,,,,,,,39723.373077945,,,,,,,,,,,,,,,,,1758596895.4880905,,,,,
,,,,,,,,,244491,27820032.0,,,,,,,,,,,,,,,40013.592046871,,,,,,,,,,,695.0,,,,,,1758597188.3657653,,,,,
,,,,,,,,,244575,27830272.0,,,,,,,,,,,,,,,40028.601547988,0.064242356,,,,,,,,,,,,,,,,1758597203.2169285,,,,,
,,,,,,,,,245612,27947008.0,,,,,,,,,,,,,,,40198.715357616,,,,,,,,,,,,,0.72067845,,,,1758597372.2354608,,,,,
,,,,,,,,,247212,28129280.0,,,,,,0.15,,,,,,,,,40463.898221711,,,,,,,,,,,,,,,,,1758597636.124764,,,,,
,,,,,,,,,247255,28133376.0,,,,,,,,0.019251285,,,,,,,40468.901122729,,,,,,,,,,,,,,,,,1758597642.0927942,,,,,
,,,,,,,,,247334,28143616.0,,,,,,,,,,,,,,,40483.911500603,,,,,34241.637,,,,,,,,,,,,1758597656.9847558,,,,,
,,,,,,,,,248950,28327936.0,,,,,,,,,,,,,,,40749.092170992,,,,,,0.49112144,,,,,,,,,,,1758597923.4567492,,,,,
,,,,,,,,,250401,28491776.0,,,,,,,0.0001,,,,,,,,40984.261089856,,,,,,,,,,,,,,,,,1758598160.1982486,,,,,
,,,,,,,,,250971,28557312.0,,,,,,,,,,,,,,,41079.324876101,,,,,,,,,,,695.0,,,,,,1758598255.0249822,,,,,
,,,,,,,,,251493,28616704.0,,,,,,,,,,,,,,,41164.382559203,,,,,,,,,,,695.0,,,,,,1758598340.6445189,,,,,
,,,,,,,,,252389,28719104.0,,,,,,,,,,,,,,,41314.48599014,,,,,,,,,,,,-0.004952992,,,,,1758598488.4396236,,,,,
,,,,,,,,,253202,28811264.0,,,,,,,,,,,,,,,41449.574388556,,,,,7694.8467,,,,,,,,,,,,1758598621.8836017,,,,,
,,,,,,,,,253393,28831744.0,,,,,,,,0.0033135584,,,,,,,41479.593890827,,,,,,,,,,,,,,,,,1758598651.6429932,,,,,
,,,,,,,,,253621,28858368.0,-25.907866,,,,,,,,,,,,,,41514.617699722,,,,,,,,,,,,,,,,,1758598690.0127594,,,,,
,,,,,,,,,255185,29036544.0,,,,,,,,,,,,,,,41774.798507719,,0.0014648438,,,,,,,,,,,,,,,1758598948.1214986,,,,,
,,,,,,,,,260521,29642752.0,,,,,,,,0.030884879,,,,,,,42650.454962807,,,,,,,,,,,,,,,,,1758599823.403976,,,,,
,,,,,,,,,260609,29652992.0,,,,,,,,,,,,,,,42665.466021598,,,,,,,,,,,,,,,,,1758599838.2620769,,,,,-0.0042770775
,,,,,,,,,262207,29835264.0,-26.463902,,,,,,,,,,,,,,42925.653730772,,,,,,,,,,,,,,,,,1758600100.8078349,,,,,
,,,,,,,,,262223,29837312.0,,,,,,,,,,,,,,,42930.656673605,,0.005004883,,,,,,,,,,,,,,,1758600103.7805781,,,,,
,,,,,,,,,262699,29890560.0,,,,,,,,0.0037743042,,,,,,,43005.718815054,,,,,,,,,,,,,,,,,1758600180.537567,,,,,
,,0.1814857,,,,,,,263190,29947904.0,,,,,,,,,,,,,,,43090.777707645,,,,,,,,,,,,,,,,,1758600263.2504387,,,,,
,,,,,,,,,263252,29954048.0,,,,,,,,,,,,,,,43095.781147733,,,,,,,,,,,,,-2.663647,,,,1758600272.1125834,,,,,
,,,,,,,,,263708,30007296.0,,,,0.0,,,,,,,,,,,43175.841200649,,,,,,,,,,,,,,,,,1758600349.185186,,,,,
,,,,,,,,,264366,30081024.0,,,,,,0.15,,,,,,,,,43280.920097527,,,,,,,,,,,,,,,,,1758600455.2970495,,,,,
,,,,,,,,,264463,30091264.0,,,,,,,,0.0024310732,,,,,,,43295.930895883,,,,,,,,,,,,,,,,,1758600470.1410983,,,,,
,,,,,,,,,265291,30185472.0,,,,,,,,0.0007936872,,,,,,,43431.026235787,,,,,,,,,,,,,,,,,1758600606.3232443,,,,,
,,,,,,,,,265457,30205952.0,,,,,,,,,,,,,,,43461.048570089,,,,,,,,,,,,-0.008256637,,,,,1758600635.7144125,,,,,
,,,,,,,6.914953,,265632,30224384.0,,,,,,,,,,,,,,,43486.069826934,,,,,,,,,,,,,,,,,1758600662.1661212,,,,,
,,,,,,,6.948556,,266244,30294016.0,,,,,,,,,,,,,,,43586.143460128,,,,,,,,,,,,,,,,,1758600761.5406246,,,,,
,,,,,,,,,266663,30343168.0,,,,,,,,,,,,,,,43656.194314316,,,,,,,,,,,,-0.0057333773,,,,,1758600832.351813,,,,,
,,,,,,,,,266669,30343168.0,,,,,,,,,,,,,,,43656.194554298,,0.0009765625,,,,,,,,,,,,,,,1758600832.3518648,,,,,
,,,,,,,,,266699,30347264.0,,,,,,,,,,,,,,,43666.202156283,,,,,,,,,,,,0.0041275835,,,,,1758600838.2852898,,,,,
,,,,,,,,,267314,30416896.0,,,,,,,,,,,,,,,43766.270074035,,,,,-6796.1235,,,,,,,,,,,,1758600939.3693988,,,,,
,,,,,,,,,267813,30474240.0,,,,,,,,,,,,,,,43846.331286871,0.06427538,,,,,,,,,,,,,,,,1758601022.6822352,,,,,
,,,,,,,,,267963,30490624.0,,,,,,,,,,,,,,,43871.34938375,,,,,,,,,,,695.0,,,,,,1758601046.6665683,,,,,
,,,,,,,,,268049,30500864.0,,,,,,,,,,,,,,,43886.361647857,,,,,,,,,,,,0.02194124,,,,,1758601061.6893387,,,,,
,,,,,,,,,268604,30564352.0,,,,0.0,,,,,,,,,,,43981.429917418,,,,,,,,,,,,,,,,,1758601153.7841454,,,,,
,,,,,,,,,269615,30679040.0,,,,,,,,,,,,,,,44146.556390902,,,,,,,,,,,,-0.01275158,,,,,1758601318.802814,,,,,
,,-0.093810804,,,,,,,270282,30754816.0,,,,,,,,,,,,,,,44251.82451698,,,,,,,,,,,,,,,,,1758601428.4050608,,,,,
,,,,,,,,,270383,30765056.0,,,,,,,,,,,,,,,44266.800107833,,,,,,,,,,,,,,,,,1758601443.1743174,,,,,-0.004622654
,,-0.049114123,,,,,,,270984,30834688.0,,,,,,,,,,,,,,,44371.725689231,,,,,,,,,,,,,,,,,1758601544.4389973,,,,,
,,,,,,,,,273260,31092736.0,,,,,,,,,,,,,,,44742.001978981,,,,,,,,,,,,,0.95644325,,,,1758601916.2445304,,,,,
,,,,,,,,,274001,31176704.0,,,,,,,,,,,,,,,44862.090598684,,,,,,,,,,,,,,,,,1758602037.0579476,,,,,-0.0025046095
,,,,,,,,,274061,31184896.0,,,,,,,,,,,,,,,44872.09890768,,,,,,,,,,,,-0.005433661,,,,,1758602048.9722788,,,,,
,,0.058066502,,,,,,,274512,31236096.0,,,,,,,,,,,,,,,44947.152058246,,,,,,,,,,,,,,,,,1758602122.91785,,,,,
,,,,,,,,,275079,31299584.0,,,,,,,0.0001,,,,,,,,45042.223856146,,,,,,,,,,,,,,,,,1758602214.7849567,,,,,
,,,,,,,,,275315,31326208.0,,,,,,,,,,,,,,,45077.249887657,,,,,,,,,,,,,,,,,1758602253.48276,,,,,-0.0024641275
,,,,,,,,,275503,31348736.0,,,,,,,,,,,,,,,45112.27671979,,,,,,,,,,,,,,,,1000.0,1758602286.0710728,,,,,
,,,,,,,,,275615,31361024.0,,,,,,,,,,,,,,,45127.288644289,,0.0005289714,,,,,,,,,,,,,,,1758602303.9957752,,,,,
,,,,,,,,,278658,31707136.0,,,,,,0.15,,,,,,,,,45627.65947691,,,,,,,,,,,,,,,,,1758602803.7660935,,,,,
,,,,,,,,,279054,31752192.0,,,,,,0.15,,,,,,,,,45692.709719316,,,,,,,,,,,,,,,,,1758602869.264377,,,,,
,,,,,,,,,279227,31772672.0,,,,,,,,,,,,,,,45722.73229527,,,,,,,,,,,,0.00063410454,,,,,1758602898.925031,,,,,
,,,,,,,,,279652,31819776.0,,,,,,,,,,,,,,,45792.785145316,,,,,,,,,,,,,,,,,1758602967.242937,,-0.1454132,,,
,,,,,,,,,280490,31916032.0,,,,,,,,,,,,,,,45932.888790567,,,,,2664.5588,,,,,,,,,,,,1758603106.6592147,,,,,
